[debug] [2026-03-12T16:37:09.858Z] [Firebase Plugin] Activating Firebase extension.
[debug] [2026-03-12T16:37:10.896Z] [Firebase Plugin] requireAuthWrapper
[debug] [2026-03-12T16:37:10.897Z] > command requires scopes: ["email","openid","https://www.googleapis.com/auth/cloudplatformprojects.readonly","https://www.googleapis.com/auth/firebase","https://www.googleapis.com/auth/cloud-platform"]
[debug] [2026-03-12T16:37:10.897Z] > authorizing via signed-in user (andrew@autoknerd.com)
[debug] [2026-03-12T16:37:10.898Z] Checked if tokens are valid: false, expires at: 1771973638946
[debug] [2026-03-12T16:37:10.898Z] Checked if tokens are valid: false, expires at: 1771973638946
[debug] [2026-03-12T16:37:10.898Z] > refreshing access token with scopes: []
[debug] [2026-03-12T16:37:10.899Z] >>> [apiv2][query] POST https://www.googleapis.com/oauth2/v3/token [none]
[debug] [2026-03-12T16:37:10.899Z] >>> [apiv2][body] POST https://www.googleapis.com/oauth2/v3/token [omitted]
[info] [Firebase Plugin] Starting Data Connect toolkit (version 3.2.1) on port 50001
[info] i  dataconnect: downloading dataconnect-emulator-3.2.1... {"metadata":{"emulator":{"name":"dataconnect"},"message":"downloading dataconnect-emulator-3.2.1..."}}
[debug] [2026-03-12T16:37:10.992Z] >>> [apiv2][query] GET https://storage.googleapis.com/firemat-preview-drop/emulator/dataconnect-emulator-macos-arm64-v3.2.1 
[debug] [2026-03-12T16:37:11.121Z] <<< [apiv2][status] POST https://www.googleapis.com/oauth2/v3/token 400
[debug] [2026-03-12T16:37:11.122Z] <<< [apiv2][body] POST https://www.googleapis.com/oauth2/v3/token [omitted]
[error] Authentication Error: Your credentials are no longer valid. Please run firebase login --reauth

For CI servers and headless environments, generate a new token with firebase login:ci
[error] Authentication Error: Your credentials are no longer valid. Please run firebase login --reauth

For CI servers and headless environments, generate a new token with firebase login:ci
[error] [Firebase Plugin] requireAuth error: Authentication Error: Your credentials are no longer valid. Please run firebase login --reauth

For CI servers and headless environments, generate a new token with firebase login:ci
[debug] [2026-03-12T16:37:11.261Z] <<< [apiv2][status] GET https://storage.googleapis.com/firemat-preview-drop/emulator/dataconnect-emulator-macos-arm64-v3.2.1 200
[debug] [2026-03-12T16:37:11.261Z] <<< [apiv2][body] GET https://storage.googleapis.com/firemat-preview-drop/emulator/dataconnect-emulator-macos-arm64-v3.2.1 [stream]
[info] i  dataconnect: Removing outdated emulator files: dataconnect-emulator-3.1.4 {"metadata":{"emulator":{"name":"dataconnect"},"message":"Removing outdated emulator files: dataconnect-emulator-3.1.4"}}
[debug] [2026-03-12T16:37:12.902Z] 'fdc build' failed with error: Unable to build your Data Connect schema and connectors (exit code 1): E0312 12:37:12.901373   57202 cmd.go:43] Error loading data connect config: could not find dataconnect.yaml in `/Users/autoknerd/Desktop/autodrive-dev/dataconnect`
 {"metadata":{"emulator":{"name":"dataconnect"},"message":"'fdc build' failed with error: Unable to build your Data Connect schema and connectors (exit code 1): E0312 12:37:12.901373   57202 cmd.go:43] Error loading data connect config: could not find dataconnect.yaml in `/Users/autoknerd/Desktop/autodrive-dev/dataconnect`\n"}}
[debug] [2026-03-12T16:37:12.903Z] Ignoring unsupported arg: auto_download {"metadata":{"emulator":{"name":"dataconnect"},"message":"Ignoring unsupported arg: auto_download"}}
[debug] [2026-03-12T16:37:12.903Z] Ignoring unsupported arg: port {"metadata":{"emulator":{"name":"dataconnect"},"message":"Ignoring unsupported arg: port"}}
[debug] [2026-03-12T16:37:12.903Z] Starting Data Connect Emulator with command {"binary":"/Users/autoknerd/.cache/firebase/emulators/dataconnect-emulator-3.2.1","args":["--logtostderr","-v=2","dev","--listen=localhost:50001","--config_dir=/Users/autoknerd/Desktop/autodrive-dev/dataconnect","--enable_output_schema_extensions=true","--enable_output_generated_sdk=true"],"optionalArgs":["listen","config_dir","enable_output_schema_extensions","enable_output_generated_sdk"],"joinArgs":true,"shell":false,"port":9399} {"metadata":{"emulator":{"name":"dataconnect"},"message":"Starting Data Connect Emulator with command {\"binary\":\"/Users/autoknerd/.cache/firebase/emulators/dataconnect-emulator-3.2.1\",\"args\":[\"--logtostderr\",\"-v=2\",\"dev\",\"--listen=localhost:50001\",\"--config_dir=/Users/autoknerd/Desktop/autodrive-dev/dataconnect\",\"--enable_output_schema_extensions=true\",\"--enable_output_generated_sdk=true\"],\"optionalArgs\":[\"listen\",\"config_dir\",\"enable_output_schema_extensions\",\"enable_output_generated_sdk\"],\"joinArgs\":true,\"shell\":false,\"port\":9399}"}}
[info] i  dataconnect: Data Connect Emulator logging to dataconnect-debug.log {"metadata":{"emulator":{"name":"dataconnect"},"message":"Data Connect Emulator logging to dataconnect-debug.log"}}
[debug] [2026-03-12T16:37:12.916Z] E0312 12:37:12.915871   57206 dev.go:83] Failed to load initial config from "/Users/autoknerd/Desktop/autodrive-dev/dataconnect": could not find dataconnect.yaml in `/Users/autoknerd/Desktop/autodrive-dev/dataconnect`
 {"metadata":{"emulator":{"name":"dataconnect"},"message":"E0312 12:37:12.915871   57206 dev.go:83] Failed to load initial config from \"/Users/autoknerd/Desktop/autodrive-dev/dataconnect\": could not find dataconnect.yaml in `/Users/autoknerd/Desktop/autodrive-dev/dataconnect`\n"}}
[debug] [2026-03-12T16:37:12.916Z] E0312 12:37:12.916336   57206 watch.go:116] watchAllDir unable to walk dir `/Users/autoknerd/Desktop/autodrive-dev/dataconnect`: lstat /Users/autoknerd/Desktop/autodrive-dev/dataconnect: no such file or directory
 {"metadata":{"emulator":{"name":"dataconnect"},"message":"E0312 12:37:12.916336   57206 watch.go:116] watchAllDir unable to walk dir `/Users/autoknerd/Desktop/autodrive-dev/dataconnect`: lstat /Users/autoknerd/Desktop/autodrive-dev/dataconnect: no such file or directory\n"}}
[debug] [2026-03-12T16:37:12.917Z] I0312 12:37:12.917099   57206 dev.go:104] Listening on address (HTTP + gRPC): 127.0.0.1:50001
 {"metadata":{"emulator":{"name":"dataconnect"},"message":"I0312 12:37:12.917099   57206 dev.go:104] Listening on address (HTTP + gRPC): 127.0.0.1:50001\n"}}
[error] [Firebase Plugin] error:  {}
[debug] [2026-03-12T16:37:22.917Z] E0312 12:37:22.917201   57206 watch.go:40] Failed to load config from "/Users/autoknerd/Desktop/autodrive-dev/dataconnect": could not find dataconnect.yaml in `/Users/autoknerd/Desktop/autodrive-dev/dataconnect`
 {"metadata":{"emulator":{"name":"dataconnect"},"message":"E0312 12:37:22.917201   57206 watch.go:40] Failed to load config from \"/Users/autoknerd/Desktop/autodrive-dev/dataconnect\": could not find dataconnect.yaml in `/Users/autoknerd/Desktop/autodrive-dev/dataconnect`\n"}}
[debug] [2026-03-12T16:37:32.917Z] E0312 12:37:32.917522   57206 watch.go:40] Failed to load config from "/Users/autoknerd/Desktop/autodrive-dev/dataconnect": could not find dataconnect.yaml in `/Users/autoknerd/Desktop/autodrive-dev/dataconnect`
 {"metadata":{"emulator":{"name":"dataconnect"},"message":"E0312 12:37:32.917522   57206 watch.go:40] Failed to load config from \"/Users/autoknerd/Desktop/autodrive-dev/dataconnect\": could not find dataconnect.yaml in `/Users/autoknerd/Desktop/autodrive-dev/dataconnect`\n"}}
[debug] [2026-03-12T16:37:42.917Z] E0312 12:37:42.916779   57206 watch.go:40] Failed to load config from "/Users/autoknerd/Desktop/autodrive-dev/dataconnect": could not find dataconnect.yaml in `/Users/autoknerd/Desktop/autodrive-dev/dataconnect`
 {"metadata":{"emulator":{"name":"dataconnect"},"message":"E0312 12:37:42.916779   57206 watch.go:40] Failed to load config from \"/Users/autoknerd/Desktop/autodrive-dev/dataconnect\": could not find dataconnect.yaml in `/Users/autoknerd/Desktop/autodrive-dev/dataconnect`\n"}}
[debug] [2026-03-12T16:37:52.918Z] E0312 12:37:52.917916   57206 watch.go:40] Failed to load config from "/Users/autoknerd/Desktop/autodrive-dev/dataconnect": could not find dataconnect.yaml in `/Users/autoknerd/Desktop/autodrive-dev/dataconnect`
 {"metadata":{"emulator":{"name":"dataconnect"},"message":"E0312 12:37:52.917916   57206 watch.go:40] Failed to load config from \"/Users/autoknerd/Desktop/autodrive-dev/dataconnect\": could not find dataconnect.yaml in `/Users/autoknerd/Desktop/autodrive-dev/dataconnect`\n"}}
[debug] [2026-03-12T16:38:02.918Z] E0312 12:38:02.918318   57206 watch.go:40] Failed to load config from "/Users/autoknerd/Desktop/autodrive-dev/dataconnect": could not find dataconnect.yaml in `/Users/autoknerd/Desktop/autodrive-dev/dataconnect`
 {"metadata":{"emulator":{"name":"dataconnect"},"message":"E0312 12:38:02.918318   57206 watch.go:40] Failed to load config from \"/Users/autoknerd/Desktop/autodrive-dev/dataconnect\": could not find dataconnect.yaml in `/Users/autoknerd/Desktop/autodrive-dev/dataconnect`\n"}}
[debug] [2026-03-12T16:38:12.917Z] E0312 12:38:12.916995   57206 watch.go:40] Failed to load config from "/Users/autoknerd/Desktop/autodrive-dev/dataconnect": could not find dataconnect.yaml in `/Users/autoknerd/Desktop/autodrive-dev/dataconnect`
 {"metadata":{"emulator":{"name":"dataconnect"},"message":"E0312 12:38:12.916995   57206 watch.go:40] Failed to load config from \"/Users/autoknerd/Desktop/autodrive-dev/dataconnect\": could not find dataconnect.yaml in `/Users/autoknerd/Desktop/autodrive-dev/dataconnect`\n"}}
[debug] [2026-03-12T16:38:12.917Z] E0312 12:38:12.916991   57206 watch.go:116] watchAllDir unable to walk dir `/Users/autoknerd/Desktop/autodrive-dev/dataconnect`: lstat /Users/autoknerd/Desktop/autodrive-dev/dataconnect: no such file or directory
 {"metadata":{"emulator":{"name":"dataconnect"},"message":"E0312 12:38:12.916991   57206 watch.go:116] watchAllDir unable to walk dir `/Users/autoknerd/Desktop/autodrive-dev/dataconnect`: lstat /Users/autoknerd/Desktop/autodrive-dev/dataconnect: no such file or directory\n"}}
[debug] [2026-03-12T16:38:22.917Z] E0312 12:38:22.916975   57206 watch.go:40] Failed to load config from "/Users/autoknerd/Desktop/autodrive-dev/dataconnect": could not find dataconnect.yaml in `/Users/autoknerd/Desktop/autodrive-dev/dataconnect`
 {"metadata":{"emulator":{"name":"dataconnect"},"message":"E0312 12:38:22.916975   57206 watch.go:40] Failed to load config from \"/Users/autoknerd/Desktop/autodrive-dev/dataconnect\": could not find dataconnect.yaml in `/Users/autoknerd/Desktop/autodrive-dev/dataconnect`\n"}}
[debug] [2026-03-12T16:38:32.918Z] E0312 12:38:32.917833   57206 watch.go:40] Failed to load config from "/Users/autoknerd/Desktop/autodrive-dev/dataconnect": could not find dataconnect.yaml in `/Users/autoknerd/Desktop/autodrive-dev/dataconnect`
 {"metadata":{"emulator":{"name":"dataconnect"},"message":"E0312 12:38:32.917833   57206 watch.go:40] Failed to load config from \"/Users/autoknerd/Desktop/autodrive-dev/dataconnect\": could not find dataconnect.yaml in `/Users/autoknerd/Desktop/autodrive-dev/dataconnect`\n"}}
[debug] [2026-03-12T16:38:42.920Z] E0312 12:38:42.918826   57206 watch.go:40] Failed to load config from "/Users/autoknerd/Desktop/autodrive-dev/dataconnect": could not find dataconnect.yaml in `/Users/autoknerd/Desktop/autodrive-dev/dataconnect`
 {"metadata":{"emulator":{"name":"dataconnect"},"message":"E0312 12:38:42.918826   57206 watch.go:40] Failed to load config from \"/Users/autoknerd/Desktop/autodrive-dev/dataconnect\": could not find dataconnect.yaml in `/Users/autoknerd/Desktop/autodrive-dev/dataconnect`\n"}}
[debug] [2026-03-12T16:38:52.917Z] E0312 12:38:52.917257   57206 watch.go:40] Failed to load config from "/Users/autoknerd/Desktop/autodrive-dev/dataconnect": could not find dataconnect.yaml in `/Users/autoknerd/Desktop/autodrive-dev/dataconnect`
 {"metadata":{"emulator":{"name":"dataconnect"},"message":"E0312 12:38:52.917257   57206 watch.go:40] Failed to load config from \"/Users/autoknerd/Desktop/autodrive-dev/dataconnect\": could not find dataconnect.yaml in `/Users/autoknerd/Desktop/autodrive-dev/dataconnect`\n"}}
[debug] [2026-03-12T16:39:02.918Z] E0312 12:39:02.918120   57206 watch.go:40] Failed to load config from "/Users/autoknerd/Desktop/autodrive-dev/dataconnect": could not find dataconnect.yaml in `/Users/autoknerd/Desktop/autodrive-dev/dataconnect`
 {"metadata":{"emulator":{"name":"dataconnect"},"message":"E0312 12:39:02.918120   57206 watch.go:40] Failed to load config from \"/Users/autoknerd/Desktop/autodrive-dev/dataconnect\": could not find dataconnect.yaml in `/Users/autoknerd/Desktop/autodrive-dev/dataconnect`\n"}}
[debug] [2026-03-12T16:39:12.917Z] E0312 12:39:12.917367   57206 watch.go:40] Failed to load config from "/Users/autoknerd/Desktop/autodrive-dev/dataconnect": could not find dataconnect.yaml in `/Users/autoknerd/Desktop/autodrive-dev/dataconnect`
E0312 12:39:12.917365   57206 watch.go:116] watchAllDir unable to walk dir `/Users/autoknerd/Desktop/autodrive-dev/dataconnect`: lstat /Users/autoknerd/Desktop/autodrive-dev/dataconnect: no such file or directory
 {"metadata":{"emulator":{"name":"dataconnect"},"message":"E0312 12:39:12.917367   57206 watch.go:40] Failed to load config from \"/Users/autoknerd/Desktop/autodrive-dev/dataconnect\": could not find dataconnect.yaml in `/Users/autoknerd/Desktop/autodrive-dev/dataconnect`\nE0312 12:39:12.917365   57206 watch.go:116] watchAllDir unable to walk dir `/Users/autoknerd/Desktop/autodrive-dev/dataconnect`: lstat /Users/autoknerd/Desktop/autodrive-dev/dataconnect: no such file or directory\n"}}
[debug] [2026-03-12T16:39:22.918Z] E0312 12:39:22.918649   57206 watch.go:40] Failed to load config from "/Users/autoknerd/Desktop/autodrive-dev/dataconnect": could not find dataconnect.yaml in `/Users/autoknerd/Desktop/autodrive-dev/dataconnect`
 {"metadata":{"emulator":{"name":"dataconnect"},"message":"E0312 12:39:22.918649   57206 watch.go:40] Failed to load config from \"/Users/autoknerd/Desktop/autodrive-dev/dataconnect\": could not find dataconnect.yaml in `/Users/autoknerd/Desktop/autodrive-dev/dataconnect`\n"}}
[debug] [2026-03-12T16:39:32.918Z] E0312 12:39:32.917930   57206 watch.go:40] Failed to load config from "/Users/autoknerd/Desktop/autodrive-dev/dataconnect": could not find dataconnect.yaml in `/Users/autoknerd/Desktop/autodrive-dev/dataconnect`
 {"metadata":{"emulator":{"name":"dataconnect"},"message":"E0312 12:39:32.917930   57206 watch.go:40] Failed to load config from \"/Users/autoknerd/Desktop/autodrive-dev/dataconnect\": could not find dataconnect.yaml in `/Users/autoknerd/Desktop/autodrive-dev/dataconnect`\n"}}
[debug] [2026-03-12T16:39:42.918Z] E0312 12:39:42.917705   57206 watch.go:40] Failed to load config from "/Users/autoknerd/Desktop/autodrive-dev/dataconnect": could not find dataconnect.yaml in `/Users/autoknerd/Desktop/autodrive-dev/dataconnect`
 {"metadata":{"emulator":{"name":"dataconnect"},"message":"E0312 12:39:42.917705   57206 watch.go:40] Failed to load config from \"/Users/autoknerd/Desktop/autodrive-dev/dataconnect\": could not find dataconnect.yaml in `/Users/autoknerd/Desktop/autodrive-dev/dataconnect`\n"}}
[debug] [2026-03-12T16:39:52.917Z] E0312 12:39:52.917524   57206 watch.go:40] Failed to load config from "/Users/autoknerd/Desktop/autodrive-dev/dataconnect": could not find dataconnect.yaml in `/Users/autoknerd/Desktop/autodrive-dev/dataconnect`
 {"metadata":{"emulator":{"name":"dataconnect"},"message":"E0312 12:39:52.917524   57206 watch.go:40] Failed to load config from \"/Users/autoknerd/Desktop/autodrive-dev/dataconnect\": could not find dataconnect.yaml in `/Users/autoknerd/Desktop/autodrive-dev/dataconnect`\n"}}
[debug] [2026-03-12T16:40:02.917Z] E0312 12:40:02.917186   57206 watch.go:40] Failed to load config from "/Users/autoknerd/Desktop/autodrive-dev/dataconnect": could not find dataconnect.yaml in `/Users/autoknerd/Desktop/autodrive-dev/dataconnect`
 {"metadata":{"emulator":{"name":"dataconnect"},"message":"E0312 12:40:02.917186   57206 watch.go:40] Failed to load config from \"/Users/autoknerd/Desktop/autodrive-dev/dataconnect\": could not find dataconnect.yaml in `/Users/autoknerd/Desktop/autodrive-dev/dataconnect`\n"}}
[debug] [2026-03-12T16:40:12.917Z] E0312 12:40:12.917122   57206 watch.go:40] Failed to load config from "/Users/autoknerd/Desktop/autodrive-dev/dataconnect": could not find dataconnect.yaml in `/Users/autoknerd/Desktop/autodrive-dev/dataconnect`
 {"metadata":{"emulator":{"name":"dataconnect"},"message":"E0312 12:40:12.917122   57206 watch.go:40] Failed to load config from \"/Users/autoknerd/Desktop/autodrive-dev/dataconnect\": could not find dataconnect.yaml in `/Users/autoknerd/Desktop/autodrive-dev/dataconnect`\n"}}
[debug] [2026-03-12T16:40:12.918Z] E0312 12:40:12.917129   57206 watch.go:116] watchAllDir unable to walk dir `/Users/autoknerd/Desktop/autodrive-dev/dataconnect`: lstat /Users/autoknerd/Desktop/autodrive-dev/dataconnect: no such file or directory
 {"metadata":{"emulator":{"name":"dataconnect"},"message":"E0312 12:40:12.917129   57206 watch.go:116] watchAllDir unable to walk dir `/Users/autoknerd/Desktop/autodrive-dev/dataconnect`: lstat /Users/autoknerd/Desktop/autodrive-dev/dataconnect: no such file or directory\n"}}
[debug] [2026-03-12T16:40:22.918Z] E0312 12:40:22.917942   57206 watch.go:40] Failed to load config from "/Users/autoknerd/Desktop/autodrive-dev/dataconnect": could not find dataconnect.yaml in `/Users/autoknerd/Desktop/autodrive-dev/dataconnect`
 {"metadata":{"emulator":{"name":"dataconnect"},"message":"E0312 12:40:22.917942   57206 watch.go:40] Failed to load config from \"/Users/autoknerd/Desktop/autodrive-dev/dataconnect\": could not find dataconnect.yaml in `/Users/autoknerd/Desktop/autodrive-dev/dataconnect`\n"}}
[debug] [2026-03-12T16:40:32.918Z] E0312 12:40:32.917992   57206 watch.go:40] Failed to load config from "/Users/autoknerd/Desktop/autodrive-dev/dataconnect": could not find dataconnect.yaml in `/Users/autoknerd/Desktop/autodrive-dev/dataconnect`
 {"metadata":{"emulator":{"name":"dataconnect"},"message":"E0312 12:40:32.917992   57206 watch.go:40] Failed to load config from \"/Users/autoknerd/Desktop/autodrive-dev/dataconnect\": could not find dataconnect.yaml in `/Users/autoknerd/Desktop/autodrive-dev/dataconnect`\n"}}
[debug] [2026-03-12T16:40:42.917Z] E0312 12:40:42.917340   57206 watch.go:40] Failed to load config from "/Users/autoknerd/Desktop/autodrive-dev/dataconnect": could not find dataconnect.yaml in `/Users/autoknerd/Desktop/autodrive-dev/dataconnect`
 {"metadata":{"emulator":{"name":"dataconnect"},"message":"E0312 12:40:42.917340   57206 watch.go:40] Failed to load config from \"/Users/autoknerd/Desktop/autodrive-dev/dataconnect\": could not find dataconnect.yaml in `/Users/autoknerd/Desktop/autodrive-dev/dataconnect`\n"}}
[debug] [2026-03-12T16:40:52.918Z] E0312 12:40:52.918416   57206 watch.go:40] Failed to load config from "/Users/autoknerd/Desktop/autodrive-dev/dataconnect": could not find dataconnect.yaml in `/Users/autoknerd/Desktop/autodrive-dev/dataconnect`
 {"metadata":{"emulator":{"name":"dataconnect"},"message":"E0312 12:40:52.918416   57206 watch.go:40] Failed to load config from \"/Users/autoknerd/Desktop/autodrive-dev/dataconnect\": could not find dataconnect.yaml in `/Users/autoknerd/Desktop/autodrive-dev/dataconnect`\n"}}
[debug] [2026-03-12T16:41:02.918Z] E0312 12:41:02.917978   57206 watch.go:40] Failed to load config from "/Users/autoknerd/Desktop/autodrive-dev/dataconnect": could not find dataconnect.yaml in `/Users/autoknerd/Desktop/autodrive-dev/dataconnect`
 {"metadata":{"emulator":{"name":"dataconnect"},"message":"E0312 12:41:02.917978   57206 watch.go:40] Failed to load config from \"/Users/autoknerd/Desktop/autodrive-dev/dataconnect\": could not find dataconnect.yaml in `/Users/autoknerd/Desktop/autodrive-dev/dataconnect`\n"}}
[debug] [2026-03-12T16:41:12.917Z] E0312 12:41:12.917199   57206 watch.go:116] watchAllDir unable to walk dir `/Users/autoknerd/Desktop/autodrive-dev/dataconnect`: lstat /Users/autoknerd/Desktop/autodrive-dev/dataconnect: no such file or directory
E0312 12:41:12.917231   57206 watch.go:40] Failed to load config from "/Users/autoknerd/Desktop/autodrive-dev/dataconnect": could not find dataconnect.yaml in `/Users/autoknerd/Desktop/autodrive-dev/dataconnect`
 {"metadata":{"emulator":{"name":"dataconnect"},"message":"E0312 12:41:12.917199   57206 watch.go:116] watchAllDir unable to walk dir `/Users/autoknerd/Desktop/autodrive-dev/dataconnect`: lstat /Users/autoknerd/Desktop/autodrive-dev/dataconnect: no such file or directory\nE0312 12:41:12.917231   57206 watch.go:40] Failed to load config from \"/Users/autoknerd/Desktop/autodrive-dev/dataconnect\": could not find dataconnect.yaml in `/Users/autoknerd/Desktop/autodrive-dev/dataconnect`\n"}}
[info] [Firebase Plugin] Stopping Data Connect toolkit
[debug] [2026-03-14T09:58:30.935Z] [Firebase Plugin] Activating Firebase extension.
[debug] [2026-03-14T09:58:31.653Z] [Firebase Plugin] requireAuthWrapper
[debug] [2026-03-14T09:58:31.653Z] > command requires scopes: ["email","openid","https://www.googleapis.com/auth/cloudplatformprojects.readonly","https://www.googleapis.com/auth/firebase","https://www.googleapis.com/auth/cloud-platform"]
[debug] [2026-03-14T09:58:31.653Z] > authorizing via signed-in user (andrew@autoknerd.com)
[debug] [2026-03-14T09:58:31.654Z] Checked if tokens are valid: false, expires at: 1771973638946
[debug] [2026-03-14T09:58:31.654Z] Checked if tokens are valid: false, expires at: 1771973638946
[debug] [2026-03-14T09:58:31.655Z] > refreshing access token with scopes: []
[debug] [2026-03-14T09:58:31.655Z] >>> [apiv2][query] POST https://www.googleapis.com/oauth2/v3/token [none]
[debug] [2026-03-14T09:58:31.655Z] >>> [apiv2][body] POST https://www.googleapis.com/oauth2/v3/token [omitted]
[info] [Firebase Plugin] Starting Data Connect toolkit (version 3.2.1) on port 50001
[debug] [2026-03-14T09:58:31.802Z] 'fdc build' failed with error: Unable to build your Data Connect schema and connectors (exit code 1): E0314 05:58:31.800771     692 cmd.go:43] Error loading data connect config: could not find dataconnect.yaml in `/Users/autoknerd/Desktop/autodrive-dev/dataconnect`
 {"metadata":{"emulator":{"name":"dataconnect"},"message":"'fdc build' failed with error: Unable to build your Data Connect schema and connectors (exit code 1): E0314 05:58:31.800771     692 cmd.go:43] Error loading data connect config: could not find dataconnect.yaml in `/Users/autoknerd/Desktop/autodrive-dev/dataconnect`\n"}}
[debug] [2026-03-14T09:58:31.802Z] Ignoring unsupported arg: auto_download {"metadata":{"emulator":{"name":"dataconnect"},"message":"Ignoring unsupported arg: auto_download"}}
[debug] [2026-03-14T09:58:31.802Z] Ignoring unsupported arg: port {"metadata":{"emulator":{"name":"dataconnect"},"message":"Ignoring unsupported arg: port"}}
[debug] [2026-03-14T09:58:31.802Z] Starting Data Connect Emulator with command {"binary":"/Users/autoknerd/.cache/firebase/emulators/dataconnect-emulator-3.2.1","args":["--logtostderr","-v=2","dev","--listen=localhost:50001","--config_dir=/Users/autoknerd/Desktop/autodrive-dev/dataconnect","--enable_output_schema_extensions=true","--enable_output_generated_sdk=true"],"optionalArgs":["listen","config_dir","enable_output_schema_extensions","enable_output_generated_sdk"],"joinArgs":true,"shell":false,"port":9399} {"metadata":{"emulator":{"name":"dataconnect"},"message":"Starting Data Connect Emulator with command {\"binary\":\"/Users/autoknerd/.cache/firebase/emulators/dataconnect-emulator-3.2.1\",\"args\":[\"--logtostderr\",\"-v=2\",\"dev\",\"--listen=localhost:50001\",\"--config_dir=/Users/autoknerd/Desktop/autodrive-dev/dataconnect\",\"--enable_output_schema_extensions=true\",\"--enable_output_generated_sdk=true\"],\"optionalArgs\":[\"listen\",\"config_dir\",\"enable_output_schema_extensions\",\"enable_output_generated_sdk\"],\"joinArgs\":true,\"shell\":false,\"port\":9399}"}}
[info] i  dataconnect: Data Connect Emulator logging to dataconnect-debug.log {"metadata":{"emulator":{"name":"dataconnect"},"message":"Data Connect Emulator logging to dataconnect-debug.log"}}
[debug] [2026-03-14T09:58:31.816Z] E0314 05:58:31.816120     693 dev.go:83] Failed to load initial config from "/Users/autoknerd/Desktop/autodrive-dev/dataconnect": could not find dataconnect.yaml in `/Users/autoknerd/Desktop/autodrive-dev/dataconnect`
 {"metadata":{"emulator":{"name":"dataconnect"},"message":"E0314 05:58:31.816120     693 dev.go:83] Failed to load initial config from \"/Users/autoknerd/Desktop/autodrive-dev/dataconnect\": could not find dataconnect.yaml in `/Users/autoknerd/Desktop/autodrive-dev/dataconnect`\n"}}
[debug] [2026-03-14T09:58:31.817Z] E0314 05:58:31.816988     693 watch.go:116] watchAllDir unable to walk dir `/Users/autoknerd/Desktop/autodrive-dev/dataconnect`: lstat /Users/autoknerd/Desktop/autodrive-dev/dataconnect: no such file or directory
 {"metadata":{"emulator":{"name":"dataconnect"},"message":"E0314 05:58:31.816988     693 watch.go:116] watchAllDir unable to walk dir `/Users/autoknerd/Desktop/autodrive-dev/dataconnect`: lstat /Users/autoknerd/Desktop/autodrive-dev/dataconnect: no such file or directory\n"}}
[debug] [2026-03-14T09:58:31.818Z] I0314 05:58:31.818718     693 dev.go:104] Listening on address (HTTP + gRPC): 127.0.0.1:50001
 {"metadata":{"emulator":{"name":"dataconnect"},"message":"I0314 05:58:31.818718     693 dev.go:104] Listening on address (HTTP + gRPC): 127.0.0.1:50001\n"}}
[debug] [2026-03-14T09:58:31.903Z] <<< [apiv2][status] POST https://www.googleapis.com/oauth2/v3/token 400
[debug] [2026-03-14T09:58:31.903Z] <<< [apiv2][body] POST https://www.googleapis.com/oauth2/v3/token [omitted]
[error] Authentication Error: Your credentials are no longer valid. Please run firebase login --reauth

For CI servers and headless environments, generate a new token with firebase login:ci
[error] Authentication Error: Your credentials are no longer valid. Please run firebase login --reauth

For CI servers and headless environments, generate a new token with firebase login:ci
[error] [Firebase Plugin] requireAuth error: Authentication Error: Your credentials are no longer valid. Please run firebase login --reauth

For CI servers and headless environments, generate a new token with firebase login:ci
[error] [Firebase Plugin] error:  {}
[debug] [2026-03-14T09:58:41.818Z] E0314 05:58:41.818528     693 watch.go:40] Failed to load config from "/Users/autoknerd/Desktop/autodrive-dev/dataconnect": could not find dataconnect.yaml in `/Users/autoknerd/Desktop/autodrive-dev/dataconnect`
 {"metadata":{"emulator":{"name":"dataconnect"},"message":"E0314 05:58:41.818528     693 watch.go:40] Failed to load config from \"/Users/autoknerd/Desktop/autodrive-dev/dataconnect\": could not find dataconnect.yaml in `/Users/autoknerd/Desktop/autodrive-dev/dataconnect`\n"}}
[debug] [2026-03-14T09:58:51.818Z] E0314 05:58:51.817953     693 watch.go:40] Failed to load config from "/Users/autoknerd/Desktop/autodrive-dev/dataconnect": could not find dataconnect.yaml in `/Users/autoknerd/Desktop/autodrive-dev/dataconnect`
 {"metadata":{"emulator":{"name":"dataconnect"},"message":"E0314 05:58:51.817953     693 watch.go:40] Failed to load config from \"/Users/autoknerd/Desktop/autodrive-dev/dataconnect\": could not find dataconnect.yaml in `/Users/autoknerd/Desktop/autodrive-dev/dataconnect`\n"}}
[debug] [2026-03-14T09:59:01.818Z] E0314 05:59:01.818052     693 watch.go:40] Failed to load config from "/Users/autoknerd/Desktop/autodrive-dev/dataconnect": could not find dataconnect.yaml in `/Users/autoknerd/Desktop/autodrive-dev/dataconnect`
 {"metadata":{"emulator":{"name":"dataconnect"},"message":"E0314 05:59:01.818052     693 watch.go:40] Failed to load config from \"/Users/autoknerd/Desktop/autodrive-dev/dataconnect\": could not find dataconnect.yaml in `/Users/autoknerd/Desktop/autodrive-dev/dataconnect`\n"}}
[debug] [2026-03-14T09:59:11.818Z] E0314 05:59:11.818081     693 watch.go:40] Failed to load config from "/Users/autoknerd/Desktop/autodrive-dev/dataconnect": could not find dataconnect.yaml in `/Users/autoknerd/Desktop/autodrive-dev/dataconnect`
 {"metadata":{"emulator":{"name":"dataconnect"},"message":"E0314 05:59:11.818081     693 watch.go:40] Failed to load config from \"/Users/autoknerd/Desktop/autodrive-dev/dataconnect\": could not find dataconnect.yaml in `/Users/autoknerd/Desktop/autodrive-dev/dataconnect`\n"}}
[debug] [2026-03-14T09:59:21.817Z] E0314 05:59:21.817605     693 watch.go:40] Failed to load config from "/Users/autoknerd/Desktop/autodrive-dev/dataconnect": could not find dataconnect.yaml in `/Users/autoknerd/Desktop/autodrive-dev/dataconnect`
 {"metadata":{"emulator":{"name":"dataconnect"},"message":"E0314 05:59:21.817605     693 watch.go:40] Failed to load config from \"/Users/autoknerd/Desktop/autodrive-dev/dataconnect\": could not find dataconnect.yaml in `/Users/autoknerd/Desktop/autodrive-dev/dataconnect`\n"}}
[debug] [2026-03-14T09:59:31.818Z] E0314 05:59:31.817798     693 watch.go:40] Failed to load config from "/Users/autoknerd/Desktop/autodrive-dev/dataconnect": could not find dataconnect.yaml in `/Users/autoknerd/Desktop/autodrive-dev/dataconnect`
 {"metadata":{"emulator":{"name":"dataconnect"},"message":"E0314 05:59:31.817798     693 watch.go:40] Failed to load config from \"/Users/autoknerd/Desktop/autodrive-dev/dataconnect\": could not find dataconnect.yaml in `/Users/autoknerd/Desktop/autodrive-dev/dataconnect`\n"}}
[debug] [2026-03-14T09:59:31.818Z] E0314 05:59:31.817720     693 watch.go:116] watchAllDir unable to walk dir `/Users/autoknerd/Desktop/autodrive-dev/dataconnect`: lstat /Users/autoknerd/Desktop/autodrive-dev/dataconnect: no such file or directory
 {"metadata":{"emulator":{"name":"dataconnect"},"message":"E0314 05:59:31.817720     693 watch.go:116] watchAllDir unable to walk dir `/Users/autoknerd/Desktop/autodrive-dev/dataconnect`: lstat /Users/autoknerd/Desktop/autodrive-dev/dataconnect: no such file or directory\n"}}
[debug] [2026-03-14T09:59:41.818Z] E0314 05:59:41.818356     693 watch.go:40] Failed to load config from "/Users/autoknerd/Desktop/autodrive-dev/dataconnect": could not find dataconnect.yaml in `/Users/autoknerd/Desktop/autodrive-dev/dataconnect`
 {"metadata":{"emulator":{"name":"dataconnect"},"message":"E0314 05:59:41.818356     693 watch.go:40] Failed to load config from \"/Users/autoknerd/Desktop/autodrive-dev/dataconnect\": could not find dataconnect.yaml in `/Users/autoknerd/Desktop/autodrive-dev/dataconnect`\n"}}
[debug] [2026-03-14T09:59:51.818Z] E0314 05:59:51.818389     693 watch.go:40] Failed to load config from "/Users/autoknerd/Desktop/autodrive-dev/dataconnect": could not find dataconnect.yaml in `/Users/autoknerd/Desktop/autodrive-dev/dataconnect`
 {"metadata":{"emulator":{"name":"dataconnect"},"message":"E0314 05:59:51.818389     693 watch.go:40] Failed to load config from \"/Users/autoknerd/Desktop/autodrive-dev/dataconnect\": could not find dataconnect.yaml in `/Users/autoknerd/Desktop/autodrive-dev/dataconnect`\n"}}
[debug] [2026-03-14T10:00:01.818Z] E0314 06:00:01.818164     693 watch.go:40] Failed to load config from "/Users/autoknerd/Desktop/autodrive-dev/dataconnect": could not find dataconnect.yaml in `/Users/autoknerd/Desktop/autodrive-dev/dataconnect`
 {"metadata":{"emulator":{"name":"dataconnect"},"message":"E0314 06:00:01.818164     693 watch.go:40] Failed to load config from \"/Users/autoknerd/Desktop/autodrive-dev/dataconnect\": could not find dataconnect.yaml in `/Users/autoknerd/Desktop/autodrive-dev/dataconnect`\n"}}
[debug] [2026-03-14T10:00:11.818Z] E0314 06:00:11.818071     693 watch.go:40] Failed to load config from "/Users/autoknerd/Desktop/autodrive-dev/dataconnect": could not find dataconnect.yaml in `/Users/autoknerd/Desktop/autodrive-dev/dataconnect`
 {"metadata":{"emulator":{"name":"dataconnect"},"message":"E0314 06:00:11.818071     693 watch.go:40] Failed to load config from \"/Users/autoknerd/Desktop/autodrive-dev/dataconnect\": could not find dataconnect.yaml in `/Users/autoknerd/Desktop/autodrive-dev/dataconnect`\n"}}
[debug] [2026-03-14T10:00:21.818Z] E0314 06:00:21.818475     693 watch.go:40] Failed to load config from "/Users/autoknerd/Desktop/autodrive-dev/dataconnect": could not find dataconnect.yaml in `/Users/autoknerd/Desktop/autodrive-dev/dataconnect`
 {"metadata":{"emulator":{"name":"dataconnect"},"message":"E0314 06:00:21.818475     693 watch.go:40] Failed to load config from \"/Users/autoknerd/Desktop/autodrive-dev/dataconnect\": could not find dataconnect.yaml in `/Users/autoknerd/Desktop/autodrive-dev/dataconnect`\n"}}
[debug] [2026-03-14T10:00:31.818Z] E0314 06:00:31.818219     693 watch.go:40] Failed to load config from "/Users/autoknerd/Desktop/autodrive-dev/dataconnect": could not find dataconnect.yaml in `/Users/autoknerd/Desktop/autodrive-dev/dataconnect`
E0314 06:00:31.818085     693 watch.go:116] watchAllDir unable to walk dir `/Users/autoknerd/Desktop/autodrive-dev/dataconnect`: lstat /Users/autoknerd/Desktop/autodrive-dev/dataconnect: no such file or directory
 {"metadata":{"emulator":{"name":"dataconnect"},"message":"E0314 06:00:31.818219     693 watch.go:40] Failed to load config from \"/Users/autoknerd/Desktop/autodrive-dev/dataconnect\": could not find dataconnect.yaml in `/Users/autoknerd/Desktop/autodrive-dev/dataconnect`\nE0314 06:00:31.818085     693 watch.go:116] watchAllDir unable to walk dir `/Users/autoknerd/Desktop/autodrive-dev/dataconnect`: lstat /Users/autoknerd/Desktop/autodrive-dev/dataconnect: no such file or directory\n"}}
[debug] [2026-03-14T10:00:41.819Z] E0314 06:00:41.819327     693 watch.go:40] Failed to load config from "/Users/autoknerd/Desktop/autodrive-dev/dataconnect": could not find dataconnect.yaml in `/Users/autoknerd/Desktop/autodrive-dev/dataconnect`
 {"metadata":{"emulator":{"name":"dataconnect"},"message":"E0314 06:00:41.819327     693 watch.go:40] Failed to load config from \"/Users/autoknerd/Desktop/autodrive-dev/dataconnect\": could not find dataconnect.yaml in `/Users/autoknerd/Desktop/autodrive-dev/dataconnect`\n"}}
[debug] [2026-03-14T10:00:51.818Z] E0314 06:00:51.817883     693 watch.go:40] Failed to load config from "/Users/autoknerd/Desktop/autodrive-dev/dataconnect": could not find dataconnect.yaml in `/Users/autoknerd/Desktop/autodrive-dev/dataconnect`
 {"metadata":{"emulator":{"name":"dataconnect"},"message":"E0314 06:00:51.817883     693 watch.go:40] Failed to load config from \"/Users/autoknerd/Desktop/autodrive-dev/dataconnect\": could not find dataconnect.yaml in `/Users/autoknerd/Desktop/autodrive-dev/dataconnect`\n"}}
[debug] [2026-03-14T10:01:01.818Z] E0314 06:01:01.818087     693 watch.go:40] Failed to load config from "/Users/autoknerd/Desktop/autodrive-dev/dataconnect": could not find dataconnect.yaml in `/Users/autoknerd/Desktop/autodrive-dev/dataconnect`
 {"metadata":{"emulator":{"name":"dataconnect"},"message":"E0314 06:01:01.818087     693 watch.go:40] Failed to load config from \"/Users/autoknerd/Desktop/autodrive-dev/dataconnect\": could not find dataconnect.yaml in `/Users/autoknerd/Desktop/autodrive-dev/dataconnect`\n"}}
[debug] [2026-03-14T10:01:11.818Z] E0314 06:01:11.818393     693 watch.go:40] Failed to load config from "/Users/autoknerd/Desktop/autodrive-dev/dataconnect": could not find dataconnect.yaml in `/Users/autoknerd/Desktop/autodrive-dev/dataconnect`
 {"metadata":{"emulator":{"name":"dataconnect"},"message":"E0314 06:01:11.818393     693 watch.go:40] Failed to load config from \"/Users/autoknerd/Desktop/autodrive-dev/dataconnect\": could not find dataconnect.yaml in `/Users/autoknerd/Desktop/autodrive-dev/dataconnect`\n"}}
[debug] [2026-03-14T10:01:21.818Z] E0314 06:01:21.818104     693 watch.go:40] Failed to load config from "/Users/autoknerd/Desktop/autodrive-dev/dataconnect": could not find dataconnect.yaml in `/Users/autoknerd/Desktop/autodrive-dev/dataconnect`
 {"metadata":{"emulator":{"name":"dataconnect"},"message":"E0314 06:01:21.818104     693 watch.go:40] Failed to load config from \"/Users/autoknerd/Desktop/autodrive-dev/dataconnect\": could not find dataconnect.yaml in `/Users/autoknerd/Desktop/autodrive-dev/dataconnect`\n"}}
[debug] [2026-03-14T10:01:31.818Z] E0314 06:01:31.818186     693 watch.go:40] Failed to load config from "/Users/autoknerd/Desktop/autodrive-dev/dataconnect": could not find dataconnect.yaml in `/Users/autoknerd/Desktop/autodrive-dev/dataconnect`
 {"metadata":{"emulator":{"name":"dataconnect"},"message":"E0314 06:01:31.818186     693 watch.go:40] Failed to load config from \"/Users/autoknerd/Desktop/autodrive-dev/dataconnect\": could not find dataconnect.yaml in `/Users/autoknerd/Desktop/autodrive-dev/dataconnect`\n"}}
[debug] [2026-03-14T10:01:31.819Z] E0314 06:01:31.818256     693 watch.go:116] watchAllDir unable to walk dir `/Users/autoknerd/Desktop/autodrive-dev/dataconnect`: lstat /Users/autoknerd/Desktop/autodrive-dev/dataconnect: no such file or directory
 {"metadata":{"emulator":{"name":"dataconnect"},"message":"E0314 06:01:31.818256     693 watch.go:116] watchAllDir unable to walk dir `/Users/autoknerd/Desktop/autodrive-dev/dataconnect`: lstat /Users/autoknerd/Desktop/autodrive-dev/dataconnect: no such file or directory\n"}}
[debug] [2026-03-14T10:01:41.818Z] E0314 06:01:41.817777     693 watch.go:40] Failed to load config from "/Users/autoknerd/Desktop/autodrive-dev/dataconnect": could not find dataconnect.yaml in `/Users/autoknerd/Desktop/autodrive-dev/dataconnect`
 {"metadata":{"emulator":{"name":"dataconnect"},"message":"E0314 06:01:41.817777     693 watch.go:40] Failed to load config from \"/Users/autoknerd/Desktop/autodrive-dev/dataconnect\": could not find dataconnect.yaml in `/Users/autoknerd/Desktop/autodrive-dev/dataconnect`\n"}}
[debug] [2026-03-14T10:01:51.818Z] E0314 06:01:51.818564     693 watch.go:40] Failed to load config from "/Users/autoknerd/Desktop/autodrive-dev/dataconnect": could not find dataconnect.yaml in `/Users/autoknerd/Desktop/autodrive-dev/dataconnect`
 {"metadata":{"emulator":{"name":"dataconnect"},"message":"E0314 06:01:51.818564     693 watch.go:40] Failed to load config from \"/Users/autoknerd/Desktop/autodrive-dev/dataconnect\": could not find dataconnect.yaml in `/Users/autoknerd/Desktop/autodrive-dev/dataconnect`\n"}}
[debug] [2026-03-14T10:02:01.818Z] E0314 06:02:01.818138     693 watch.go:40] Failed to load config from "/Users/autoknerd/Desktop/autodrive-dev/dataconnect": could not find dataconnect.yaml in `/Users/autoknerd/Desktop/autodrive-dev/dataconnect`
 {"metadata":{"emulator":{"name":"dataconnect"},"message":"E0314 06:02:01.818138     693 watch.go:40] Failed to load config from \"/Users/autoknerd/Desktop/autodrive-dev/dataconnect\": could not find dataconnect.yaml in `/Users/autoknerd/Desktop/autodrive-dev/dataconnect`\n"}}
[debug] [2026-03-14T10:02:11.818Z] E0314 06:02:11.818180     693 watch.go:40] Failed to load config from "/Users/autoknerd/Desktop/autodrive-dev/dataconnect": could not find dataconnect.yaml in `/Users/autoknerd/Desktop/autodrive-dev/dataconnect`
 {"metadata":{"emulator":{"name":"dataconnect"},"message":"E0314 06:02:11.818180     693 watch.go:40] Failed to load config from \"/Users/autoknerd/Desktop/autodrive-dev/dataconnect\": could not find dataconnect.yaml in `/Users/autoknerd/Desktop/autodrive-dev/dataconnect`\n"}}
[debug] [2026-03-14T10:02:21.818Z] E0314 06:02:21.818075     693 watch.go:40] Failed to load config from "/Users/autoknerd/Desktop/autodrive-dev/dataconnect": could not find dataconnect.yaml in `/Users/autoknerd/Desktop/autodrive-dev/dataconnect`
 {"metadata":{"emulator":{"name":"dataconnect"},"message":"E0314 06:02:21.818075     693 watch.go:40] Failed to load config from \"/Users/autoknerd/Desktop/autodrive-dev/dataconnect\": could not find dataconnect.yaml in `/Users/autoknerd/Desktop/autodrive-dev/dataconnect`\n"}}
[debug] [2026-03-14T10:02:31.818Z] E0314 06:02:31.817969     693 watch.go:116] watchAllDir unable to walk dir `/Users/autoknerd/Desktop/autodrive-dev/dataconnect`: lstat /Users/autoknerd/Desktop/autodrive-dev/dataconnect: no such file or directory
E0314 06:02:31.818010     693 watch.go:40] Failed to load config from "/Users/autoknerd/Desktop/autodrive-dev/dataconnect": could not find dataconnect.yaml in `/Users/autoknerd/Desktop/autodrive-dev/dataconnect`
 {"metadata":{"emulator":{"name":"dataconnect"},"message":"E0314 06:02:31.817969     693 watch.go:116] watchAllDir unable to walk dir `/Users/autoknerd/Desktop/autodrive-dev/dataconnect`: lstat /Users/autoknerd/Desktop/autodrive-dev/dataconnect: no such file or directory\nE0314 06:02:31.818010     693 watch.go:40] Failed to load config from \"/Users/autoknerd/Desktop/autodrive-dev/dataconnect\": could not find dataconnect.yaml in `/Users/autoknerd/Desktop/autodrive-dev/dataconnect`\n"}}
[debug] [2026-03-14T10:02:41.818Z] E0314 06:02:41.818505     693 watch.go:40] Failed to load config from "/Users/autoknerd/Desktop/autodrive-dev/dataconnect": could not find dataconnect.yaml in `/Users/autoknerd/Desktop/autodrive-dev/dataconnect`
 {"metadata":{"emulator":{"name":"dataconnect"},"message":"E0314 06:02:41.818505     693 watch.go:40] Failed to load config from \"/Users/autoknerd/Desktop/autodrive-dev/dataconnect\": could not find dataconnect.yaml in `/Users/autoknerd/Desktop/autodrive-dev/dataconnect`\n"}}
[debug] [2026-03-14T10:02:51.820Z] E0314 06:02:51.819289     693 watch.go:40] Failed to load config from "/Users/autoknerd/Desktop/autodrive-dev/dataconnect": could not find dataconnect.yaml in `/Users/autoknerd/Desktop/autodrive-dev/dataconnect`
 {"metadata":{"emulator":{"name":"dataconnect"},"message":"E0314 06:02:51.819289     693 watch.go:40] Failed to load config from \"/Users/autoknerd/Desktop/autodrive-dev/dataconnect\": could not find dataconnect.yaml in `/Users/autoknerd/Desktop/autodrive-dev/dataconnect`\n"}}
[debug] [2026-03-14T10:03:01.818Z] E0314 06:03:01.818247     693 watch.go:40] Failed to load config from "/Users/autoknerd/Desktop/autodrive-dev/dataconnect": could not find dataconnect.yaml in `/Users/autoknerd/Desktop/autodrive-dev/dataconnect`
 {"metadata":{"emulator":{"name":"dataconnect"},"message":"E0314 06:03:01.818247     693 watch.go:40] Failed to load config from \"/Users/autoknerd/Desktop/autodrive-dev/dataconnect\": could not find dataconnect.yaml in `/Users/autoknerd/Desktop/autodrive-dev/dataconnect`\n"}}
[debug] [2026-03-14T10:03:11.818Z] E0314 06:03:11.818470     693 watch.go:40] Failed to load config from "/Users/autoknerd/Desktop/autodrive-dev/dataconnect": could not find dataconnect.yaml in `/Users/autoknerd/Desktop/autodrive-dev/dataconnect`
 {"metadata":{"emulator":{"name":"dataconnect"},"message":"E0314 06:03:11.818470     693 watch.go:40] Failed to load config from \"/Users/autoknerd/Desktop/autodrive-dev/dataconnect\": could not find dataconnect.yaml in `/Users/autoknerd/Desktop/autodrive-dev/dataconnect`\n"}}
[debug] [2026-03-14T10:03:21.817Z] E0314 06:03:21.817702     693 watch.go:40] Failed to load config from "/Users/autoknerd/Desktop/autodrive-dev/dataconnect": could not find dataconnect.yaml in `/Users/autoknerd/Desktop/autodrive-dev/dataconnect`
 {"metadata":{"emulator":{"name":"dataconnect"},"message":"E0314 06:03:21.817702     693 watch.go:40] Failed to load config from \"/Users/autoknerd/Desktop/autodrive-dev/dataconnect\": could not find dataconnect.yaml in `/Users/autoknerd/Desktop/autodrive-dev/dataconnect`\n"}}
[debug] [2026-03-14T10:03:31.818Z] E0314 06:03:31.817892     693 watch.go:116] watchAllDir unable to walk dir `/Users/autoknerd/Desktop/autodrive-dev/dataconnect`: lstat /Users/autoknerd/Desktop/autodrive-dev/dataconnect: no such file or directory
E0314 06:03:31.817921     693 watch.go:40] Failed to load config from "/Users/autoknerd/Desktop/autodrive-dev/dataconnect": could not find dataconnect.yaml in `/Users/autoknerd/Desktop/autodrive-dev/dataconnect`
 {"metadata":{"emulator":{"name":"dataconnect"},"message":"E0314 06:03:31.817892     693 watch.go:116] watchAllDir unable to walk dir `/Users/autoknerd/Desktop/autodrive-dev/dataconnect`: lstat /Users/autoknerd/Desktop/autodrive-dev/dataconnect: no such file or directory\nE0314 06:03:31.817921     693 watch.go:40] Failed to load config from \"/Users/autoknerd/Desktop/autodrive-dev/dataconnect\": could not find dataconnect.yaml in `/Users/autoknerd/Desktop/autodrive-dev/dataconnect`\n"}}
[debug] [2026-03-14T10:03:41.818Z] E0314 06:03:41.818443     693 watch.go:40] Failed to load config from "/Users/autoknerd/Desktop/autodrive-dev/dataconnect": could not find dataconnect.yaml in `/Users/autoknerd/Desktop/autodrive-dev/dataconnect`
 {"metadata":{"emulator":{"name":"dataconnect"},"message":"E0314 06:03:41.818443     693 watch.go:40] Failed to load config from \"/Users/autoknerd/Desktop/autodrive-dev/dataconnect\": could not find dataconnect.yaml in `/Users/autoknerd/Desktop/autodrive-dev/dataconnect`\n"}}
[debug] [2026-03-14T10:03:51.818Z] E0314 06:03:51.818024     693 watch.go:40] Failed to load config from "/Users/autoknerd/Desktop/autodrive-dev/dataconnect": could not find dataconnect.yaml in `/Users/autoknerd/Desktop/autodrive-dev/dataconnect`
 {"metadata":{"emulator":{"name":"dataconnect"},"message":"E0314 06:03:51.818024     693 watch.go:40] Failed to load config from \"/Users/autoknerd/Desktop/autodrive-dev/dataconnect\": could not find dataconnect.yaml in `/Users/autoknerd/Desktop/autodrive-dev/dataconnect`\n"}}
[debug] [2026-03-14T10:04:01.818Z] E0314 06:04:01.818170     693 watch.go:40] Failed to load config from "/Users/autoknerd/Desktop/autodrive-dev/dataconnect": could not find dataconnect.yaml in `/Users/autoknerd/Desktop/autodrive-dev/dataconnect`
 {"metadata":{"emulator":{"name":"dataconnect"},"message":"E0314 06:04:01.818170     693 watch.go:40] Failed to load config from \"/Users/autoknerd/Desktop/autodrive-dev/dataconnect\": could not find dataconnect.yaml in `/Users/autoknerd/Desktop/autodrive-dev/dataconnect`\n"}}
[debug] [2026-03-14T10:04:11.818Z] E0314 06:04:11.818215     693 watch.go:40] Failed to load config from "/Users/autoknerd/Desktop/autodrive-dev/dataconnect": could not find dataconnect.yaml in `/Users/autoknerd/Desktop/autodrive-dev/dataconnect`
 {"metadata":{"emulator":{"name":"dataconnect"},"message":"E0314 06:04:11.818215     693 watch.go:40] Failed to load config from \"/Users/autoknerd/Desktop/autodrive-dev/dataconnect\": could not find dataconnect.yaml in `/Users/autoknerd/Desktop/autodrive-dev/dataconnect`\n"}}
[debug] [2026-03-14T10:04:21.818Z] E0314 06:04:21.818718     693 watch.go:40] Failed to load config from "/Users/autoknerd/Desktop/autodrive-dev/dataconnect": could not find dataconnect.yaml in `/Users/autoknerd/Desktop/autodrive-dev/dataconnect`
 {"metadata":{"emulator":{"name":"dataconnect"},"message":"E0314 06:04:21.818718     693 watch.go:40] Failed to load config from \"/Users/autoknerd/Desktop/autodrive-dev/dataconnect\": could not find dataconnect.yaml in `/Users/autoknerd/Desktop/autodrive-dev/dataconnect`\n"}}
[debug] [2026-03-14T10:04:31.818Z] E0314 06:04:31.818232     693 watch.go:40] Failed to load config from "/Users/autoknerd/Desktop/autodrive-dev/dataconnect": could not find dataconnect.yaml in `/Users/autoknerd/Desktop/autodrive-dev/dataconnect`
 {"metadata":{"emulator":{"name":"dataconnect"},"message":"E0314 06:04:31.818232     693 watch.go:40] Failed to load config from \"/Users/autoknerd/Desktop/autodrive-dev/dataconnect\": could not find dataconnect.yaml in `/Users/autoknerd/Desktop/autodrive-dev/dataconnect`\n"}}
[debug] [2026-03-14T10:04:31.818Z] E0314 06:04:31.818259     693 watch.go:116] watchAllDir unable to walk dir `/Users/autoknerd/Desktop/autodrive-dev/dataconnect`: lstat /Users/autoknerd/Desktop/autodrive-dev/dataconnect: no such file or directory
 {"metadata":{"emulator":{"name":"dataconnect"},"message":"E0314 06:04:31.818259     693 watch.go:116] watchAllDir unable to walk dir `/Users/autoknerd/Desktop/autodrive-dev/dataconnect`: lstat /Users/autoknerd/Desktop/autodrive-dev/dataconnect: no such file or directory\n"}}
[debug] [2026-03-14T10:04:41.818Z] E0314 06:04:41.818053     693 watch.go:40] Failed to load config from "/Users/autoknerd/Desktop/autodrive-dev/dataconnect": could not find dataconnect.yaml in `/Users/autoknerd/Desktop/autodrive-dev/dataconnect`
 {"metadata":{"emulator":{"name":"dataconnect"},"message":"E0314 06:04:41.818053     693 watch.go:40] Failed to load config from \"/Users/autoknerd/Desktop/autodrive-dev/dataconnect\": could not find dataconnect.yaml in `/Users/autoknerd/Desktop/autodrive-dev/dataconnect`\n"}}
[debug] [2026-03-14T10:04:51.817Z] E0314 06:04:51.817675     693 watch.go:40] Failed to load config from "/Users/autoknerd/Desktop/autodrive-dev/dataconnect": could not find dataconnect.yaml in `/Users/autoknerd/Desktop/autodrive-dev/dataconnect`
 {"metadata":{"emulator":{"name":"dataconnect"},"message":"E0314 06:04:51.817675     693 watch.go:40] Failed to load config from \"/Users/autoknerd/Desktop/autodrive-dev/dataconnect\": could not find dataconnect.yaml in `/Users/autoknerd/Desktop/autodrive-dev/dataconnect`\n"}}
[debug] [2026-03-14T10:05:01.818Z] E0314 06:05:01.817898     693 watch.go:40] Failed to load config from "/Users/autoknerd/Desktop/autodrive-dev/dataconnect": could not find dataconnect.yaml in `/Users/autoknerd/Desktop/autodrive-dev/dataconnect`
 {"metadata":{"emulator":{"name":"dataconnect"},"message":"E0314 06:05:01.817898     693 watch.go:40] Failed to load config from \"/Users/autoknerd/Desktop/autodrive-dev/dataconnect\": could not find dataconnect.yaml in `/Users/autoknerd/Desktop/autodrive-dev/dataconnect`\n"}}
[debug] [2026-03-14T10:05:11.817Z] E0314 06:05:11.817750     693 watch.go:40] Failed to load config from "/Users/autoknerd/Desktop/autodrive-dev/dataconnect": could not find dataconnect.yaml in `/Users/autoknerd/Desktop/autodrive-dev/dataconnect`
 {"metadata":{"emulator":{"name":"dataconnect"},"message":"E0314 06:05:11.817750     693 watch.go:40] Failed to load config from \"/Users/autoknerd/Desktop/autodrive-dev/dataconnect\": could not find dataconnect.yaml in `/Users/autoknerd/Desktop/autodrive-dev/dataconnect`\n"}}
[debug] [2026-03-14T10:05:21.818Z] E0314 06:05:21.818234     693 watch.go:40] Failed to load config from "/Users/autoknerd/Desktop/autodrive-dev/dataconnect": could not find dataconnect.yaml in `/Users/autoknerd/Desktop/autodrive-dev/dataconnect`
 {"metadata":{"emulator":{"name":"dataconnect"},"message":"E0314 06:05:21.818234     693 watch.go:40] Failed to load config from \"/Users/autoknerd/Desktop/autodrive-dev/dataconnect\": could not find dataconnect.yaml in `/Users/autoknerd/Desktop/autodrive-dev/dataconnect`\n"}}
[debug] [2026-03-14T10:05:31.818Z] E0314 06:05:31.818112     693 watch.go:40] Failed to load config from "/Users/autoknerd/Desktop/autodrive-dev/dataconnect": could not find dataconnect.yaml in `/Users/autoknerd/Desktop/autodrive-dev/dataconnect`
E0314 06:05:31.818109     693 watch.go:116] watchAllDir unable to walk dir `/Users/autoknerd/Desktop/autodrive-dev/dataconnect`: lstat /Users/autoknerd/Desktop/autodrive-dev/dataconnect: no such file or directory
 {"metadata":{"emulator":{"name":"dataconnect"},"message":"E0314 06:05:31.818112     693 watch.go:40] Failed to load config from \"/Users/autoknerd/Desktop/autodrive-dev/dataconnect\": could not find dataconnect.yaml in `/Users/autoknerd/Desktop/autodrive-dev/dataconnect`\nE0314 06:05:31.818109     693 watch.go:116] watchAllDir unable to walk dir `/Users/autoknerd/Desktop/autodrive-dev/dataconnect`: lstat /Users/autoknerd/Desktop/autodrive-dev/dataconnect: no such file or directory\n"}}
[debug] [2026-03-14T10:05:41.818Z] E0314 06:05:41.818647     693 watch.go:40] Failed to load config from "/Users/autoknerd/Desktop/autodrive-dev/dataconnect": could not find dataconnect.yaml in `/Users/autoknerd/Desktop/autodrive-dev/dataconnect`
 {"metadata":{"emulator":{"name":"dataconnect"},"message":"E0314 06:05:41.818647     693 watch.go:40] Failed to load config from \"/Users/autoknerd/Desktop/autodrive-dev/dataconnect\": could not find dataconnect.yaml in `/Users/autoknerd/Desktop/autodrive-dev/dataconnect`\n"}}
[debug] [2026-03-14T10:05:51.818Z] E0314 06:05:51.818693     693 watch.go:40] Failed to load config from "/Users/autoknerd/Desktop/autodrive-dev/dataconnect": could not find dataconnect.yaml in `/Users/autoknerd/Desktop/autodrive-dev/dataconnect`
 {"metadata":{"emulator":{"name":"dataconnect"},"message":"E0314 06:05:51.818693     693 watch.go:40] Failed to load config from \"/Users/autoknerd/Desktop/autodrive-dev/dataconnect\": could not find dataconnect.yaml in `/Users/autoknerd/Desktop/autodrive-dev/dataconnect`\n"}}
[debug] [2026-03-14T10:06:01.818Z] E0314 06:06:01.818204     693 watch.go:40] Failed to load config from "/Users/autoknerd/Desktop/autodrive-dev/dataconnect": could not find dataconnect.yaml in `/Users/autoknerd/Desktop/autodrive-dev/dataconnect`
 {"metadata":{"emulator":{"name":"dataconnect"},"message":"E0314 06:06:01.818204     693 watch.go:40] Failed to load config from \"/Users/autoknerd/Desktop/autodrive-dev/dataconnect\": could not find dataconnect.yaml in `/Users/autoknerd/Desktop/autodrive-dev/dataconnect`\n"}}
[debug] [2026-03-14T10:06:11.817Z] E0314 06:06:11.817643     693 watch.go:40] Failed to load config from "/Users/autoknerd/Desktop/autodrive-dev/dataconnect": could not find dataconnect.yaml in `/Users/autoknerd/Desktop/autodrive-dev/dataconnect`
 {"metadata":{"emulator":{"name":"dataconnect"},"message":"E0314 06:06:11.817643     693 watch.go:40] Failed to load config from \"/Users/autoknerd/Desktop/autodrive-dev/dataconnect\": could not find dataconnect.yaml in `/Users/autoknerd/Desktop/autodrive-dev/dataconnect`\n"}}
[debug] [2026-03-14T10:06:21.818Z] E0314 06:06:21.818607     693 watch.go:40] Failed to load config from "/Users/autoknerd/Desktop/autodrive-dev/dataconnect": could not find dataconnect.yaml in `/Users/autoknerd/Desktop/autodrive-dev/dataconnect`
 {"metadata":{"emulator":{"name":"dataconnect"},"message":"E0314 06:06:21.818607     693 watch.go:40] Failed to load config from \"/Users/autoknerd/Desktop/autodrive-dev/dataconnect\": could not find dataconnect.yaml in `/Users/autoknerd/Desktop/autodrive-dev/dataconnect`\n"}}
[debug] [2026-03-14T10:06:31.818Z] E0314 06:06:31.818245     693 watch.go:40] Failed to load config from "/Users/autoknerd/Desktop/autodrive-dev/dataconnect": could not find dataconnect.yaml in `/Users/autoknerd/Desktop/autodrive-dev/dataconnect`
E0314 06:06:31.818255     693 watch.go:116] watchAllDir unable to walk dir `/Users/autoknerd/Desktop/autodrive-dev/dataconnect`: lstat /Users/autoknerd/Desktop/autodrive-dev/dataconnect: no such file or directory
 {"metadata":{"emulator":{"name":"dataconnect"},"message":"E0314 06:06:31.818245     693 watch.go:40] Failed to load config from \"/Users/autoknerd/Desktop/autodrive-dev/dataconnect\": could not find dataconnect.yaml in `/Users/autoknerd/Desktop/autodrive-dev/dataconnect`\nE0314 06:06:31.818255     693 watch.go:116] watchAllDir unable to walk dir `/Users/autoknerd/Desktop/autodrive-dev/dataconnect`: lstat /Users/autoknerd/Desktop/autodrive-dev/dataconnect: no such file or directory\n"}}
[debug] [2026-03-14T10:06:41.818Z] E0314 06:06:41.818637     693 watch.go:40] Failed to load config from "/Users/autoknerd/Desktop/autodrive-dev/dataconnect": could not find dataconnect.yaml in `/Users/autoknerd/Desktop/autodrive-dev/dataconnect`
 {"metadata":{"emulator":{"name":"dataconnect"},"message":"E0314 06:06:41.818637     693 watch.go:40] Failed to load config from \"/Users/autoknerd/Desktop/autodrive-dev/dataconnect\": could not find dataconnect.yaml in `/Users/autoknerd/Desktop/autodrive-dev/dataconnect`\n"}}
[debug] [2026-03-14T10:06:51.818Z] E0314 06:06:51.817975     693 watch.go:40] Failed to load config from "/Users/autoknerd/Desktop/autodrive-dev/dataconnect": could not find dataconnect.yaml in `/Users/autoknerd/Desktop/autodrive-dev/dataconnect`
 {"metadata":{"emulator":{"name":"dataconnect"},"message":"E0314 06:06:51.817975     693 watch.go:40] Failed to load config from \"/Users/autoknerd/Desktop/autodrive-dev/dataconnect\": could not find dataconnect.yaml in `/Users/autoknerd/Desktop/autodrive-dev/dataconnect`\n"}}
[debug] [2026-03-14T10:07:01.818Z] E0314 06:07:01.818143     693 watch.go:40] Failed to load config from "/Users/autoknerd/Desktop/autodrive-dev/dataconnect": could not find dataconnect.yaml in `/Users/autoknerd/Desktop/autodrive-dev/dataconnect`
 {"metadata":{"emulator":{"name":"dataconnect"},"message":"E0314 06:07:01.818143     693 watch.go:40] Failed to load config from \"/Users/autoknerd/Desktop/autodrive-dev/dataconnect\": could not find dataconnect.yaml in `/Users/autoknerd/Desktop/autodrive-dev/dataconnect`\n"}}
[debug] [2026-03-14T10:07:11.818Z] E0314 06:07:11.818179     693 watch.go:40] Failed to load config from "/Users/autoknerd/Desktop/autodrive-dev/dataconnect": could not find dataconnect.yaml in `/Users/autoknerd/Desktop/autodrive-dev/dataconnect`
 {"metadata":{"emulator":{"name":"dataconnect"},"message":"E0314 06:07:11.818179     693 watch.go:40] Failed to load config from \"/Users/autoknerd/Desktop/autodrive-dev/dataconnect\": could not find dataconnect.yaml in `/Users/autoknerd/Desktop/autodrive-dev/dataconnect`\n"}}
[debug] [2026-03-14T10:07:21.818Z] E0314 06:07:21.818207     693 watch.go:40] Failed to load config from "/Users/autoknerd/Desktop/autodrive-dev/dataconnect": could not find dataconnect.yaml in `/Users/autoknerd/Desktop/autodrive-dev/dataconnect`
 {"metadata":{"emulator":{"name":"dataconnect"},"message":"E0314 06:07:21.818207     693 watch.go:40] Failed to load config from \"/Users/autoknerd/Desktop/autodrive-dev/dataconnect\": could not find dataconnect.yaml in `/Users/autoknerd/Desktop/autodrive-dev/dataconnect`\n"}}
[debug] [2026-03-14T10:07:31.818Z] E0314 06:07:31.818380     693 watch.go:116] watchAllDir unable to walk dir `/Users/autoknerd/Desktop/autodrive-dev/dataconnect`: lstat /Users/autoknerd/Desktop/autodrive-dev/dataconnect: no such file or directory
E0314 06:07:31.818434     693 watch.go:40] Failed to load config from "/Users/autoknerd/Desktop/autodrive-dev/dataconnect": could not find dataconnect.yaml in `/Users/autoknerd/Desktop/autodrive-dev/dataconnect`
 {"metadata":{"emulator":{"name":"dataconnect"},"message":"E0314 06:07:31.818380     693 watch.go:116] watchAllDir unable to walk dir `/Users/autoknerd/Desktop/autodrive-dev/dataconnect`: lstat /Users/autoknerd/Desktop/autodrive-dev/dataconnect: no such file or directory\nE0314 06:07:31.818434     693 watch.go:40] Failed to load config from \"/Users/autoknerd/Desktop/autodrive-dev/dataconnect\": could not find dataconnect.yaml in `/Users/autoknerd/Desktop/autodrive-dev/dataconnect`\n"}}
[debug] [2026-03-14T10:07:41.819Z] E0314 06:07:41.819265     693 watch.go:40] Failed to load config from "/Users/autoknerd/Desktop/autodrive-dev/dataconnect": could not find dataconnect.yaml in `/Users/autoknerd/Desktop/autodrive-dev/dataconnect`
 {"metadata":{"emulator":{"name":"dataconnect"},"message":"E0314 06:07:41.819265     693 watch.go:40] Failed to load config from \"/Users/autoknerd/Desktop/autodrive-dev/dataconnect\": could not find dataconnect.yaml in `/Users/autoknerd/Desktop/autodrive-dev/dataconnect`\n"}}
[debug] [2026-03-14T10:07:51.744Z] E0314 06:07:51.743893     693 watch.go:40] Failed to load config from "/Users/autoknerd/Desktop/autodrive-dev/dataconnect": could not find dataconnect.yaml in `/Users/autoknerd/Desktop/autodrive-dev/dataconnect`
 {"metadata":{"emulator":{"name":"dataconnect"},"message":"E0314 06:07:51.743893     693 watch.go:40] Failed to load config from \"/Users/autoknerd/Desktop/autodrive-dev/dataconnect\": could not find dataconnect.yaml in `/Users/autoknerd/Desktop/autodrive-dev/dataconnect`\n"}}
[debug] [2026-03-14T10:08:01.745Z] E0314 06:08:01.744429     693 watch.go:40] Failed to load config from "/Users/autoknerd/Desktop/autodrive-dev/dataconnect": could not find dataconnect.yaml in `/Users/autoknerd/Desktop/autodrive-dev/dataconnect`
 {"metadata":{"emulator":{"name":"dataconnect"},"message":"E0314 06:08:01.744429     693 watch.go:40] Failed to load config from \"/Users/autoknerd/Desktop/autodrive-dev/dataconnect\": could not find dataconnect.yaml in `/Users/autoknerd/Desktop/autodrive-dev/dataconnect`\n"}}
[debug] [2026-03-14T10:08:11.744Z] E0314 06:08:11.744617     693 watch.go:40] Failed to load config from "/Users/autoknerd/Desktop/autodrive-dev/dataconnect": could not find dataconnect.yaml in `/Users/autoknerd/Desktop/autodrive-dev/dataconnect`
 {"metadata":{"emulator":{"name":"dataconnect"},"message":"E0314 06:08:11.744617     693 watch.go:40] Failed to load config from \"/Users/autoknerd/Desktop/autodrive-dev/dataconnect\": could not find dataconnect.yaml in `/Users/autoknerd/Desktop/autodrive-dev/dataconnect`\n"}}
[debug] [2026-03-14T10:08:21.744Z] E0314 06:08:21.744543     693 watch.go:40] Failed to load config from "/Users/autoknerd/Desktop/autodrive-dev/dataconnect": could not find dataconnect.yaml in `/Users/autoknerd/Desktop/autodrive-dev/dataconnect`
 {"metadata":{"emulator":{"name":"dataconnect"},"message":"E0314 06:08:21.744543     693 watch.go:40] Failed to load config from \"/Users/autoknerd/Desktop/autodrive-dev/dataconnect\": could not find dataconnect.yaml in `/Users/autoknerd/Desktop/autodrive-dev/dataconnect`\n"}}
[debug] [2026-03-14T10:08:31.744Z] E0314 06:08:31.744213     693 watch.go:40] Failed to load config from "/Users/autoknerd/Desktop/autodrive-dev/dataconnect": could not find dataconnect.yaml in `/Users/autoknerd/Desktop/autodrive-dev/dataconnect`
 {"metadata":{"emulator":{"name":"dataconnect"},"message":"E0314 06:08:31.744213     693 watch.go:40] Failed to load config from \"/Users/autoknerd/Desktop/autodrive-dev/dataconnect\": could not find dataconnect.yaml in `/Users/autoknerd/Desktop/autodrive-dev/dataconnect`\n"}}
[debug] [2026-03-14T10:08:31.744Z] E0314 06:08:31.744082     693 watch.go:116] watchAllDir unable to walk dir `/Users/autoknerd/Desktop/autodrive-dev/dataconnect`: lstat /Users/autoknerd/Desktop/autodrive-dev/dataconnect: no such file or directory
 {"metadata":{"emulator":{"name":"dataconnect"},"message":"E0314 06:08:31.744082     693 watch.go:116] watchAllDir unable to walk dir `/Users/autoknerd/Desktop/autodrive-dev/dataconnect`: lstat /Users/autoknerd/Desktop/autodrive-dev/dataconnect: no such file or directory\n"}}
[debug] [2026-03-14T10:08:41.746Z] E0314 06:08:41.745138     693 watch.go:40] Failed to load config from "/Users/autoknerd/Desktop/autodrive-dev/dataconnect": could not find dataconnect.yaml in `/Users/autoknerd/Desktop/autodrive-dev/dataconnect`
 {"metadata":{"emulator":{"name":"dataconnect"},"message":"E0314 06:08:41.745138     693 watch.go:40] Failed to load config from \"/Users/autoknerd/Desktop/autodrive-dev/dataconnect\": could not find dataconnect.yaml in `/Users/autoknerd/Desktop/autodrive-dev/dataconnect`\n"}}
[debug] [2026-03-14T10:08:51.744Z] E0314 06:08:51.744313     693 watch.go:40] Failed to load config from "/Users/autoknerd/Desktop/autodrive-dev/dataconnect": could not find dataconnect.yaml in `/Users/autoknerd/Desktop/autodrive-dev/dataconnect`
 {"metadata":{"emulator":{"name":"dataconnect"},"message":"E0314 06:08:51.744313     693 watch.go:40] Failed to load config from \"/Users/autoknerd/Desktop/autodrive-dev/dataconnect\": could not find dataconnect.yaml in `/Users/autoknerd/Desktop/autodrive-dev/dataconnect`\n"}}
[debug] [2026-03-14T10:09:01.743Z] E0314 06:09:01.743873     693 watch.go:40] Failed to load config from "/Users/autoknerd/Desktop/autodrive-dev/dataconnect": could not find dataconnect.yaml in `/Users/autoknerd/Desktop/autodrive-dev/dataconnect`
 {"metadata":{"emulator":{"name":"dataconnect"},"message":"E0314 06:09:01.743873     693 watch.go:40] Failed to load config from \"/Users/autoknerd/Desktop/autodrive-dev/dataconnect\": could not find dataconnect.yaml in `/Users/autoknerd/Desktop/autodrive-dev/dataconnect`\n"}}
[debug] [2026-03-14T10:09:11.744Z] E0314 06:09:11.744302     693 watch.go:40] Failed to load config from "/Users/autoknerd/Desktop/autodrive-dev/dataconnect": could not find dataconnect.yaml in `/Users/autoknerd/Desktop/autodrive-dev/dataconnect`
 {"metadata":{"emulator":{"name":"dataconnect"},"message":"E0314 06:09:11.744302     693 watch.go:40] Failed to load config from \"/Users/autoknerd/Desktop/autodrive-dev/dataconnect\": could not find dataconnect.yaml in `/Users/autoknerd/Desktop/autodrive-dev/dataconnect`\n"}}
[debug] [2026-03-14T10:09:21.744Z] E0314 06:09:21.744021     693 watch.go:40] Failed to load config from "/Users/autoknerd/Desktop/autodrive-dev/dataconnect": could not find dataconnect.yaml in `/Users/autoknerd/Desktop/autodrive-dev/dataconnect`
 {"metadata":{"emulator":{"name":"dataconnect"},"message":"E0314 06:09:21.744021     693 watch.go:40] Failed to load config from \"/Users/autoknerd/Desktop/autodrive-dev/dataconnect\": could not find dataconnect.yaml in `/Users/autoknerd/Desktop/autodrive-dev/dataconnect`\n"}}
[debug] [2026-03-14T10:09:31.743Z] E0314 06:09:31.743809     693 watch.go:40] Failed to load config from "/Users/autoknerd/Desktop/autodrive-dev/dataconnect": could not find dataconnect.yaml in `/Users/autoknerd/Desktop/autodrive-dev/dataconnect`
E0314 06:09:31.743737     693 watch.go:116] watchAllDir unable to walk dir `/Users/autoknerd/Desktop/autodrive-dev/dataconnect`: lstat /Users/autoknerd/Desktop/autodrive-dev/dataconnect: no such file or directory
 {"metadata":{"emulator":{"name":"dataconnect"},"message":"E0314 06:09:31.743809     693 watch.go:40] Failed to load config from \"/Users/autoknerd/Desktop/autodrive-dev/dataconnect\": could not find dataconnect.yaml in `/Users/autoknerd/Desktop/autodrive-dev/dataconnect`\nE0314 06:09:31.743737     693 watch.go:116] watchAllDir unable to walk dir `/Users/autoknerd/Desktop/autodrive-dev/dataconnect`: lstat /Users/autoknerd/Desktop/autodrive-dev/dataconnect: no such file or directory\n"}}
[debug] [2026-03-14T10:09:41.744Z] E0314 06:09:41.744332     693 watch.go:40] Failed to load config from "/Users/autoknerd/Desktop/autodrive-dev/dataconnect": could not find dataconnect.yaml in `/Users/autoknerd/Desktop/autodrive-dev/dataconnect`
 {"metadata":{"emulator":{"name":"dataconnect"},"message":"E0314 06:09:41.744332     693 watch.go:40] Failed to load config from \"/Users/autoknerd/Desktop/autodrive-dev/dataconnect\": could not find dataconnect.yaml in `/Users/autoknerd/Desktop/autodrive-dev/dataconnect`\n"}}
[debug] [2026-03-14T10:09:51.744Z] E0314 06:09:51.744305     693 watch.go:40] Failed to load config from "/Users/autoknerd/Desktop/autodrive-dev/dataconnect": could not find dataconnect.yaml in `/Users/autoknerd/Desktop/autodrive-dev/dataconnect`
 {"metadata":{"emulator":{"name":"dataconnect"},"message":"E0314 06:09:51.744305     693 watch.go:40] Failed to load config from \"/Users/autoknerd/Desktop/autodrive-dev/dataconnect\": could not find dataconnect.yaml in `/Users/autoknerd/Desktop/autodrive-dev/dataconnect`\n"}}
[debug] [2026-03-14T10:10:01.744Z] E0314 06:10:01.743910     693 watch.go:40] Failed to load config from "/Users/autoknerd/Desktop/autodrive-dev/dataconnect": could not find dataconnect.yaml in `/Users/autoknerd/Desktop/autodrive-dev/dataconnect`
 {"metadata":{"emulator":{"name":"dataconnect"},"message":"E0314 06:10:01.743910     693 watch.go:40] Failed to load config from \"/Users/autoknerd/Desktop/autodrive-dev/dataconnect\": could not find dataconnect.yaml in `/Users/autoknerd/Desktop/autodrive-dev/dataconnect`\n"}}
[debug] [2026-03-14T10:10:11.744Z] E0314 06:10:11.743795     693 watch.go:40] Failed to load config from "/Users/autoknerd/Desktop/autodrive-dev/dataconnect": could not find dataconnect.yaml in `/Users/autoknerd/Desktop/autodrive-dev/dataconnect`
 {"metadata":{"emulator":{"name":"dataconnect"},"message":"E0314 06:10:11.743795     693 watch.go:40] Failed to load config from \"/Users/autoknerd/Desktop/autodrive-dev/dataconnect\": could not find dataconnect.yaml in `/Users/autoknerd/Desktop/autodrive-dev/dataconnect`\n"}}
[debug] [2026-03-14T10:10:21.744Z] E0314 06:10:21.744182     693 watch.go:40] Failed to load config from "/Users/autoknerd/Desktop/autodrive-dev/dataconnect": could not find dataconnect.yaml in `/Users/autoknerd/Desktop/autodrive-dev/dataconnect`
 {"metadata":{"emulator":{"name":"dataconnect"},"message":"E0314 06:10:21.744182     693 watch.go:40] Failed to load config from \"/Users/autoknerd/Desktop/autodrive-dev/dataconnect\": could not find dataconnect.yaml in `/Users/autoknerd/Desktop/autodrive-dev/dataconnect`\n"}}
[debug] [2026-03-14T10:10:31.744Z] E0314 06:10:31.744035     693 watch.go:116] watchAllDir unable to walk dir `/Users/autoknerd/Desktop/autodrive-dev/dataconnect`: lstat /Users/autoknerd/Desktop/autodrive-dev/dataconnect: no such file or directory
E0314 06:10:31.744155     693 watch.go:40] Failed to load config from "/Users/autoknerd/Desktop/autodrive-dev/dataconnect": could not find dataconnect.yaml in `/Users/autoknerd/Desktop/autodrive-dev/dataconnect`
 {"metadata":{"emulator":{"name":"dataconnect"},"message":"E0314 06:10:31.744035     693 watch.go:116] watchAllDir unable to walk dir `/Users/autoknerd/Desktop/autodrive-dev/dataconnect`: lstat /Users/autoknerd/Desktop/autodrive-dev/dataconnect: no such file or directory\nE0314 06:10:31.744155     693 watch.go:40] Failed to load config from \"/Users/autoknerd/Desktop/autodrive-dev/dataconnect\": could not find dataconnect.yaml in `/Users/autoknerd/Desktop/autodrive-dev/dataconnect`\n"}}
[debug] [2026-03-14T10:10:41.744Z] E0314 06:10:41.744035     693 watch.go:40] Failed to load config from "/Users/autoknerd/Desktop/autodrive-dev/dataconnect": could not find dataconnect.yaml in `/Users/autoknerd/Desktop/autodrive-dev/dataconnect`
 {"metadata":{"emulator":{"name":"dataconnect"},"message":"E0314 06:10:41.744035     693 watch.go:40] Failed to load config from \"/Users/autoknerd/Desktop/autodrive-dev/dataconnect\": could not find dataconnect.yaml in `/Users/autoknerd/Desktop/autodrive-dev/dataconnect`\n"}}
[debug] [2026-03-14T10:10:51.744Z] E0314 06:10:51.744358     693 watch.go:40] Failed to load config from "/Users/autoknerd/Desktop/autodrive-dev/dataconnect": could not find dataconnect.yaml in `/Users/autoknerd/Desktop/autodrive-dev/dataconnect`
 {"metadata":{"emulator":{"name":"dataconnect"},"message":"E0314 06:10:51.744358     693 watch.go:40] Failed to load config from \"/Users/autoknerd/Desktop/autodrive-dev/dataconnect\": could not find dataconnect.yaml in `/Users/autoknerd/Desktop/autodrive-dev/dataconnect`\n"}}
[debug] [2026-03-14T10:11:01.743Z] E0314 06:11:01.743605     693 watch.go:40] Failed to load config from "/Users/autoknerd/Desktop/autodrive-dev/dataconnect": could not find dataconnect.yaml in `/Users/autoknerd/Desktop/autodrive-dev/dataconnect`
 {"metadata":{"emulator":{"name":"dataconnect"},"message":"E0314 06:11:01.743605     693 watch.go:40] Failed to load config from \"/Users/autoknerd/Desktop/autodrive-dev/dataconnect\": could not find dataconnect.yaml in `/Users/autoknerd/Desktop/autodrive-dev/dataconnect`\n"}}
[debug] [2026-03-14T10:11:11.744Z] E0314 06:11:11.743938     693 watch.go:40] Failed to load config from "/Users/autoknerd/Desktop/autodrive-dev/dataconnect": could not find dataconnect.yaml in `/Users/autoknerd/Desktop/autodrive-dev/dataconnect`
 {"metadata":{"emulator":{"name":"dataconnect"},"message":"E0314 06:11:11.743938     693 watch.go:40] Failed to load config from \"/Users/autoknerd/Desktop/autodrive-dev/dataconnect\": could not find dataconnect.yaml in `/Users/autoknerd/Desktop/autodrive-dev/dataconnect`\n"}}
[debug] [2026-03-14T10:11:21.746Z] E0314 06:11:21.746513     693 watch.go:40] Failed to load config from "/Users/autoknerd/Desktop/autodrive-dev/dataconnect": could not find dataconnect.yaml in `/Users/autoknerd/Desktop/autodrive-dev/dataconnect`
 {"metadata":{"emulator":{"name":"dataconnect"},"message":"E0314 06:11:21.746513     693 watch.go:40] Failed to load config from \"/Users/autoknerd/Desktop/autodrive-dev/dataconnect\": could not find dataconnect.yaml in `/Users/autoknerd/Desktop/autodrive-dev/dataconnect`\n"}}
[debug] [2026-03-14T10:11:31.743Z] E0314 06:11:31.743411     693 watch.go:40] Failed to load config from "/Users/autoknerd/Desktop/autodrive-dev/dataconnect": could not find dataconnect.yaml in `/Users/autoknerd/Desktop/autodrive-dev/dataconnect`
E0314 06:11:31.743396     693 watch.go:116] watchAllDir unable to walk dir `/Users/autoknerd/Desktop/autodrive-dev/dataconnect`: lstat /Users/autoknerd/Desktop/autodrive-dev/dataconnect: no such file or directory
 {"metadata":{"emulator":{"name":"dataconnect"},"message":"E0314 06:11:31.743411     693 watch.go:40] Failed to load config from \"/Users/autoknerd/Desktop/autodrive-dev/dataconnect\": could not find dataconnect.yaml in `/Users/autoknerd/Desktop/autodrive-dev/dataconnect`\nE0314 06:11:31.743396     693 watch.go:116] watchAllDir unable to walk dir `/Users/autoknerd/Desktop/autodrive-dev/dataconnect`: lstat /Users/autoknerd/Desktop/autodrive-dev/dataconnect: no such file or directory\n"}}
[debug] [2026-03-14T10:11:41.744Z] E0314 06:11:41.743917     693 watch.go:40] Failed to load config from "/Users/autoknerd/Desktop/autodrive-dev/dataconnect": could not find dataconnect.yaml in `/Users/autoknerd/Desktop/autodrive-dev/dataconnect`
 {"metadata":{"emulator":{"name":"dataconnect"},"message":"E0314 06:11:41.743917     693 watch.go:40] Failed to load config from \"/Users/autoknerd/Desktop/autodrive-dev/dataconnect\": could not find dataconnect.yaml in `/Users/autoknerd/Desktop/autodrive-dev/dataconnect`\n"}}
[debug] [2026-03-14T10:11:51.744Z] E0314 06:11:51.743485     693 watch.go:40] Failed to load config from "/Users/autoknerd/Desktop/autodrive-dev/dataconnect": could not find dataconnect.yaml in `/Users/autoknerd/Desktop/autodrive-dev/dataconnect`
 {"metadata":{"emulator":{"name":"dataconnect"},"message":"E0314 06:11:51.743485     693 watch.go:40] Failed to load config from \"/Users/autoknerd/Desktop/autodrive-dev/dataconnect\": could not find dataconnect.yaml in `/Users/autoknerd/Desktop/autodrive-dev/dataconnect`\n"}}
[debug] [2026-03-14T10:12:01.743Z] E0314 06:12:01.743430     693 watch.go:40] Failed to load config from "/Users/autoknerd/Desktop/autodrive-dev/dataconnect": could not find dataconnect.yaml in `/Users/autoknerd/Desktop/autodrive-dev/dataconnect`
 {"metadata":{"emulator":{"name":"dataconnect"},"message":"E0314 06:12:01.743430     693 watch.go:40] Failed to load config from \"/Users/autoknerd/Desktop/autodrive-dev/dataconnect\": could not find dataconnect.yaml in `/Users/autoknerd/Desktop/autodrive-dev/dataconnect`\n"}}
[debug] [2026-03-14T10:12:11.743Z] E0314 06:12:11.743767     693 watch.go:40] Failed to load config from "/Users/autoknerd/Desktop/autodrive-dev/dataconnect": could not find dataconnect.yaml in `/Users/autoknerd/Desktop/autodrive-dev/dataconnect`
 {"metadata":{"emulator":{"name":"dataconnect"},"message":"E0314 06:12:11.743767     693 watch.go:40] Failed to load config from \"/Users/autoknerd/Desktop/autodrive-dev/dataconnect\": could not find dataconnect.yaml in `/Users/autoknerd/Desktop/autodrive-dev/dataconnect`\n"}}
[debug] [2026-03-14T10:12:21.744Z] E0314 06:12:21.743834     693 watch.go:40] Failed to load config from "/Users/autoknerd/Desktop/autodrive-dev/dataconnect": could not find dataconnect.yaml in `/Users/autoknerd/Desktop/autodrive-dev/dataconnect`
 {"metadata":{"emulator":{"name":"dataconnect"},"message":"E0314 06:12:21.743834     693 watch.go:40] Failed to load config from \"/Users/autoknerd/Desktop/autodrive-dev/dataconnect\": could not find dataconnect.yaml in `/Users/autoknerd/Desktop/autodrive-dev/dataconnect`\n"}}
[debug] [2026-03-14T10:12:31.743Z] E0314 06:12:31.743352     693 watch.go:116] watchAllDir unable to walk dir `/Users/autoknerd/Desktop/autodrive-dev/dataconnect`: lstat /Users/autoknerd/Desktop/autodrive-dev/dataconnect: no such file or directory
E0314 06:12:31.743404     693 watch.go:40] Failed to load config from "/Users/autoknerd/Desktop/autodrive-dev/dataconnect": could not find dataconnect.yaml in `/Users/autoknerd/Desktop/autodrive-dev/dataconnect`
 {"metadata":{"emulator":{"name":"dataconnect"},"message":"E0314 06:12:31.743352     693 watch.go:116] watchAllDir unable to walk dir `/Users/autoknerd/Desktop/autodrive-dev/dataconnect`: lstat /Users/autoknerd/Desktop/autodrive-dev/dataconnect: no such file or directory\nE0314 06:12:31.743404     693 watch.go:40] Failed to load config from \"/Users/autoknerd/Desktop/autodrive-dev/dataconnect\": could not find dataconnect.yaml in `/Users/autoknerd/Desktop/autodrive-dev/dataconnect`\n"}}
[debug] [2026-03-14T10:12:41.743Z] E0314 06:12:41.743456     693 watch.go:40] Failed to load config from "/Users/autoknerd/Desktop/autodrive-dev/dataconnect": could not find dataconnect.yaml in `/Users/autoknerd/Desktop/autodrive-dev/dataconnect`
 {"metadata":{"emulator":{"name":"dataconnect"},"message":"E0314 06:12:41.743456     693 watch.go:40] Failed to load config from \"/Users/autoknerd/Desktop/autodrive-dev/dataconnect\": could not find dataconnect.yaml in `/Users/autoknerd/Desktop/autodrive-dev/dataconnect`\n"}}
[debug] [2026-03-14T10:12:51.743Z] E0314 06:12:51.743350     693 watch.go:40] Failed to load config from "/Users/autoknerd/Desktop/autodrive-dev/dataconnect": could not find dataconnect.yaml in `/Users/autoknerd/Desktop/autodrive-dev/dataconnect`
 {"metadata":{"emulator":{"name":"dataconnect"},"message":"E0314 06:12:51.743350     693 watch.go:40] Failed to load config from \"/Users/autoknerd/Desktop/autodrive-dev/dataconnect\": could not find dataconnect.yaml in `/Users/autoknerd/Desktop/autodrive-dev/dataconnect`\n"}}
[debug] [2026-03-14T10:13:01.743Z] E0314 06:13:01.742789     693 watch.go:40] Failed to load config from "/Users/autoknerd/Desktop/autodrive-dev/dataconnect": could not find dataconnect.yaml in `/Users/autoknerd/Desktop/autodrive-dev/dataconnect`
 {"metadata":{"emulator":{"name":"dataconnect"},"message":"E0314 06:13:01.742789     693 watch.go:40] Failed to load config from \"/Users/autoknerd/Desktop/autodrive-dev/dataconnect\": could not find dataconnect.yaml in `/Users/autoknerd/Desktop/autodrive-dev/dataconnect`\n"}}
[debug] [2026-03-14T10:13:11.743Z] E0314 06:13:11.743296     693 watch.go:40] Failed to load config from "/Users/autoknerd/Desktop/autodrive-dev/dataconnect": could not find dataconnect.yaml in `/Users/autoknerd/Desktop/autodrive-dev/dataconnect`
 {"metadata":{"emulator":{"name":"dataconnect"},"message":"E0314 06:13:11.743296     693 watch.go:40] Failed to load config from \"/Users/autoknerd/Desktop/autodrive-dev/dataconnect\": could not find dataconnect.yaml in `/Users/autoknerd/Desktop/autodrive-dev/dataconnect`\n"}}
[debug] [2026-03-14T10:13:21.743Z] E0314 06:13:21.743669     693 watch.go:40] Failed to load config from "/Users/autoknerd/Desktop/autodrive-dev/dataconnect": could not find dataconnect.yaml in `/Users/autoknerd/Desktop/autodrive-dev/dataconnect`
 {"metadata":{"emulator":{"name":"dataconnect"},"message":"E0314 06:13:21.743669     693 watch.go:40] Failed to load config from \"/Users/autoknerd/Desktop/autodrive-dev/dataconnect\": could not find dataconnect.yaml in `/Users/autoknerd/Desktop/autodrive-dev/dataconnect`\n"}}
[debug] [2026-03-14T10:13:31.743Z] E0314 06:13:31.742861     693 watch.go:40] Failed to load config from "/Users/autoknerd/Desktop/autodrive-dev/dataconnect": could not find dataconnect.yaml in `/Users/autoknerd/Desktop/autodrive-dev/dataconnect`
E0314 06:13:31.742837     693 watch.go:116] watchAllDir unable to walk dir `/Users/autoknerd/Desktop/autodrive-dev/dataconnect`: lstat /Users/autoknerd/Desktop/autodrive-dev/dataconnect: no such file or directory
 {"metadata":{"emulator":{"name":"dataconnect"},"message":"E0314 06:13:31.742861     693 watch.go:40] Failed to load config from \"/Users/autoknerd/Desktop/autodrive-dev/dataconnect\": could not find dataconnect.yaml in `/Users/autoknerd/Desktop/autodrive-dev/dataconnect`\nE0314 06:13:31.742837     693 watch.go:116] watchAllDir unable to walk dir `/Users/autoknerd/Desktop/autodrive-dev/dataconnect`: lstat /Users/autoknerd/Desktop/autodrive-dev/dataconnect: no such file or directory\n"}}
[debug] [2026-03-14T10:13:41.743Z] E0314 06:13:41.743212     693 watch.go:40] Failed to load config from "/Users/autoknerd/Desktop/autodrive-dev/dataconnect": could not find dataconnect.yaml in `/Users/autoknerd/Desktop/autodrive-dev/dataconnect`
 {"metadata":{"emulator":{"name":"dataconnect"},"message":"E0314 06:13:41.743212     693 watch.go:40] Failed to load config from \"/Users/autoknerd/Desktop/autodrive-dev/dataconnect\": could not find dataconnect.yaml in `/Users/autoknerd/Desktop/autodrive-dev/dataconnect`\n"}}
[debug] [2026-03-14T10:13:51.743Z] E0314 06:13:51.743520     693 watch.go:40] Failed to load config from "/Users/autoknerd/Desktop/autodrive-dev/dataconnect": could not find dataconnect.yaml in `/Users/autoknerd/Desktop/autodrive-dev/dataconnect`
 {"metadata":{"emulator":{"name":"dataconnect"},"message":"E0314 06:13:51.743520     693 watch.go:40] Failed to load config from \"/Users/autoknerd/Desktop/autodrive-dev/dataconnect\": could not find dataconnect.yaml in `/Users/autoknerd/Desktop/autodrive-dev/dataconnect`\n"}}
[debug] [2026-03-14T10:14:01.743Z] E0314 06:14:01.743139     693 watch.go:40] Failed to load config from "/Users/autoknerd/Desktop/autodrive-dev/dataconnect": could not find dataconnect.yaml in `/Users/autoknerd/Desktop/autodrive-dev/dataconnect`
 {"metadata":{"emulator":{"name":"dataconnect"},"message":"E0314 06:14:01.743139     693 watch.go:40] Failed to load config from \"/Users/autoknerd/Desktop/autodrive-dev/dataconnect\": could not find dataconnect.yaml in `/Users/autoknerd/Desktop/autodrive-dev/dataconnect`\n"}}
[debug] [2026-03-14T10:14:11.743Z] E0314 06:14:11.743649     693 watch.go:40] Failed to load config from "/Users/autoknerd/Desktop/autodrive-dev/dataconnect": could not find dataconnect.yaml in `/Users/autoknerd/Desktop/autodrive-dev/dataconnect`
 {"metadata":{"emulator":{"name":"dataconnect"},"message":"E0314 06:14:11.743649     693 watch.go:40] Failed to load config from \"/Users/autoknerd/Desktop/autodrive-dev/dataconnect\": could not find dataconnect.yaml in `/Users/autoknerd/Desktop/autodrive-dev/dataconnect`\n"}}
[debug] [2026-03-14T10:14:21.743Z] E0314 06:14:21.743597     693 watch.go:40] Failed to load config from "/Users/autoknerd/Desktop/autodrive-dev/dataconnect": could not find dataconnect.yaml in `/Users/autoknerd/Desktop/autodrive-dev/dataconnect`
 {"metadata":{"emulator":{"name":"dataconnect"},"message":"E0314 06:14:21.743597     693 watch.go:40] Failed to load config from \"/Users/autoknerd/Desktop/autodrive-dev/dataconnect\": could not find dataconnect.yaml in `/Users/autoknerd/Desktop/autodrive-dev/dataconnect`\n"}}
[debug] [2026-03-14T10:14:31.743Z] E0314 06:14:31.742993     693 watch.go:40] Failed to load config from "/Users/autoknerd/Desktop/autodrive-dev/dataconnect": could not find dataconnect.yaml in `/Users/autoknerd/Desktop/autodrive-dev/dataconnect`
E0314 06:14:31.742976     693 watch.go:116] watchAllDir unable to walk dir `/Users/autoknerd/Desktop/autodrive-dev/dataconnect`: lstat /Users/autoknerd/Desktop/autodrive-dev/dataconnect: no such file or directory
 {"metadata":{"emulator":{"name":"dataconnect"},"message":"E0314 06:14:31.742993     693 watch.go:40] Failed to load config from \"/Users/autoknerd/Desktop/autodrive-dev/dataconnect\": could not find dataconnect.yaml in `/Users/autoknerd/Desktop/autodrive-dev/dataconnect`\nE0314 06:14:31.742976     693 watch.go:116] watchAllDir unable to walk dir `/Users/autoknerd/Desktop/autodrive-dev/dataconnect`: lstat /Users/autoknerd/Desktop/autodrive-dev/dataconnect: no such file or directory\n"}}
[debug] [2026-03-14T10:14:41.742Z] E0314 06:14:41.742587     693 watch.go:40] Failed to load config from "/Users/autoknerd/Desktop/autodrive-dev/dataconnect": could not find dataconnect.yaml in `/Users/autoknerd/Desktop/autodrive-dev/dataconnect`
 {"metadata":{"emulator":{"name":"dataconnect"},"message":"E0314 06:14:41.742587     693 watch.go:40] Failed to load config from \"/Users/autoknerd/Desktop/autodrive-dev/dataconnect\": could not find dataconnect.yaml in `/Users/autoknerd/Desktop/autodrive-dev/dataconnect`\n"}}
[debug] [2026-03-14T10:14:51.743Z] E0314 06:14:51.743375     693 watch.go:40] Failed to load config from "/Users/autoknerd/Desktop/autodrive-dev/dataconnect": could not find dataconnect.yaml in `/Users/autoknerd/Desktop/autodrive-dev/dataconnect`
 {"metadata":{"emulator":{"name":"dataconnect"},"message":"E0314 06:14:51.743375     693 watch.go:40] Failed to load config from \"/Users/autoknerd/Desktop/autodrive-dev/dataconnect\": could not find dataconnect.yaml in `/Users/autoknerd/Desktop/autodrive-dev/dataconnect`\n"}}
[debug] [2026-03-14T10:15:01.743Z] E0314 06:15:01.742988     693 watch.go:40] Failed to load config from "/Users/autoknerd/Desktop/autodrive-dev/dataconnect": could not find dataconnect.yaml in `/Users/autoknerd/Desktop/autodrive-dev/dataconnect`
 {"metadata":{"emulator":{"name":"dataconnect"},"message":"E0314 06:15:01.742988     693 watch.go:40] Failed to load config from \"/Users/autoknerd/Desktop/autodrive-dev/dataconnect\": could not find dataconnect.yaml in `/Users/autoknerd/Desktop/autodrive-dev/dataconnect`\n"}}
[debug] [2026-03-14T10:15:11.742Z] E0314 06:15:11.742313     693 watch.go:40] Failed to load config from "/Users/autoknerd/Desktop/autodrive-dev/dataconnect": could not find dataconnect.yaml in `/Users/autoknerd/Desktop/autodrive-dev/dataconnect`
 {"metadata":{"emulator":{"name":"dataconnect"},"message":"E0314 06:15:11.742313     693 watch.go:40] Failed to load config from \"/Users/autoknerd/Desktop/autodrive-dev/dataconnect\": could not find dataconnect.yaml in `/Users/autoknerd/Desktop/autodrive-dev/dataconnect`\n"}}
[debug] [2026-03-14T10:15:21.743Z] E0314 06:15:21.743362     693 watch.go:40] Failed to load config from "/Users/autoknerd/Desktop/autodrive-dev/dataconnect": could not find dataconnect.yaml in `/Users/autoknerd/Desktop/autodrive-dev/dataconnect`
 {"metadata":{"emulator":{"name":"dataconnect"},"message":"E0314 06:15:21.743362     693 watch.go:40] Failed to load config from \"/Users/autoknerd/Desktop/autodrive-dev/dataconnect\": could not find dataconnect.yaml in `/Users/autoknerd/Desktop/autodrive-dev/dataconnect`\n"}}
[debug] [2026-03-14T10:15:31.745Z] E0314 06:15:31.745650     693 watch.go:40] Failed to load config from "/Users/autoknerd/Desktop/autodrive-dev/dataconnect": could not find dataconnect.yaml in `/Users/autoknerd/Desktop/autodrive-dev/dataconnect`
E0314 06:15:31.742985     693 watch.go:116] watchAllDir unable to walk dir `/Users/autoknerd/Desktop/autodrive-dev/dataconnect`: lstat /Users/autoknerd/Desktop/autodrive-dev/dataconnect: no such file or directory
 {"metadata":{"emulator":{"name":"dataconnect"},"message":"E0314 06:15:31.745650     693 watch.go:40] Failed to load config from \"/Users/autoknerd/Desktop/autodrive-dev/dataconnect\": could not find dataconnect.yaml in `/Users/autoknerd/Desktop/autodrive-dev/dataconnect`\nE0314 06:15:31.742985     693 watch.go:116] watchAllDir unable to walk dir `/Users/autoknerd/Desktop/autodrive-dev/dataconnect`: lstat /Users/autoknerd/Desktop/autodrive-dev/dataconnect: no such file or directory\n"}}
[debug] [2026-03-14T10:15:41.743Z] E0314 06:15:41.743294     693 watch.go:40] Failed to load config from "/Users/autoknerd/Desktop/autodrive-dev/dataconnect": could not find dataconnect.yaml in `/Users/autoknerd/Desktop/autodrive-dev/dataconnect`
 {"metadata":{"emulator":{"name":"dataconnect"},"message":"E0314 06:15:41.743294     693 watch.go:40] Failed to load config from \"/Users/autoknerd/Desktop/autodrive-dev/dataconnect\": could not find dataconnect.yaml in `/Users/autoknerd/Desktop/autodrive-dev/dataconnect`\n"}}
[debug] [2026-03-14T10:15:51.743Z] E0314 06:15:51.743316     693 watch.go:40] Failed to load config from "/Users/autoknerd/Desktop/autodrive-dev/dataconnect": could not find dataconnect.yaml in `/Users/autoknerd/Desktop/autodrive-dev/dataconnect`
 {"metadata":{"emulator":{"name":"dataconnect"},"message":"E0314 06:15:51.743316     693 watch.go:40] Failed to load config from \"/Users/autoknerd/Desktop/autodrive-dev/dataconnect\": could not find dataconnect.yaml in `/Users/autoknerd/Desktop/autodrive-dev/dataconnect`\n"}}
[debug] [2026-03-14T10:16:01.743Z] E0314 06:16:01.742697     693 watch.go:40] Failed to load config from "/Users/autoknerd/Desktop/autodrive-dev/dataconnect": could not find dataconnect.yaml in `/Users/autoknerd/Desktop/autodrive-dev/dataconnect`
 {"metadata":{"emulator":{"name":"dataconnect"},"message":"E0314 06:16:01.742697     693 watch.go:40] Failed to load config from \"/Users/autoknerd/Desktop/autodrive-dev/dataconnect\": could not find dataconnect.yaml in `/Users/autoknerd/Desktop/autodrive-dev/dataconnect`\n"}}
[debug] [2026-03-14T10:16:11.743Z] E0314 06:16:11.743281     693 watch.go:40] Failed to load config from "/Users/autoknerd/Desktop/autodrive-dev/dataconnect": could not find dataconnect.yaml in `/Users/autoknerd/Desktop/autodrive-dev/dataconnect`
 {"metadata":{"emulator":{"name":"dataconnect"},"message":"E0314 06:16:11.743281     693 watch.go:40] Failed to load config from \"/Users/autoknerd/Desktop/autodrive-dev/dataconnect\": could not find dataconnect.yaml in `/Users/autoknerd/Desktop/autodrive-dev/dataconnect`\n"}}
[debug] [2026-03-14T10:16:21.743Z] E0314 06:16:21.743234     693 watch.go:40] Failed to load config from "/Users/autoknerd/Desktop/autodrive-dev/dataconnect": could not find dataconnect.yaml in `/Users/autoknerd/Desktop/autodrive-dev/dataconnect`
 {"metadata":{"emulator":{"name":"dataconnect"},"message":"E0314 06:16:21.743234     693 watch.go:40] Failed to load config from \"/Users/autoknerd/Desktop/autodrive-dev/dataconnect\": could not find dataconnect.yaml in `/Users/autoknerd/Desktop/autodrive-dev/dataconnect`\n"}}
[debug] [2026-03-14T10:16:31.743Z] E0314 06:16:31.742755     693 watch.go:40] Failed to load config from "/Users/autoknerd/Desktop/autodrive-dev/dataconnect": could not find dataconnect.yaml in `/Users/autoknerd/Desktop/autodrive-dev/dataconnect`
E0314 06:16:31.742714     693 watch.go:116] watchAllDir unable to walk dir `/Users/autoknerd/Desktop/autodrive-dev/dataconnect`: lstat /Users/autoknerd/Desktop/autodrive-dev/dataconnect: no such file or directory
 {"metadata":{"emulator":{"name":"dataconnect"},"message":"E0314 06:16:31.742755     693 watch.go:40] Failed to load config from \"/Users/autoknerd/Desktop/autodrive-dev/dataconnect\": could not find dataconnect.yaml in `/Users/autoknerd/Desktop/autodrive-dev/dataconnect`\nE0314 06:16:31.742714     693 watch.go:116] watchAllDir unable to walk dir `/Users/autoknerd/Desktop/autodrive-dev/dataconnect`: lstat /Users/autoknerd/Desktop/autodrive-dev/dataconnect: no such file or directory\n"}}
[debug] [2026-03-14T10:16:41.743Z] E0314 06:16:41.743085     693 watch.go:40] Failed to load config from "/Users/autoknerd/Desktop/autodrive-dev/dataconnect": could not find dataconnect.yaml in `/Users/autoknerd/Desktop/autodrive-dev/dataconnect`
 {"metadata":{"emulator":{"name":"dataconnect"},"message":"E0314 06:16:41.743085     693 watch.go:40] Failed to load config from \"/Users/autoknerd/Desktop/autodrive-dev/dataconnect\": could not find dataconnect.yaml in `/Users/autoknerd/Desktop/autodrive-dev/dataconnect`\n"}}
[debug] [2026-03-14T10:16:51.743Z] E0314 06:16:51.742730     693 watch.go:40] Failed to load config from "/Users/autoknerd/Desktop/autodrive-dev/dataconnect": could not find dataconnect.yaml in `/Users/autoknerd/Desktop/autodrive-dev/dataconnect`
 {"metadata":{"emulator":{"name":"dataconnect"},"message":"E0314 06:16:51.742730     693 watch.go:40] Failed to load config from \"/Users/autoknerd/Desktop/autodrive-dev/dataconnect\": could not find dataconnect.yaml in `/Users/autoknerd/Desktop/autodrive-dev/dataconnect`\n"}}
[debug] [2026-03-14T10:17:01.742Z] E0314 06:17:01.742367     693 watch.go:40] Failed to load config from "/Users/autoknerd/Desktop/autodrive-dev/dataconnect": could not find dataconnect.yaml in `/Users/autoknerd/Desktop/autodrive-dev/dataconnect`
 {"metadata":{"emulator":{"name":"dataconnect"},"message":"E0314 06:17:01.742367     693 watch.go:40] Failed to load config from \"/Users/autoknerd/Desktop/autodrive-dev/dataconnect\": could not find dataconnect.yaml in `/Users/autoknerd/Desktop/autodrive-dev/dataconnect`\n"}}
[debug] [2026-03-14T10:17:11.742Z] E0314 06:17:11.742669     693 watch.go:40] Failed to load config from "/Users/autoknerd/Desktop/autodrive-dev/dataconnect": could not find dataconnect.yaml in `/Users/autoknerd/Desktop/autodrive-dev/dataconnect`
 {"metadata":{"emulator":{"name":"dataconnect"},"message":"E0314 06:17:11.742669     693 watch.go:40] Failed to load config from \"/Users/autoknerd/Desktop/autodrive-dev/dataconnect\": could not find dataconnect.yaml in `/Users/autoknerd/Desktop/autodrive-dev/dataconnect`\n"}}
[debug] [2026-03-14T10:17:21.742Z] E0314 06:17:21.742859     693 watch.go:40] Failed to load config from "/Users/autoknerd/Desktop/autodrive-dev/dataconnect": could not find dataconnect.yaml in `/Users/autoknerd/Desktop/autodrive-dev/dataconnect`
 {"metadata":{"emulator":{"name":"dataconnect"},"message":"E0314 06:17:21.742859     693 watch.go:40] Failed to load config from \"/Users/autoknerd/Desktop/autodrive-dev/dataconnect\": could not find dataconnect.yaml in `/Users/autoknerd/Desktop/autodrive-dev/dataconnect`\n"}}
[debug] [2026-03-14T10:17:31.742Z] E0314 06:17:31.742427     693 watch.go:116] watchAllDir unable to walk dir `/Users/autoknerd/Desktop/autodrive-dev/dataconnect`: lstat /Users/autoknerd/Desktop/autodrive-dev/dataconnect: no such file or directory
E0314 06:17:31.742440     693 watch.go:40] Failed to load config from "/Users/autoknerd/Desktop/autodrive-dev/dataconnect": could not find dataconnect.yaml in `/Users/autoknerd/Desktop/autodrive-dev/dataconnect`
 {"metadata":{"emulator":{"name":"dataconnect"},"message":"E0314 06:17:31.742427     693 watch.go:116] watchAllDir unable to walk dir `/Users/autoknerd/Desktop/autodrive-dev/dataconnect`: lstat /Users/autoknerd/Desktop/autodrive-dev/dataconnect: no such file or directory\nE0314 06:17:31.742440     693 watch.go:40] Failed to load config from \"/Users/autoknerd/Desktop/autodrive-dev/dataconnect\": could not find dataconnect.yaml in `/Users/autoknerd/Desktop/autodrive-dev/dataconnect`\n"}}
[debug] [2026-03-14T10:17:41.743Z] E0314 06:17:41.743046     693 watch.go:40] Failed to load config from "/Users/autoknerd/Desktop/autodrive-dev/dataconnect": could not find dataconnect.yaml in `/Users/autoknerd/Desktop/autodrive-dev/dataconnect`
 {"metadata":{"emulator":{"name":"dataconnect"},"message":"E0314 06:17:41.743046     693 watch.go:40] Failed to load config from \"/Users/autoknerd/Desktop/autodrive-dev/dataconnect\": could not find dataconnect.yaml in `/Users/autoknerd/Desktop/autodrive-dev/dataconnect`\n"}}
[debug] [2026-03-14T10:17:51.742Z] E0314 06:17:51.742501     693 watch.go:40] Failed to load config from "/Users/autoknerd/Desktop/autodrive-dev/dataconnect": could not find dataconnect.yaml in `/Users/autoknerd/Desktop/autodrive-dev/dataconnect`
 {"metadata":{"emulator":{"name":"dataconnect"},"message":"E0314 06:17:51.742501     693 watch.go:40] Failed to load config from \"/Users/autoknerd/Desktop/autodrive-dev/dataconnect\": could not find dataconnect.yaml in `/Users/autoknerd/Desktop/autodrive-dev/dataconnect`\n"}}
[debug] [2026-03-14T10:18:01.742Z] E0314 06:18:01.742417     693 watch.go:40] Failed to load config from "/Users/autoknerd/Desktop/autodrive-dev/dataconnect": could not find dataconnect.yaml in `/Users/autoknerd/Desktop/autodrive-dev/dataconnect`
 {"metadata":{"emulator":{"name":"dataconnect"},"message":"E0314 06:18:01.742417     693 watch.go:40] Failed to load config from \"/Users/autoknerd/Desktop/autodrive-dev/dataconnect\": could not find dataconnect.yaml in `/Users/autoknerd/Desktop/autodrive-dev/dataconnect`\n"}}
[debug] [2026-03-14T10:18:11.742Z] E0314 06:18:11.742785     693 watch.go:40] Failed to load config from "/Users/autoknerd/Desktop/autodrive-dev/dataconnect": could not find dataconnect.yaml in `/Users/autoknerd/Desktop/autodrive-dev/dataconnect`
 {"metadata":{"emulator":{"name":"dataconnect"},"message":"E0314 06:18:11.742785     693 watch.go:40] Failed to load config from \"/Users/autoknerd/Desktop/autodrive-dev/dataconnect\": could not find dataconnect.yaml in `/Users/autoknerd/Desktop/autodrive-dev/dataconnect`\n"}}
[debug] [2026-03-14T10:18:21.743Z] E0314 06:18:21.742804     693 watch.go:40] Failed to load config from "/Users/autoknerd/Desktop/autodrive-dev/dataconnect": could not find dataconnect.yaml in `/Users/autoknerd/Desktop/autodrive-dev/dataconnect`
 {"metadata":{"emulator":{"name":"dataconnect"},"message":"E0314 06:18:21.742804     693 watch.go:40] Failed to load config from \"/Users/autoknerd/Desktop/autodrive-dev/dataconnect\": could not find dataconnect.yaml in `/Users/autoknerd/Desktop/autodrive-dev/dataconnect`\n"}}
[debug] [2026-03-14T10:18:31.742Z] E0314 06:18:31.742056     693 watch.go:116] watchAllDir unable to walk dir `/Users/autoknerd/Desktop/autodrive-dev/dataconnect`: lstat /Users/autoknerd/Desktop/autodrive-dev/dataconnect: no such file or directory
E0314 06:18:31.742086     693 watch.go:40] Failed to load config from "/Users/autoknerd/Desktop/autodrive-dev/dataconnect": could not find dataconnect.yaml in `/Users/autoknerd/Desktop/autodrive-dev/dataconnect`
 {"metadata":{"emulator":{"name":"dataconnect"},"message":"E0314 06:18:31.742056     693 watch.go:116] watchAllDir unable to walk dir `/Users/autoknerd/Desktop/autodrive-dev/dataconnect`: lstat /Users/autoknerd/Desktop/autodrive-dev/dataconnect: no such file or directory\nE0314 06:18:31.742086     693 watch.go:40] Failed to load config from \"/Users/autoknerd/Desktop/autodrive-dev/dataconnect\": could not find dataconnect.yaml in `/Users/autoknerd/Desktop/autodrive-dev/dataconnect`\n"}}
[debug] [2026-03-14T10:18:41.742Z] E0314 06:18:41.742361     693 watch.go:40] Failed to load config from "/Users/autoknerd/Desktop/autodrive-dev/dataconnect": could not find dataconnect.yaml in `/Users/autoknerd/Desktop/autodrive-dev/dataconnect`
 {"metadata":{"emulator":{"name":"dataconnect"},"message":"E0314 06:18:41.742361     693 watch.go:40] Failed to load config from \"/Users/autoknerd/Desktop/autodrive-dev/dataconnect\": could not find dataconnect.yaml in `/Users/autoknerd/Desktop/autodrive-dev/dataconnect`\n"}}
[debug] [2026-03-14T10:18:51.743Z] E0314 06:18:51.742754     693 watch.go:40] Failed to load config from "/Users/autoknerd/Desktop/autodrive-dev/dataconnect": could not find dataconnect.yaml in `/Users/autoknerd/Desktop/autodrive-dev/dataconnect`
 {"metadata":{"emulator":{"name":"dataconnect"},"message":"E0314 06:18:51.742754     693 watch.go:40] Failed to load config from \"/Users/autoknerd/Desktop/autodrive-dev/dataconnect\": could not find dataconnect.yaml in `/Users/autoknerd/Desktop/autodrive-dev/dataconnect`\n"}}
[debug] [2026-03-14T10:19:01.742Z] E0314 06:19:01.742325     693 watch.go:40] Failed to load config from "/Users/autoknerd/Desktop/autodrive-dev/dataconnect": could not find dataconnect.yaml in `/Users/autoknerd/Desktop/autodrive-dev/dataconnect`
 {"metadata":{"emulator":{"name":"dataconnect"},"message":"E0314 06:19:01.742325     693 watch.go:40] Failed to load config from \"/Users/autoknerd/Desktop/autodrive-dev/dataconnect\": could not find dataconnect.yaml in `/Users/autoknerd/Desktop/autodrive-dev/dataconnect`\n"}}
[debug] [2026-03-14T10:19:11.742Z] E0314 06:19:11.742606     693 watch.go:40] Failed to load config from "/Users/autoknerd/Desktop/autodrive-dev/dataconnect": could not find dataconnect.yaml in `/Users/autoknerd/Desktop/autodrive-dev/dataconnect`
 {"metadata":{"emulator":{"name":"dataconnect"},"message":"E0314 06:19:11.742606     693 watch.go:40] Failed to load config from \"/Users/autoknerd/Desktop/autodrive-dev/dataconnect\": could not find dataconnect.yaml in `/Users/autoknerd/Desktop/autodrive-dev/dataconnect`\n"}}
[debug] [2026-03-14T10:19:21.742Z] E0314 06:19:21.742678     693 watch.go:40] Failed to load config from "/Users/autoknerd/Desktop/autodrive-dev/dataconnect": could not find dataconnect.yaml in `/Users/autoknerd/Desktop/autodrive-dev/dataconnect`
 {"metadata":{"emulator":{"name":"dataconnect"},"message":"E0314 06:19:21.742678     693 watch.go:40] Failed to load config from \"/Users/autoknerd/Desktop/autodrive-dev/dataconnect\": could not find dataconnect.yaml in `/Users/autoknerd/Desktop/autodrive-dev/dataconnect`\n"}}
[debug] [2026-03-14T10:19:31.742Z] E0314 06:19:31.742191     693 watch.go:116] watchAllDir unable to walk dir `/Users/autoknerd/Desktop/autodrive-dev/dataconnect`: lstat /Users/autoknerd/Desktop/autodrive-dev/dataconnect: no such file or directory
E0314 06:19:31.742227     693 watch.go:40] Failed to load config from "/Users/autoknerd/Desktop/autodrive-dev/dataconnect": could not find dataconnect.yaml in `/Users/autoknerd/Desktop/autodrive-dev/dataconnect`
 {"metadata":{"emulator":{"name":"dataconnect"},"message":"E0314 06:19:31.742191     693 watch.go:116] watchAllDir unable to walk dir `/Users/autoknerd/Desktop/autodrive-dev/dataconnect`: lstat /Users/autoknerd/Desktop/autodrive-dev/dataconnect: no such file or directory\nE0314 06:19:31.742227     693 watch.go:40] Failed to load config from \"/Users/autoknerd/Desktop/autodrive-dev/dataconnect\": could not find dataconnect.yaml in `/Users/autoknerd/Desktop/autodrive-dev/dataconnect`\n"}}
[debug] [2026-03-14T10:19:41.742Z] E0314 06:19:41.742573     693 watch.go:40] Failed to load config from "/Users/autoknerd/Desktop/autodrive-dev/dataconnect": could not find dataconnect.yaml in `/Users/autoknerd/Desktop/autodrive-dev/dataconnect`
 {"metadata":{"emulator":{"name":"dataconnect"},"message":"E0314 06:19:41.742573     693 watch.go:40] Failed to load config from \"/Users/autoknerd/Desktop/autodrive-dev/dataconnect\": could not find dataconnect.yaml in `/Users/autoknerd/Desktop/autodrive-dev/dataconnect`\n"}}
[debug] [2026-03-14T10:19:51.745Z] E0314 06:19:51.745405     693 watch.go:40] Failed to load config from "/Users/autoknerd/Desktop/autodrive-dev/dataconnect": could not find dataconnect.yaml in `/Users/autoknerd/Desktop/autodrive-dev/dataconnect`
 {"metadata":{"emulator":{"name":"dataconnect"},"message":"E0314 06:19:51.745405     693 watch.go:40] Failed to load config from \"/Users/autoknerd/Desktop/autodrive-dev/dataconnect\": could not find dataconnect.yaml in `/Users/autoknerd/Desktop/autodrive-dev/dataconnect`\n"}}
[debug] [2026-03-14T10:20:01.741Z] E0314 06:20:01.741534     693 watch.go:40] Failed to load config from "/Users/autoknerd/Desktop/autodrive-dev/dataconnect": could not find dataconnect.yaml in `/Users/autoknerd/Desktop/autodrive-dev/dataconnect`
 {"metadata":{"emulator":{"name":"dataconnect"},"message":"E0314 06:20:01.741534     693 watch.go:40] Failed to load config from \"/Users/autoknerd/Desktop/autodrive-dev/dataconnect\": could not find dataconnect.yaml in `/Users/autoknerd/Desktop/autodrive-dev/dataconnect`\n"}}
[debug] [2026-03-14T10:20:11.742Z] E0314 06:20:11.742378     693 watch.go:40] Failed to load config from "/Users/autoknerd/Desktop/autodrive-dev/dataconnect": could not find dataconnect.yaml in `/Users/autoknerd/Desktop/autodrive-dev/dataconnect`
 {"metadata":{"emulator":{"name":"dataconnect"},"message":"E0314 06:20:11.742378     693 watch.go:40] Failed to load config from \"/Users/autoknerd/Desktop/autodrive-dev/dataconnect\": could not find dataconnect.yaml in `/Users/autoknerd/Desktop/autodrive-dev/dataconnect`\n"}}
[debug] [2026-03-14T10:20:21.742Z] E0314 06:20:21.742495     693 watch.go:40] Failed to load config from "/Users/autoknerd/Desktop/autodrive-dev/dataconnect": could not find dataconnect.yaml in `/Users/autoknerd/Desktop/autodrive-dev/dataconnect`
 {"metadata":{"emulator":{"name":"dataconnect"},"message":"E0314 06:20:21.742495     693 watch.go:40] Failed to load config from \"/Users/autoknerd/Desktop/autodrive-dev/dataconnect\": could not find dataconnect.yaml in `/Users/autoknerd/Desktop/autodrive-dev/dataconnect`\n"}}
[debug] [2026-03-14T10:20:31.742Z] E0314 06:20:31.742018     693 watch.go:116] watchAllDir unable to walk dir `/Users/autoknerd/Desktop/autodrive-dev/dataconnect`: lstat /Users/autoknerd/Desktop/autodrive-dev/dataconnect: no such file or directory
E0314 06:20:31.742180     693 watch.go:40] Failed to load config from "/Users/autoknerd/Desktop/autodrive-dev/dataconnect": could not find dataconnect.yaml in `/Users/autoknerd/Desktop/autodrive-dev/dataconnect`
 {"metadata":{"emulator":{"name":"dataconnect"},"message":"E0314 06:20:31.742018     693 watch.go:116] watchAllDir unable to walk dir `/Users/autoknerd/Desktop/autodrive-dev/dataconnect`: lstat /Users/autoknerd/Desktop/autodrive-dev/dataconnect: no such file or directory\nE0314 06:20:31.742180     693 watch.go:40] Failed to load config from \"/Users/autoknerd/Desktop/autodrive-dev/dataconnect\": could not find dataconnect.yaml in `/Users/autoknerd/Desktop/autodrive-dev/dataconnect`\n"}}
[debug] [2026-03-14T10:20:41.742Z] E0314 06:20:41.742400     693 watch.go:40] Failed to load config from "/Users/autoknerd/Desktop/autodrive-dev/dataconnect": could not find dataconnect.yaml in `/Users/autoknerd/Desktop/autodrive-dev/dataconnect`
 {"metadata":{"emulator":{"name":"dataconnect"},"message":"E0314 06:20:41.742400     693 watch.go:40] Failed to load config from \"/Users/autoknerd/Desktop/autodrive-dev/dataconnect\": could not find dataconnect.yaml in `/Users/autoknerd/Desktop/autodrive-dev/dataconnect`\n"}}
[debug] [2026-03-14T10:20:51.742Z] E0314 06:20:51.742015     693 watch.go:40] Failed to load config from "/Users/autoknerd/Desktop/autodrive-dev/dataconnect": could not find dataconnect.yaml in `/Users/autoknerd/Desktop/autodrive-dev/dataconnect`
 {"metadata":{"emulator":{"name":"dataconnect"},"message":"E0314 06:20:51.742015     693 watch.go:40] Failed to load config from \"/Users/autoknerd/Desktop/autodrive-dev/dataconnect\": could not find dataconnect.yaml in `/Users/autoknerd/Desktop/autodrive-dev/dataconnect`\n"}}
[debug] [2026-03-14T10:21:01.742Z] E0314 06:21:01.741976     693 watch.go:40] Failed to load config from "/Users/autoknerd/Desktop/autodrive-dev/dataconnect": could not find dataconnect.yaml in `/Users/autoknerd/Desktop/autodrive-dev/dataconnect`
 {"metadata":{"emulator":{"name":"dataconnect"},"message":"E0314 06:21:01.741976     693 watch.go:40] Failed to load config from \"/Users/autoknerd/Desktop/autodrive-dev/dataconnect\": could not find dataconnect.yaml in `/Users/autoknerd/Desktop/autodrive-dev/dataconnect`\n"}}
[debug] [2026-03-14T10:21:11.742Z] E0314 06:21:11.742246     693 watch.go:40] Failed to load config from "/Users/autoknerd/Desktop/autodrive-dev/dataconnect": could not find dataconnect.yaml in `/Users/autoknerd/Desktop/autodrive-dev/dataconnect`
 {"metadata":{"emulator":{"name":"dataconnect"},"message":"E0314 06:21:11.742246     693 watch.go:40] Failed to load config from \"/Users/autoknerd/Desktop/autodrive-dev/dataconnect\": could not find dataconnect.yaml in `/Users/autoknerd/Desktop/autodrive-dev/dataconnect`\n"}}
[debug] [2026-03-14T10:21:21.742Z] E0314 06:21:21.742359     693 watch.go:40] Failed to load config from "/Users/autoknerd/Desktop/autodrive-dev/dataconnect": could not find dataconnect.yaml in `/Users/autoknerd/Desktop/autodrive-dev/dataconnect`
 {"metadata":{"emulator":{"name":"dataconnect"},"message":"E0314 06:21:21.742359     693 watch.go:40] Failed to load config from \"/Users/autoknerd/Desktop/autodrive-dev/dataconnect\": could not find dataconnect.yaml in `/Users/autoknerd/Desktop/autodrive-dev/dataconnect`\n"}}
[debug] [2026-03-14T10:21:31.742Z] E0314 06:21:31.741691     693 watch.go:40] Failed to load config from "/Users/autoknerd/Desktop/autodrive-dev/dataconnect": could not find dataconnect.yaml in `/Users/autoknerd/Desktop/autodrive-dev/dataconnect`
E0314 06:21:31.741659     693 watch.go:116] watchAllDir unable to walk dir `/Users/autoknerd/Desktop/autodrive-dev/dataconnect`: lstat /Users/autoknerd/Desktop/autodrive-dev/dataconnect: no such file or directory
 {"metadata":{"emulator":{"name":"dataconnect"},"message":"E0314 06:21:31.741691     693 watch.go:40] Failed to load config from \"/Users/autoknerd/Desktop/autodrive-dev/dataconnect\": could not find dataconnect.yaml in `/Users/autoknerd/Desktop/autodrive-dev/dataconnect`\nE0314 06:21:31.741659     693 watch.go:116] watchAllDir unable to walk dir `/Users/autoknerd/Desktop/autodrive-dev/dataconnect`: lstat /Users/autoknerd/Desktop/autodrive-dev/dataconnect: no such file or directory\n"}}
[debug] [2026-03-14T10:21:41.742Z] E0314 06:21:41.742244     693 watch.go:40] Failed to load config from "/Users/autoknerd/Desktop/autodrive-dev/dataconnect": could not find dataconnect.yaml in `/Users/autoknerd/Desktop/autodrive-dev/dataconnect`
 {"metadata":{"emulator":{"name":"dataconnect"},"message":"E0314 06:21:41.742244     693 watch.go:40] Failed to load config from \"/Users/autoknerd/Desktop/autodrive-dev/dataconnect\": could not find dataconnect.yaml in `/Users/autoknerd/Desktop/autodrive-dev/dataconnect`\n"}}
[debug] [2026-03-14T10:21:51.742Z] E0314 06:21:51.742185     693 watch.go:40] Failed to load config from "/Users/autoknerd/Desktop/autodrive-dev/dataconnect": could not find dataconnect.yaml in `/Users/autoknerd/Desktop/autodrive-dev/dataconnect`
 {"metadata":{"emulator":{"name":"dataconnect"},"message":"E0314 06:21:51.742185     693 watch.go:40] Failed to load config from \"/Users/autoknerd/Desktop/autodrive-dev/dataconnect\": could not find dataconnect.yaml in `/Users/autoknerd/Desktop/autodrive-dev/dataconnect`\n"}}
[debug] [2026-03-14T10:22:01.741Z] E0314 06:22:01.741350     693 watch.go:40] Failed to load config from "/Users/autoknerd/Desktop/autodrive-dev/dataconnect": could not find dataconnect.yaml in `/Users/autoknerd/Desktop/autodrive-dev/dataconnect`
 {"metadata":{"emulator":{"name":"dataconnect"},"message":"E0314 06:22:01.741350     693 watch.go:40] Failed to load config from \"/Users/autoknerd/Desktop/autodrive-dev/dataconnect\": could not find dataconnect.yaml in `/Users/autoknerd/Desktop/autodrive-dev/dataconnect`\n"}}
[debug] [2026-03-14T10:22:11.742Z] E0314 06:22:11.742164     693 watch.go:40] Failed to load config from "/Users/autoknerd/Desktop/autodrive-dev/dataconnect": could not find dataconnect.yaml in `/Users/autoknerd/Desktop/autodrive-dev/dataconnect`
 {"metadata":{"emulator":{"name":"dataconnect"},"message":"E0314 06:22:11.742164     693 watch.go:40] Failed to load config from \"/Users/autoknerd/Desktop/autodrive-dev/dataconnect\": could not find dataconnect.yaml in `/Users/autoknerd/Desktop/autodrive-dev/dataconnect`\n"}}
[debug] [2026-03-14T10:22:21.742Z] E0314 06:22:21.742139     693 watch.go:40] Failed to load config from "/Users/autoknerd/Desktop/autodrive-dev/dataconnect": could not find dataconnect.yaml in `/Users/autoknerd/Desktop/autodrive-dev/dataconnect`
 {"metadata":{"emulator":{"name":"dataconnect"},"message":"E0314 06:22:21.742139     693 watch.go:40] Failed to load config from \"/Users/autoknerd/Desktop/autodrive-dev/dataconnect\": could not find dataconnect.yaml in `/Users/autoknerd/Desktop/autodrive-dev/dataconnect`\n"}}
[debug] [2026-03-14T10:22:31.741Z] E0314 06:22:31.741467     693 watch.go:40] Failed to load config from "/Users/autoknerd/Desktop/autodrive-dev/dataconnect": could not find dataconnect.yaml in `/Users/autoknerd/Desktop/autodrive-dev/dataconnect`
E0314 06:22:31.741435     693 watch.go:116] watchAllDir unable to walk dir `/Users/autoknerd/Desktop/autodrive-dev/dataconnect`: lstat /Users/autoknerd/Desktop/autodrive-dev/dataconnect: no such file or directory
 {"metadata":{"emulator":{"name":"dataconnect"},"message":"E0314 06:22:31.741467     693 watch.go:40] Failed to load config from \"/Users/autoknerd/Desktop/autodrive-dev/dataconnect\": could not find dataconnect.yaml in `/Users/autoknerd/Desktop/autodrive-dev/dataconnect`\nE0314 06:22:31.741435     693 watch.go:116] watchAllDir unable to walk dir `/Users/autoknerd/Desktop/autodrive-dev/dataconnect`: lstat /Users/autoknerd/Desktop/autodrive-dev/dataconnect: no such file or directory\n"}}
[debug] [2026-03-14T10:22:41.742Z] E0314 06:22:41.741981     693 watch.go:40] Failed to load config from "/Users/autoknerd/Desktop/autodrive-dev/dataconnect": could not find dataconnect.yaml in `/Users/autoknerd/Desktop/autodrive-dev/dataconnect`
 {"metadata":{"emulator":{"name":"dataconnect"},"message":"E0314 06:22:41.741981     693 watch.go:40] Failed to load config from \"/Users/autoknerd/Desktop/autodrive-dev/dataconnect\": could not find dataconnect.yaml in `/Users/autoknerd/Desktop/autodrive-dev/dataconnect`\n"}}
[debug] [2026-03-14T10:22:51.741Z] E0314 06:22:51.741423     693 watch.go:40] Failed to load config from "/Users/autoknerd/Desktop/autodrive-dev/dataconnect": could not find dataconnect.yaml in `/Users/autoknerd/Desktop/autodrive-dev/dataconnect`
 {"metadata":{"emulator":{"name":"dataconnect"},"message":"E0314 06:22:51.741423     693 watch.go:40] Failed to load config from \"/Users/autoknerd/Desktop/autodrive-dev/dataconnect\": could not find dataconnect.yaml in `/Users/autoknerd/Desktop/autodrive-dev/dataconnect`\n"}}
[debug] [2026-03-14T10:23:01.741Z] E0314 06:23:01.741103     693 watch.go:40] Failed to load config from "/Users/autoknerd/Desktop/autodrive-dev/dataconnect": could not find dataconnect.yaml in `/Users/autoknerd/Desktop/autodrive-dev/dataconnect`
 {"metadata":{"emulator":{"name":"dataconnect"},"message":"E0314 06:23:01.741103     693 watch.go:40] Failed to load config from \"/Users/autoknerd/Desktop/autodrive-dev/dataconnect\": could not find dataconnect.yaml in `/Users/autoknerd/Desktop/autodrive-dev/dataconnect`\n"}}
[debug] [2026-03-14T10:23:11.741Z] E0314 06:23:11.741669     693 watch.go:40] Failed to load config from "/Users/autoknerd/Desktop/autodrive-dev/dataconnect": could not find dataconnect.yaml in `/Users/autoknerd/Desktop/autodrive-dev/dataconnect`
 {"metadata":{"emulator":{"name":"dataconnect"},"message":"E0314 06:23:11.741669     693 watch.go:40] Failed to load config from \"/Users/autoknerd/Desktop/autodrive-dev/dataconnect\": could not find dataconnect.yaml in `/Users/autoknerd/Desktop/autodrive-dev/dataconnect`\n"}}
[debug] [2026-03-14T10:23:21.742Z] E0314 06:23:21.741966     693 watch.go:40] Failed to load config from "/Users/autoknerd/Desktop/autodrive-dev/dataconnect": could not find dataconnect.yaml in `/Users/autoknerd/Desktop/autodrive-dev/dataconnect`
 {"metadata":{"emulator":{"name":"dataconnect"},"message":"E0314 06:23:21.741966     693 watch.go:40] Failed to load config from \"/Users/autoknerd/Desktop/autodrive-dev/dataconnect\": could not find dataconnect.yaml in `/Users/autoknerd/Desktop/autodrive-dev/dataconnect`\n"}}
[debug] [2026-03-14T10:23:31.741Z] E0314 06:23:31.741431     693 watch.go:40] Failed to load config from "/Users/autoknerd/Desktop/autodrive-dev/dataconnect": could not find dataconnect.yaml in `/Users/autoknerd/Desktop/autodrive-dev/dataconnect`
E0314 06:23:31.741414     693 watch.go:116] watchAllDir unable to walk dir `/Users/autoknerd/Desktop/autodrive-dev/dataconnect`: lstat /Users/autoknerd/Desktop/autodrive-dev/dataconnect: no such file or directory
 {"metadata":{"emulator":{"name":"dataconnect"},"message":"E0314 06:23:31.741431     693 watch.go:40] Failed to load config from \"/Users/autoknerd/Desktop/autodrive-dev/dataconnect\": could not find dataconnect.yaml in `/Users/autoknerd/Desktop/autodrive-dev/dataconnect`\nE0314 06:23:31.741414     693 watch.go:116] watchAllDir unable to walk dir `/Users/autoknerd/Desktop/autodrive-dev/dataconnect`: lstat /Users/autoknerd/Desktop/autodrive-dev/dataconnect: no such file or directory\n"}}
[debug] [2026-03-14T10:23:41.741Z] E0314 06:23:41.741515     693 watch.go:40] Failed to load config from "/Users/autoknerd/Desktop/autodrive-dev/dataconnect": could not find dataconnect.yaml in `/Users/autoknerd/Desktop/autodrive-dev/dataconnect`
 {"metadata":{"emulator":{"name":"dataconnect"},"message":"E0314 06:23:41.741515     693 watch.go:40] Failed to load config from \"/Users/autoknerd/Desktop/autodrive-dev/dataconnect\": could not find dataconnect.yaml in `/Users/autoknerd/Desktop/autodrive-dev/dataconnect`\n"}}
[debug] [2026-03-14T10:23:51.742Z] E0314 06:23:51.741910     693 watch.go:40] Failed to load config from "/Users/autoknerd/Desktop/autodrive-dev/dataconnect": could not find dataconnect.yaml in `/Users/autoknerd/Desktop/autodrive-dev/dataconnect`
 {"metadata":{"emulator":{"name":"dataconnect"},"message":"E0314 06:23:51.741910     693 watch.go:40] Failed to load config from \"/Users/autoknerd/Desktop/autodrive-dev/dataconnect\": could not find dataconnect.yaml in `/Users/autoknerd/Desktop/autodrive-dev/dataconnect`\n"}}
[debug] [2026-03-14T10:24:01.742Z] E0314 06:24:01.741657     693 watch.go:40] Failed to load config from "/Users/autoknerd/Desktop/autodrive-dev/dataconnect": could not find dataconnect.yaml in `/Users/autoknerd/Desktop/autodrive-dev/dataconnect`
 {"metadata":{"emulator":{"name":"dataconnect"},"message":"E0314 06:24:01.741657     693 watch.go:40] Failed to load config from \"/Users/autoknerd/Desktop/autodrive-dev/dataconnect\": could not find dataconnect.yaml in `/Users/autoknerd/Desktop/autodrive-dev/dataconnect`\n"}}
[debug] [2026-03-14T10:24:11.748Z] E0314 06:24:11.748369     693 watch.go:40] Failed to load config from "/Users/autoknerd/Desktop/autodrive-dev/dataconnect": could not find dataconnect.yaml in `/Users/autoknerd/Desktop/autodrive-dev/dataconnect`
 {"metadata":{"emulator":{"name":"dataconnect"},"message":"E0314 06:24:11.748369     693 watch.go:40] Failed to load config from \"/Users/autoknerd/Desktop/autodrive-dev/dataconnect\": could not find dataconnect.yaml in `/Users/autoknerd/Desktop/autodrive-dev/dataconnect`\n"}}
[debug] [2026-03-14T10:24:21.751Z] E0314 06:24:21.751079     693 watch.go:40] Failed to load config from "/Users/autoknerd/Desktop/autodrive-dev/dataconnect": could not find dataconnect.yaml in `/Users/autoknerd/Desktop/autodrive-dev/dataconnect`
 {"metadata":{"emulator":{"name":"dataconnect"},"message":"E0314 06:24:21.751079     693 watch.go:40] Failed to load config from \"/Users/autoknerd/Desktop/autodrive-dev/dataconnect\": could not find dataconnect.yaml in `/Users/autoknerd/Desktop/autodrive-dev/dataconnect`\n"}}
[debug] [2026-03-14T10:24:31.752Z] E0314 06:24:31.752135     693 watch.go:116] watchAllDir unable to walk dir `/Users/autoknerd/Desktop/autodrive-dev/dataconnect`: lstat /Users/autoknerd/Desktop/autodrive-dev/dataconnect: no such file or directory
E0314 06:24:31.752217     693 watch.go:40] Failed to load config from "/Users/autoknerd/Desktop/autodrive-dev/dataconnect": could not find dataconnect.yaml in `/Users/autoknerd/Desktop/autodrive-dev/dataconnect`
 {"metadata":{"emulator":{"name":"dataconnect"},"message":"E0314 06:24:31.752135     693 watch.go:116] watchAllDir unable to walk dir `/Users/autoknerd/Desktop/autodrive-dev/dataconnect`: lstat /Users/autoknerd/Desktop/autodrive-dev/dataconnect: no such file or directory\nE0314 06:24:31.752217     693 watch.go:40] Failed to load config from \"/Users/autoknerd/Desktop/autodrive-dev/dataconnect\": could not find dataconnect.yaml in `/Users/autoknerd/Desktop/autodrive-dev/dataconnect`\n"}}
[debug] [2026-03-14T10:24:41.753Z] E0314 06:24:41.752910     693 watch.go:40] Failed to load config from "/Users/autoknerd/Desktop/autodrive-dev/dataconnect": could not find dataconnect.yaml in `/Users/autoknerd/Desktop/autodrive-dev/dataconnect`
 {"metadata":{"emulator":{"name":"dataconnect"},"message":"E0314 06:24:41.752910     693 watch.go:40] Failed to load config from \"/Users/autoknerd/Desktop/autodrive-dev/dataconnect\": could not find dataconnect.yaml in `/Users/autoknerd/Desktop/autodrive-dev/dataconnect`\n"}}
[debug] [2026-03-14T10:24:51.754Z] E0314 06:24:51.754170     693 watch.go:40] Failed to load config from "/Users/autoknerd/Desktop/autodrive-dev/dataconnect": could not find dataconnect.yaml in `/Users/autoknerd/Desktop/autodrive-dev/dataconnect`
 {"metadata":{"emulator":{"name":"dataconnect"},"message":"E0314 06:24:51.754170     693 watch.go:40] Failed to load config from \"/Users/autoknerd/Desktop/autodrive-dev/dataconnect\": could not find dataconnect.yaml in `/Users/autoknerd/Desktop/autodrive-dev/dataconnect`\n"}}
[debug] [2026-03-14T10:25:01.754Z] E0314 06:25:01.753874     693 watch.go:40] Failed to load config from "/Users/autoknerd/Desktop/autodrive-dev/dataconnect": could not find dataconnect.yaml in `/Users/autoknerd/Desktop/autodrive-dev/dataconnect`
 {"metadata":{"emulator":{"name":"dataconnect"},"message":"E0314 06:25:01.753874     693 watch.go:40] Failed to load config from \"/Users/autoknerd/Desktop/autodrive-dev/dataconnect\": could not find dataconnect.yaml in `/Users/autoknerd/Desktop/autodrive-dev/dataconnect`\n"}}
[debug] [2026-03-14T10:25:11.754Z] E0314 06:25:11.754356     693 watch.go:40] Failed to load config from "/Users/autoknerd/Desktop/autodrive-dev/dataconnect": could not find dataconnect.yaml in `/Users/autoknerd/Desktop/autodrive-dev/dataconnect`
 {"metadata":{"emulator":{"name":"dataconnect"},"message":"E0314 06:25:11.754356     693 watch.go:40] Failed to load config from \"/Users/autoknerd/Desktop/autodrive-dev/dataconnect\": could not find dataconnect.yaml in `/Users/autoknerd/Desktop/autodrive-dev/dataconnect`\n"}}
[debug] [2026-03-14T10:25:21.754Z] E0314 06:25:21.754374     693 watch.go:40] Failed to load config from "/Users/autoknerd/Desktop/autodrive-dev/dataconnect": could not find dataconnect.yaml in `/Users/autoknerd/Desktop/autodrive-dev/dataconnect`
 {"metadata":{"emulator":{"name":"dataconnect"},"message":"E0314 06:25:21.754374     693 watch.go:40] Failed to load config from \"/Users/autoknerd/Desktop/autodrive-dev/dataconnect\": could not find dataconnect.yaml in `/Users/autoknerd/Desktop/autodrive-dev/dataconnect`\n"}}
[debug] [2026-03-14T10:25:31.754Z] E0314 06:25:31.753757     693 watch.go:40] Failed to load config from "/Users/autoknerd/Desktop/autodrive-dev/dataconnect": could not find dataconnect.yaml in `/Users/autoknerd/Desktop/autodrive-dev/dataconnect`
E0314 06:25:31.753725     693 watch.go:116] watchAllDir unable to walk dir `/Users/autoknerd/Desktop/autodrive-dev/dataconnect`: lstat /Users/autoknerd/Desktop/autodrive-dev/dataconnect: no such file or directory
 {"metadata":{"emulator":{"name":"dataconnect"},"message":"E0314 06:25:31.753757     693 watch.go:40] Failed to load config from \"/Users/autoknerd/Desktop/autodrive-dev/dataconnect\": could not find dataconnect.yaml in `/Users/autoknerd/Desktop/autodrive-dev/dataconnect`\nE0314 06:25:31.753725     693 watch.go:116] watchAllDir unable to walk dir `/Users/autoknerd/Desktop/autodrive-dev/dataconnect`: lstat /Users/autoknerd/Desktop/autodrive-dev/dataconnect: no such file or directory\n"}}
[debug] [2026-03-14T10:25:41.754Z] E0314 06:25:41.754092     693 watch.go:40] Failed to load config from "/Users/autoknerd/Desktop/autodrive-dev/dataconnect": could not find dataconnect.yaml in `/Users/autoknerd/Desktop/autodrive-dev/dataconnect`
 {"metadata":{"emulator":{"name":"dataconnect"},"message":"E0314 06:25:41.754092     693 watch.go:40] Failed to load config from \"/Users/autoknerd/Desktop/autodrive-dev/dataconnect\": could not find dataconnect.yaml in `/Users/autoknerd/Desktop/autodrive-dev/dataconnect`\n"}}
[debug] [2026-03-14T10:25:51.754Z] E0314 06:25:51.754217     693 watch.go:40] Failed to load config from "/Users/autoknerd/Desktop/autodrive-dev/dataconnect": could not find dataconnect.yaml in `/Users/autoknerd/Desktop/autodrive-dev/dataconnect`
 {"metadata":{"emulator":{"name":"dataconnect"},"message":"E0314 06:25:51.754217     693 watch.go:40] Failed to load config from \"/Users/autoknerd/Desktop/autodrive-dev/dataconnect\": could not find dataconnect.yaml in `/Users/autoknerd/Desktop/autodrive-dev/dataconnect`\n"}}
[debug] [2026-03-14T10:26:01.754Z] E0314 06:26:01.754293     693 watch.go:40] Failed to load config from "/Users/autoknerd/Desktop/autodrive-dev/dataconnect": could not find dataconnect.yaml in `/Users/autoknerd/Desktop/autodrive-dev/dataconnect`
 {"metadata":{"emulator":{"name":"dataconnect"},"message":"E0314 06:26:01.754293     693 watch.go:40] Failed to load config from \"/Users/autoknerd/Desktop/autodrive-dev/dataconnect\": could not find dataconnect.yaml in `/Users/autoknerd/Desktop/autodrive-dev/dataconnect`\n"}}
[debug] [2026-03-14T10:26:11.754Z] E0314 06:26:11.754398     693 watch.go:40] Failed to load config from "/Users/autoknerd/Desktop/autodrive-dev/dataconnect": could not find dataconnect.yaml in `/Users/autoknerd/Desktop/autodrive-dev/dataconnect`
 {"metadata":{"emulator":{"name":"dataconnect"},"message":"E0314 06:26:11.754398     693 watch.go:40] Failed to load config from \"/Users/autoknerd/Desktop/autodrive-dev/dataconnect\": could not find dataconnect.yaml in `/Users/autoknerd/Desktop/autodrive-dev/dataconnect`\n"}}
[debug] [2026-03-14T10:26:21.754Z] E0314 06:26:21.753778     693 watch.go:40] Failed to load config from "/Users/autoknerd/Desktop/autodrive-dev/dataconnect": could not find dataconnect.yaml in `/Users/autoknerd/Desktop/autodrive-dev/dataconnect`
 {"metadata":{"emulator":{"name":"dataconnect"},"message":"E0314 06:26:21.753778     693 watch.go:40] Failed to load config from \"/Users/autoknerd/Desktop/autodrive-dev/dataconnect\": could not find dataconnect.yaml in `/Users/autoknerd/Desktop/autodrive-dev/dataconnect`\n"}}
[debug] [2026-03-14T10:26:31.754Z] E0314 06:26:31.754217     693 watch.go:40] Failed to load config from "/Users/autoknerd/Desktop/autodrive-dev/dataconnect": could not find dataconnect.yaml in `/Users/autoknerd/Desktop/autodrive-dev/dataconnect`
E0314 06:26:31.754182     693 watch.go:116] watchAllDir unable to walk dir `/Users/autoknerd/Desktop/autodrive-dev/dataconnect`: lstat /Users/autoknerd/Desktop/autodrive-dev/dataconnect: no such file or directory
 {"metadata":{"emulator":{"name":"dataconnect"},"message":"E0314 06:26:31.754217     693 watch.go:40] Failed to load config from \"/Users/autoknerd/Desktop/autodrive-dev/dataconnect\": could not find dataconnect.yaml in `/Users/autoknerd/Desktop/autodrive-dev/dataconnect`\nE0314 06:26:31.754182     693 watch.go:116] watchAllDir unable to walk dir `/Users/autoknerd/Desktop/autodrive-dev/dataconnect`: lstat /Users/autoknerd/Desktop/autodrive-dev/dataconnect: no such file or directory\n"}}
[debug] [2026-03-14T10:26:41.754Z] E0314 06:26:41.753798     693 watch.go:40] Failed to load config from "/Users/autoknerd/Desktop/autodrive-dev/dataconnect": could not find dataconnect.yaml in `/Users/autoknerd/Desktop/autodrive-dev/dataconnect`
 {"metadata":{"emulator":{"name":"dataconnect"},"message":"E0314 06:26:41.753798     693 watch.go:40] Failed to load config from \"/Users/autoknerd/Desktop/autodrive-dev/dataconnect\": could not find dataconnect.yaml in `/Users/autoknerd/Desktop/autodrive-dev/dataconnect`\n"}}
[debug] [2026-03-14T10:26:51.754Z] E0314 06:26:51.753987     693 watch.go:40] Failed to load config from "/Users/autoknerd/Desktop/autodrive-dev/dataconnect": could not find dataconnect.yaml in `/Users/autoknerd/Desktop/autodrive-dev/dataconnect`
 {"metadata":{"emulator":{"name":"dataconnect"},"message":"E0314 06:26:51.753987     693 watch.go:40] Failed to load config from \"/Users/autoknerd/Desktop/autodrive-dev/dataconnect\": could not find dataconnect.yaml in `/Users/autoknerd/Desktop/autodrive-dev/dataconnect`\n"}}
[debug] [2026-03-14T10:27:01.754Z] E0314 06:27:01.753864     693 watch.go:40] Failed to load config from "/Users/autoknerd/Desktop/autodrive-dev/dataconnect": could not find dataconnect.yaml in `/Users/autoknerd/Desktop/autodrive-dev/dataconnect`
 {"metadata":{"emulator":{"name":"dataconnect"},"message":"E0314 06:27:01.753864     693 watch.go:40] Failed to load config from \"/Users/autoknerd/Desktop/autodrive-dev/dataconnect\": could not find dataconnect.yaml in `/Users/autoknerd/Desktop/autodrive-dev/dataconnect`\n"}}
[debug] [2026-03-14T10:27:11.754Z] E0314 06:27:11.753903     693 watch.go:40] Failed to load config from "/Users/autoknerd/Desktop/autodrive-dev/dataconnect": could not find dataconnect.yaml in `/Users/autoknerd/Desktop/autodrive-dev/dataconnect`
 {"metadata":{"emulator":{"name":"dataconnect"},"message":"E0314 06:27:11.753903     693 watch.go:40] Failed to load config from \"/Users/autoknerd/Desktop/autodrive-dev/dataconnect\": could not find dataconnect.yaml in `/Users/autoknerd/Desktop/autodrive-dev/dataconnect`\n"}}
[debug] [2026-03-14T10:27:21.754Z] E0314 06:27:21.754272     693 watch.go:40] Failed to load config from "/Users/autoknerd/Desktop/autodrive-dev/dataconnect": could not find dataconnect.yaml in `/Users/autoknerd/Desktop/autodrive-dev/dataconnect`
 {"metadata":{"emulator":{"name":"dataconnect"},"message":"E0314 06:27:21.754272     693 watch.go:40] Failed to load config from \"/Users/autoknerd/Desktop/autodrive-dev/dataconnect\": could not find dataconnect.yaml in `/Users/autoknerd/Desktop/autodrive-dev/dataconnect`\n"}}
[debug] [2026-03-14T10:27:31.763Z] E0314 06:27:31.754339     693 watch.go:116] watchAllDir unable to walk dir `/Users/autoknerd/Desktop/autodrive-dev/dataconnect`: lstat /Users/autoknerd/Desktop/autodrive-dev/dataconnect: no such file or directory
E0314 06:27:31.754440     693 watch.go:40] Failed to load config from "/Users/autoknerd/Desktop/autodrive-dev/dataconnect": could not find dataconnect.yaml in `/Users/autoknerd/Desktop/autodrive-dev/dataconnect`
 {"metadata":{"emulator":{"name":"dataconnect"},"message":"E0314 06:27:31.754339     693 watch.go:116] watchAllDir unable to walk dir `/Users/autoknerd/Desktop/autodrive-dev/dataconnect`: lstat /Users/autoknerd/Desktop/autodrive-dev/dataconnect: no such file or directory\nE0314 06:27:31.754440     693 watch.go:40] Failed to load config from \"/Users/autoknerd/Desktop/autodrive-dev/dataconnect\": could not find dataconnect.yaml in `/Users/autoknerd/Desktop/autodrive-dev/dataconnect`\n"}}
[debug] [2026-03-14T10:27:41.755Z] E0314 06:27:41.754991     693 watch.go:40] Failed to load config from "/Users/autoknerd/Desktop/autodrive-dev/dataconnect": could not find dataconnect.yaml in `/Users/autoknerd/Desktop/autodrive-dev/dataconnect`
 {"metadata":{"emulator":{"name":"dataconnect"},"message":"E0314 06:27:41.754991     693 watch.go:40] Failed to load config from \"/Users/autoknerd/Desktop/autodrive-dev/dataconnect\": could not find dataconnect.yaml in `/Users/autoknerd/Desktop/autodrive-dev/dataconnect`\n"}}
[debug] [2026-03-14T10:27:51.754Z] E0314 06:27:51.754573     693 watch.go:40] Failed to load config from "/Users/autoknerd/Desktop/autodrive-dev/dataconnect": could not find dataconnect.yaml in `/Users/autoknerd/Desktop/autodrive-dev/dataconnect`
 {"metadata":{"emulator":{"name":"dataconnect"},"message":"E0314 06:27:51.754573     693 watch.go:40] Failed to load config from \"/Users/autoknerd/Desktop/autodrive-dev/dataconnect\": could not find dataconnect.yaml in `/Users/autoknerd/Desktop/autodrive-dev/dataconnect`\n"}}
[debug] [2026-03-14T10:28:01.754Z] E0314 06:28:01.754344     693 watch.go:40] Failed to load config from "/Users/autoknerd/Desktop/autodrive-dev/dataconnect": could not find dataconnect.yaml in `/Users/autoknerd/Desktop/autodrive-dev/dataconnect`
 {"metadata":{"emulator":{"name":"dataconnect"},"message":"E0314 06:28:01.754344     693 watch.go:40] Failed to load config from \"/Users/autoknerd/Desktop/autodrive-dev/dataconnect\": could not find dataconnect.yaml in `/Users/autoknerd/Desktop/autodrive-dev/dataconnect`\n"}}
[debug] [2026-03-14T10:28:11.754Z] E0314 06:28:11.754620     693 watch.go:40] Failed to load config from "/Users/autoknerd/Desktop/autodrive-dev/dataconnect": could not find dataconnect.yaml in `/Users/autoknerd/Desktop/autodrive-dev/dataconnect`
 {"metadata":{"emulator":{"name":"dataconnect"},"message":"E0314 06:28:11.754620     693 watch.go:40] Failed to load config from \"/Users/autoknerd/Desktop/autodrive-dev/dataconnect\": could not find dataconnect.yaml in `/Users/autoknerd/Desktop/autodrive-dev/dataconnect`\n"}}
[debug] [2026-03-14T10:28:21.754Z] E0314 06:28:21.754645     693 watch.go:40] Failed to load config from "/Users/autoknerd/Desktop/autodrive-dev/dataconnect": could not find dataconnect.yaml in `/Users/autoknerd/Desktop/autodrive-dev/dataconnect`
 {"metadata":{"emulator":{"name":"dataconnect"},"message":"E0314 06:28:21.754645     693 watch.go:40] Failed to load config from \"/Users/autoknerd/Desktop/autodrive-dev/dataconnect\": could not find dataconnect.yaml in `/Users/autoknerd/Desktop/autodrive-dev/dataconnect`\n"}}
[debug] [2026-03-14T10:28:31.754Z] E0314 06:28:31.754077     693 watch.go:116] watchAllDir unable to walk dir `/Users/autoknerd/Desktop/autodrive-dev/dataconnect`: lstat /Users/autoknerd/Desktop/autodrive-dev/dataconnect: no such file or directory
E0314 06:28:31.754114     693 watch.go:40] Failed to load config from "/Users/autoknerd/Desktop/autodrive-dev/dataconnect": could not find dataconnect.yaml in `/Users/autoknerd/Desktop/autodrive-dev/dataconnect`
 {"metadata":{"emulator":{"name":"dataconnect"},"message":"E0314 06:28:31.754077     693 watch.go:116] watchAllDir unable to walk dir `/Users/autoknerd/Desktop/autodrive-dev/dataconnect`: lstat /Users/autoknerd/Desktop/autodrive-dev/dataconnect: no such file or directory\nE0314 06:28:31.754114     693 watch.go:40] Failed to load config from \"/Users/autoknerd/Desktop/autodrive-dev/dataconnect\": could not find dataconnect.yaml in `/Users/autoknerd/Desktop/autodrive-dev/dataconnect`\n"}}
[debug] [2026-03-14T10:28:41.754Z] E0314 06:28:41.754441     693 watch.go:40] Failed to load config from "/Users/autoknerd/Desktop/autodrive-dev/dataconnect": could not find dataconnect.yaml in `/Users/autoknerd/Desktop/autodrive-dev/dataconnect`
 {"metadata":{"emulator":{"name":"dataconnect"},"message":"E0314 06:28:41.754441     693 watch.go:40] Failed to load config from \"/Users/autoknerd/Desktop/autodrive-dev/dataconnect\": could not find dataconnect.yaml in `/Users/autoknerd/Desktop/autodrive-dev/dataconnect`\n"}}
[debug] [2026-03-14T10:28:51.753Z] E0314 06:28:51.753564     693 watch.go:40] Failed to load config from "/Users/autoknerd/Desktop/autodrive-dev/dataconnect": could not find dataconnect.yaml in `/Users/autoknerd/Desktop/autodrive-dev/dataconnect`
 {"metadata":{"emulator":{"name":"dataconnect"},"message":"E0314 06:28:51.753564     693 watch.go:40] Failed to load config from \"/Users/autoknerd/Desktop/autodrive-dev/dataconnect\": could not find dataconnect.yaml in `/Users/autoknerd/Desktop/autodrive-dev/dataconnect`\n"}}
[debug] [2026-03-14T10:29:01.754Z] E0314 06:29:01.754187     693 watch.go:40] Failed to load config from "/Users/autoknerd/Desktop/autodrive-dev/dataconnect": could not find dataconnect.yaml in `/Users/autoknerd/Desktop/autodrive-dev/dataconnect`
 {"metadata":{"emulator":{"name":"dataconnect"},"message":"E0314 06:29:01.754187     693 watch.go:40] Failed to load config from \"/Users/autoknerd/Desktop/autodrive-dev/dataconnect\": could not find dataconnect.yaml in `/Users/autoknerd/Desktop/autodrive-dev/dataconnect`\n"}}
[debug] [2026-03-14T10:29:11.755Z] E0314 06:29:11.754714     693 watch.go:40] Failed to load config from "/Users/autoknerd/Desktop/autodrive-dev/dataconnect": could not find dataconnect.yaml in `/Users/autoknerd/Desktop/autodrive-dev/dataconnect`
 {"metadata":{"emulator":{"name":"dataconnect"},"message":"E0314 06:29:11.754714     693 watch.go:40] Failed to load config from \"/Users/autoknerd/Desktop/autodrive-dev/dataconnect\": could not find dataconnect.yaml in `/Users/autoknerd/Desktop/autodrive-dev/dataconnect`\n"}}
[debug] [2026-03-14T10:29:21.754Z] E0314 06:29:21.754369     693 watch.go:40] Failed to load config from "/Users/autoknerd/Desktop/autodrive-dev/dataconnect": could not find dataconnect.yaml in `/Users/autoknerd/Desktop/autodrive-dev/dataconnect`
 {"metadata":{"emulator":{"name":"dataconnect"},"message":"E0314 06:29:21.754369     693 watch.go:40] Failed to load config from \"/Users/autoknerd/Desktop/autodrive-dev/dataconnect\": could not find dataconnect.yaml in `/Users/autoknerd/Desktop/autodrive-dev/dataconnect`\n"}}
[debug] [2026-03-14T10:29:31.754Z] E0314 06:29:31.754190     693 watch.go:40] Failed to load config from "/Users/autoknerd/Desktop/autodrive-dev/dataconnect": could not find dataconnect.yaml in `/Users/autoknerd/Desktop/autodrive-dev/dataconnect`
E0314 06:29:31.754153     693 watch.go:116] watchAllDir unable to walk dir `/Users/autoknerd/Desktop/autodrive-dev/dataconnect`: lstat /Users/autoknerd/Desktop/autodrive-dev/dataconnect: no such file or directory
 {"metadata":{"emulator":{"name":"dataconnect"},"message":"E0314 06:29:31.754190     693 watch.go:40] Failed to load config from \"/Users/autoknerd/Desktop/autodrive-dev/dataconnect\": could not find dataconnect.yaml in `/Users/autoknerd/Desktop/autodrive-dev/dataconnect`\nE0314 06:29:31.754153     693 watch.go:116] watchAllDir unable to walk dir `/Users/autoknerd/Desktop/autodrive-dev/dataconnect`: lstat /Users/autoknerd/Desktop/autodrive-dev/dataconnect: no such file or directory\n"}}
[debug] [2026-03-14T10:29:41.754Z] E0314 06:29:41.754192     693 watch.go:40] Failed to load config from "/Users/autoknerd/Desktop/autodrive-dev/dataconnect": could not find dataconnect.yaml in `/Users/autoknerd/Desktop/autodrive-dev/dataconnect`
 {"metadata":{"emulator":{"name":"dataconnect"},"message":"E0314 06:29:41.754192     693 watch.go:40] Failed to load config from \"/Users/autoknerd/Desktop/autodrive-dev/dataconnect\": could not find dataconnect.yaml in `/Users/autoknerd/Desktop/autodrive-dev/dataconnect`\n"}}
[debug] [2026-03-14T10:29:51.754Z] E0314 06:29:51.754410     693 watch.go:40] Failed to load config from "/Users/autoknerd/Desktop/autodrive-dev/dataconnect": could not find dataconnect.yaml in `/Users/autoknerd/Desktop/autodrive-dev/dataconnect`
 {"metadata":{"emulator":{"name":"dataconnect"},"message":"E0314 06:29:51.754410     693 watch.go:40] Failed to load config from \"/Users/autoknerd/Desktop/autodrive-dev/dataconnect\": could not find dataconnect.yaml in `/Users/autoknerd/Desktop/autodrive-dev/dataconnect`\n"}}
[debug] [2026-03-14T10:30:01.754Z] E0314 06:30:01.754263     693 watch.go:40] Failed to load config from "/Users/autoknerd/Desktop/autodrive-dev/dataconnect": could not find dataconnect.yaml in `/Users/autoknerd/Desktop/autodrive-dev/dataconnect`
 {"metadata":{"emulator":{"name":"dataconnect"},"message":"E0314 06:30:01.754263     693 watch.go:40] Failed to load config from \"/Users/autoknerd/Desktop/autodrive-dev/dataconnect\": could not find dataconnect.yaml in `/Users/autoknerd/Desktop/autodrive-dev/dataconnect`\n"}}
[debug] [2026-03-14T10:30:11.754Z] E0314 06:30:11.754377     693 watch.go:40] Failed to load config from "/Users/autoknerd/Desktop/autodrive-dev/dataconnect": could not find dataconnect.yaml in `/Users/autoknerd/Desktop/autodrive-dev/dataconnect`
 {"metadata":{"emulator":{"name":"dataconnect"},"message":"E0314 06:30:11.754377     693 watch.go:40] Failed to load config from \"/Users/autoknerd/Desktop/autodrive-dev/dataconnect\": could not find dataconnect.yaml in `/Users/autoknerd/Desktop/autodrive-dev/dataconnect`\n"}}
[debug] [2026-03-14T10:30:21.753Z] E0314 06:30:21.753625     693 watch.go:40] Failed to load config from "/Users/autoknerd/Desktop/autodrive-dev/dataconnect": could not find dataconnect.yaml in `/Users/autoknerd/Desktop/autodrive-dev/dataconnect`
 {"metadata":{"emulator":{"name":"dataconnect"},"message":"E0314 06:30:21.753625     693 watch.go:40] Failed to load config from \"/Users/autoknerd/Desktop/autodrive-dev/dataconnect\": could not find dataconnect.yaml in `/Users/autoknerd/Desktop/autodrive-dev/dataconnect`\n"}}
[debug] [2026-03-14T10:30:31.753Z] E0314 06:30:31.753371     693 watch.go:40] Failed to load config from "/Users/autoknerd/Desktop/autodrive-dev/dataconnect": could not find dataconnect.yaml in `/Users/autoknerd/Desktop/autodrive-dev/dataconnect`
E0314 06:30:31.753351     693 watch.go:116] watchAllDir unable to walk dir `/Users/autoknerd/Desktop/autodrive-dev/dataconnect`: lstat /Users/autoknerd/Desktop/autodrive-dev/dataconnect: no such file or directory
 {"metadata":{"emulator":{"name":"dataconnect"},"message":"E0314 06:30:31.753371     693 watch.go:40] Failed to load config from \"/Users/autoknerd/Desktop/autodrive-dev/dataconnect\": could not find dataconnect.yaml in `/Users/autoknerd/Desktop/autodrive-dev/dataconnect`\nE0314 06:30:31.753351     693 watch.go:116] watchAllDir unable to walk dir `/Users/autoknerd/Desktop/autodrive-dev/dataconnect`: lstat /Users/autoknerd/Desktop/autodrive-dev/dataconnect: no such file or directory\n"}}
[debug] [2026-03-14T10:30:41.754Z] E0314 06:30:41.753968     693 watch.go:40] Failed to load config from "/Users/autoknerd/Desktop/autodrive-dev/dataconnect": could not find dataconnect.yaml in `/Users/autoknerd/Desktop/autodrive-dev/dataconnect`
 {"metadata":{"emulator":{"name":"dataconnect"},"message":"E0314 06:30:41.753968     693 watch.go:40] Failed to load config from \"/Users/autoknerd/Desktop/autodrive-dev/dataconnect\": could not find dataconnect.yaml in `/Users/autoknerd/Desktop/autodrive-dev/dataconnect`\n"}}
[debug] [2026-03-14T10:30:51.754Z] E0314 06:30:51.754386     693 watch.go:40] Failed to load config from "/Users/autoknerd/Desktop/autodrive-dev/dataconnect": could not find dataconnect.yaml in `/Users/autoknerd/Desktop/autodrive-dev/dataconnect`
 {"metadata":{"emulator":{"name":"dataconnect"},"message":"E0314 06:30:51.754386     693 watch.go:40] Failed to load config from \"/Users/autoknerd/Desktop/autodrive-dev/dataconnect\": could not find dataconnect.yaml in `/Users/autoknerd/Desktop/autodrive-dev/dataconnect`\n"}}
[debug] [2026-03-14T10:31:01.754Z] E0314 06:31:01.754187     693 watch.go:40] Failed to load config from "/Users/autoknerd/Desktop/autodrive-dev/dataconnect": could not find dataconnect.yaml in `/Users/autoknerd/Desktop/autodrive-dev/dataconnect`
 {"metadata":{"emulator":{"name":"dataconnect"},"message":"E0314 06:31:01.754187     693 watch.go:40] Failed to load config from \"/Users/autoknerd/Desktop/autodrive-dev/dataconnect\": could not find dataconnect.yaml in `/Users/autoknerd/Desktop/autodrive-dev/dataconnect`\n"}}
[debug] [2026-03-14T10:31:11.754Z] E0314 06:31:11.754347     693 watch.go:40] Failed to load config from "/Users/autoknerd/Desktop/autodrive-dev/dataconnect": could not find dataconnect.yaml in `/Users/autoknerd/Desktop/autodrive-dev/dataconnect`
 {"metadata":{"emulator":{"name":"dataconnect"},"message":"E0314 06:31:11.754347     693 watch.go:40] Failed to load config from \"/Users/autoknerd/Desktop/autodrive-dev/dataconnect\": could not find dataconnect.yaml in `/Users/autoknerd/Desktop/autodrive-dev/dataconnect`\n"}}
[debug] [2026-03-14T10:31:21.754Z] E0314 06:31:21.754518     693 watch.go:40] Failed to load config from "/Users/autoknerd/Desktop/autodrive-dev/dataconnect": could not find dataconnect.yaml in `/Users/autoknerd/Desktop/autodrive-dev/dataconnect`
 {"metadata":{"emulator":{"name":"dataconnect"},"message":"E0314 06:31:21.754518     693 watch.go:40] Failed to load config from \"/Users/autoknerd/Desktop/autodrive-dev/dataconnect\": could not find dataconnect.yaml in `/Users/autoknerd/Desktop/autodrive-dev/dataconnect`\n"}}
[debug] [2026-03-14T10:31:31.754Z] E0314 06:31:31.754119     693 watch.go:116] watchAllDir unable to walk dir `/Users/autoknerd/Desktop/autodrive-dev/dataconnect`: lstat /Users/autoknerd/Desktop/autodrive-dev/dataconnect: no such file or directory
E0314 06:31:31.754144     693 watch.go:40] Failed to load config from "/Users/autoknerd/Desktop/autodrive-dev/dataconnect": could not find dataconnect.yaml in `/Users/autoknerd/Desktop/autodrive-dev/dataconnect`
 {"metadata":{"emulator":{"name":"dataconnect"},"message":"E0314 06:31:31.754119     693 watch.go:116] watchAllDir unable to walk dir `/Users/autoknerd/Desktop/autodrive-dev/dataconnect`: lstat /Users/autoknerd/Desktop/autodrive-dev/dataconnect: no such file or directory\nE0314 06:31:31.754144     693 watch.go:40] Failed to load config from \"/Users/autoknerd/Desktop/autodrive-dev/dataconnect\": could not find dataconnect.yaml in `/Users/autoknerd/Desktop/autodrive-dev/dataconnect`\n"}}
[debug] [2026-03-14T10:31:41.753Z] E0314 06:31:41.753597     693 watch.go:40] Failed to load config from "/Users/autoknerd/Desktop/autodrive-dev/dataconnect": could not find dataconnect.yaml in `/Users/autoknerd/Desktop/autodrive-dev/dataconnect`
 {"metadata":{"emulator":{"name":"dataconnect"},"message":"E0314 06:31:41.753597     693 watch.go:40] Failed to load config from \"/Users/autoknerd/Desktop/autodrive-dev/dataconnect\": could not find dataconnect.yaml in `/Users/autoknerd/Desktop/autodrive-dev/dataconnect`\n"}}
[debug] [2026-03-14T10:31:51.754Z] E0314 06:31:51.754046     693 watch.go:40] Failed to load config from "/Users/autoknerd/Desktop/autodrive-dev/dataconnect": could not find dataconnect.yaml in `/Users/autoknerd/Desktop/autodrive-dev/dataconnect`
 {"metadata":{"emulator":{"name":"dataconnect"},"message":"E0314 06:31:51.754046     693 watch.go:40] Failed to load config from \"/Users/autoknerd/Desktop/autodrive-dev/dataconnect\": could not find dataconnect.yaml in `/Users/autoknerd/Desktop/autodrive-dev/dataconnect`\n"}}
[debug] [2026-03-14T10:32:01.754Z] E0314 06:32:01.754055     693 watch.go:40] Failed to load config from "/Users/autoknerd/Desktop/autodrive-dev/dataconnect": could not find dataconnect.yaml in `/Users/autoknerd/Desktop/autodrive-dev/dataconnect`
 {"metadata":{"emulator":{"name":"dataconnect"},"message":"E0314 06:32:01.754055     693 watch.go:40] Failed to load config from \"/Users/autoknerd/Desktop/autodrive-dev/dataconnect\": could not find dataconnect.yaml in `/Users/autoknerd/Desktop/autodrive-dev/dataconnect`\n"}}
[debug] [2026-03-14T10:32:11.754Z] E0314 06:32:11.754325     693 watch.go:40] Failed to load config from "/Users/autoknerd/Desktop/autodrive-dev/dataconnect": could not find dataconnect.yaml in `/Users/autoknerd/Desktop/autodrive-dev/dataconnect`
 {"metadata":{"emulator":{"name":"dataconnect"},"message":"E0314 06:32:11.754325     693 watch.go:40] Failed to load config from \"/Users/autoknerd/Desktop/autodrive-dev/dataconnect\": could not find dataconnect.yaml in `/Users/autoknerd/Desktop/autodrive-dev/dataconnect`\n"}}
[debug] [2026-03-14T10:32:21.754Z] E0314 06:32:21.754007     693 watch.go:40] Failed to load config from "/Users/autoknerd/Desktop/autodrive-dev/dataconnect": could not find dataconnect.yaml in `/Users/autoknerd/Desktop/autodrive-dev/dataconnect`
 {"metadata":{"emulator":{"name":"dataconnect"},"message":"E0314 06:32:21.754007     693 watch.go:40] Failed to load config from \"/Users/autoknerd/Desktop/autodrive-dev/dataconnect\": could not find dataconnect.yaml in `/Users/autoknerd/Desktop/autodrive-dev/dataconnect`\n"}}
[debug] [2026-03-14T10:32:31.754Z] E0314 06:32:31.754101     693 watch.go:116] watchAllDir unable to walk dir `/Users/autoknerd/Desktop/autodrive-dev/dataconnect`: lstat /Users/autoknerd/Desktop/autodrive-dev/dataconnect: no such file or directory
 {"metadata":{"emulator":{"name":"dataconnect"},"message":"E0314 06:32:31.754101     693 watch.go:116] watchAllDir unable to walk dir `/Users/autoknerd/Desktop/autodrive-dev/dataconnect`: lstat /Users/autoknerd/Desktop/autodrive-dev/dataconnect: no such file or directory\n"}}
[debug] [2026-03-14T10:32:31.755Z] E0314 06:32:31.754369     693 watch.go:40] Failed to load config from "/Users/autoknerd/Desktop/autodrive-dev/dataconnect": could not find dataconnect.yaml in `/Users/autoknerd/Desktop/autodrive-dev/dataconnect`
 {"metadata":{"emulator":{"name":"dataconnect"},"message":"E0314 06:32:31.754369     693 watch.go:40] Failed to load config from \"/Users/autoknerd/Desktop/autodrive-dev/dataconnect\": could not find dataconnect.yaml in `/Users/autoknerd/Desktop/autodrive-dev/dataconnect`\n"}}
[debug] [2026-03-14T10:32:41.754Z] E0314 06:32:41.754596     693 watch.go:40] Failed to load config from "/Users/autoknerd/Desktop/autodrive-dev/dataconnect": could not find dataconnect.yaml in `/Users/autoknerd/Desktop/autodrive-dev/dataconnect`
 {"metadata":{"emulator":{"name":"dataconnect"},"message":"E0314 06:32:41.754596     693 watch.go:40] Failed to load config from \"/Users/autoknerd/Desktop/autodrive-dev/dataconnect\": could not find dataconnect.yaml in `/Users/autoknerd/Desktop/autodrive-dev/dataconnect`\n"}}
[debug] [2026-03-14T10:32:51.754Z] E0314 06:32:51.754436     693 watch.go:40] Failed to load config from "/Users/autoknerd/Desktop/autodrive-dev/dataconnect": could not find dataconnect.yaml in `/Users/autoknerd/Desktop/autodrive-dev/dataconnect`
 {"metadata":{"emulator":{"name":"dataconnect"},"message":"E0314 06:32:51.754436     693 watch.go:40] Failed to load config from \"/Users/autoknerd/Desktop/autodrive-dev/dataconnect\": could not find dataconnect.yaml in `/Users/autoknerd/Desktop/autodrive-dev/dataconnect`\n"}}
[debug] [2026-03-14T10:33:01.754Z] E0314 06:33:01.754204     693 watch.go:40] Failed to load config from "/Users/autoknerd/Desktop/autodrive-dev/dataconnect": could not find dataconnect.yaml in `/Users/autoknerd/Desktop/autodrive-dev/dataconnect`
 {"metadata":{"emulator":{"name":"dataconnect"},"message":"E0314 06:33:01.754204     693 watch.go:40] Failed to load config from \"/Users/autoknerd/Desktop/autodrive-dev/dataconnect\": could not find dataconnect.yaml in `/Users/autoknerd/Desktop/autodrive-dev/dataconnect`\n"}}
[debug] [2026-03-14T10:33:11.754Z] E0314 06:33:11.754228     693 watch.go:40] Failed to load config from "/Users/autoknerd/Desktop/autodrive-dev/dataconnect": could not find dataconnect.yaml in `/Users/autoknerd/Desktop/autodrive-dev/dataconnect`
 {"metadata":{"emulator":{"name":"dataconnect"},"message":"E0314 06:33:11.754228     693 watch.go:40] Failed to load config from \"/Users/autoknerd/Desktop/autodrive-dev/dataconnect\": could not find dataconnect.yaml in `/Users/autoknerd/Desktop/autodrive-dev/dataconnect`\n"}}
[debug] [2026-03-14T10:33:21.754Z] E0314 06:33:21.754513     693 watch.go:40] Failed to load config from "/Users/autoknerd/Desktop/autodrive-dev/dataconnect": could not find dataconnect.yaml in `/Users/autoknerd/Desktop/autodrive-dev/dataconnect`
 {"metadata":{"emulator":{"name":"dataconnect"},"message":"E0314 06:33:21.754513     693 watch.go:40] Failed to load config from \"/Users/autoknerd/Desktop/autodrive-dev/dataconnect\": could not find dataconnect.yaml in `/Users/autoknerd/Desktop/autodrive-dev/dataconnect`\n"}}
[debug] [2026-03-14T10:33:31.754Z] E0314 06:33:31.754153     693 watch.go:116] watchAllDir unable to walk dir `/Users/autoknerd/Desktop/autodrive-dev/dataconnect`: lstat /Users/autoknerd/Desktop/autodrive-dev/dataconnect: no such file or directory
E0314 06:33:31.754188     693 watch.go:40] Failed to load config from "/Users/autoknerd/Desktop/autodrive-dev/dataconnect": could not find dataconnect.yaml in `/Users/autoknerd/Desktop/autodrive-dev/dataconnect`
 {"metadata":{"emulator":{"name":"dataconnect"},"message":"E0314 06:33:31.754153     693 watch.go:116] watchAllDir unable to walk dir `/Users/autoknerd/Desktop/autodrive-dev/dataconnect`: lstat /Users/autoknerd/Desktop/autodrive-dev/dataconnect: no such file or directory\nE0314 06:33:31.754188     693 watch.go:40] Failed to load config from \"/Users/autoknerd/Desktop/autodrive-dev/dataconnect\": could not find dataconnect.yaml in `/Users/autoknerd/Desktop/autodrive-dev/dataconnect`\n"}}
[debug] [2026-03-14T10:33:41.754Z] E0314 06:33:41.754502     693 watch.go:40] Failed to load config from "/Users/autoknerd/Desktop/autodrive-dev/dataconnect": could not find dataconnect.yaml in `/Users/autoknerd/Desktop/autodrive-dev/dataconnect`
 {"metadata":{"emulator":{"name":"dataconnect"},"message":"E0314 06:33:41.754502     693 watch.go:40] Failed to load config from \"/Users/autoknerd/Desktop/autodrive-dev/dataconnect\": could not find dataconnect.yaml in `/Users/autoknerd/Desktop/autodrive-dev/dataconnect`\n"}}
[debug] [2026-03-14T10:33:51.754Z] E0314 06:33:51.754554     693 watch.go:40] Failed to load config from "/Users/autoknerd/Desktop/autodrive-dev/dataconnect": could not find dataconnect.yaml in `/Users/autoknerd/Desktop/autodrive-dev/dataconnect`
 {"metadata":{"emulator":{"name":"dataconnect"},"message":"E0314 06:33:51.754554     693 watch.go:40] Failed to load config from \"/Users/autoknerd/Desktop/autodrive-dev/dataconnect\": could not find dataconnect.yaml in `/Users/autoknerd/Desktop/autodrive-dev/dataconnect`\n"}}
[debug] [2026-03-14T10:34:01.756Z] E0314 06:34:01.755695     693 watch.go:40] Failed to load config from "/Users/autoknerd/Desktop/autodrive-dev/dataconnect": could not find dataconnect.yaml in `/Users/autoknerd/Desktop/autodrive-dev/dataconnect`
 {"metadata":{"emulator":{"name":"dataconnect"},"message":"E0314 06:34:01.755695     693 watch.go:40] Failed to load config from \"/Users/autoknerd/Desktop/autodrive-dev/dataconnect\": could not find dataconnect.yaml in `/Users/autoknerd/Desktop/autodrive-dev/dataconnect`\n"}}
[debug] [2026-03-14T10:34:11.753Z] E0314 06:34:11.753772     693 watch.go:40] Failed to load config from "/Users/autoknerd/Desktop/autodrive-dev/dataconnect": could not find dataconnect.yaml in `/Users/autoknerd/Desktop/autodrive-dev/dataconnect`
 {"metadata":{"emulator":{"name":"dataconnect"},"message":"E0314 06:34:11.753772     693 watch.go:40] Failed to load config from \"/Users/autoknerd/Desktop/autodrive-dev/dataconnect\": could not find dataconnect.yaml in `/Users/autoknerd/Desktop/autodrive-dev/dataconnect`\n"}}
[debug] [2026-03-14T10:34:21.754Z] E0314 06:34:21.754393     693 watch.go:40] Failed to load config from "/Users/autoknerd/Desktop/autodrive-dev/dataconnect": could not find dataconnect.yaml in `/Users/autoknerd/Desktop/autodrive-dev/dataconnect`
 {"metadata":{"emulator":{"name":"dataconnect"},"message":"E0314 06:34:21.754393     693 watch.go:40] Failed to load config from \"/Users/autoknerd/Desktop/autodrive-dev/dataconnect\": could not find dataconnect.yaml in `/Users/autoknerd/Desktop/autodrive-dev/dataconnect`\n"}}
[debug] [2026-03-14T10:34:31.754Z] E0314 06:34:31.753989     693 watch.go:116] watchAllDir unable to walk dir `/Users/autoknerd/Desktop/autodrive-dev/dataconnect`: lstat /Users/autoknerd/Desktop/autodrive-dev/dataconnect: no such file or directory
E0314 06:34:31.754038     693 watch.go:40] Failed to load config from "/Users/autoknerd/Desktop/autodrive-dev/dataconnect": could not find dataconnect.yaml in `/Users/autoknerd/Desktop/autodrive-dev/dataconnect`
 {"metadata":{"emulator":{"name":"dataconnect"},"message":"E0314 06:34:31.753989     693 watch.go:116] watchAllDir unable to walk dir `/Users/autoknerd/Desktop/autodrive-dev/dataconnect`: lstat /Users/autoknerd/Desktop/autodrive-dev/dataconnect: no such file or directory\nE0314 06:34:31.754038     693 watch.go:40] Failed to load config from \"/Users/autoknerd/Desktop/autodrive-dev/dataconnect\": could not find dataconnect.yaml in `/Users/autoknerd/Desktop/autodrive-dev/dataconnect`\n"}}
[debug] [2026-03-14T10:34:41.756Z] E0314 06:34:41.754788     693 watch.go:40] Failed to load config from "/Users/autoknerd/Desktop/autodrive-dev/dataconnect": could not find dataconnect.yaml in `/Users/autoknerd/Desktop/autodrive-dev/dataconnect`
 {"metadata":{"emulator":{"name":"dataconnect"},"message":"E0314 06:34:41.754788     693 watch.go:40] Failed to load config from \"/Users/autoknerd/Desktop/autodrive-dev/dataconnect\": could not find dataconnect.yaml in `/Users/autoknerd/Desktop/autodrive-dev/dataconnect`\n"}}
[debug] [2026-03-14T10:34:51.754Z] E0314 06:34:51.754474     693 watch.go:40] Failed to load config from "/Users/autoknerd/Desktop/autodrive-dev/dataconnect": could not find dataconnect.yaml in `/Users/autoknerd/Desktop/autodrive-dev/dataconnect`
 {"metadata":{"emulator":{"name":"dataconnect"},"message":"E0314 06:34:51.754474     693 watch.go:40] Failed to load config from \"/Users/autoknerd/Desktop/autodrive-dev/dataconnect\": could not find dataconnect.yaml in `/Users/autoknerd/Desktop/autodrive-dev/dataconnect`\n"}}
[debug] [2026-03-14T10:35:01.753Z] E0314 06:35:01.753464     693 watch.go:40] Failed to load config from "/Users/autoknerd/Desktop/autodrive-dev/dataconnect": could not find dataconnect.yaml in `/Users/autoknerd/Desktop/autodrive-dev/dataconnect`
 {"metadata":{"emulator":{"name":"dataconnect"},"message":"E0314 06:35:01.753464     693 watch.go:40] Failed to load config from \"/Users/autoknerd/Desktop/autodrive-dev/dataconnect\": could not find dataconnect.yaml in `/Users/autoknerd/Desktop/autodrive-dev/dataconnect`\n"}}
[debug] [2026-03-14T10:35:11.753Z] E0314 06:35:11.753575     693 watch.go:40] Failed to load config from "/Users/autoknerd/Desktop/autodrive-dev/dataconnect": could not find dataconnect.yaml in `/Users/autoknerd/Desktop/autodrive-dev/dataconnect`
 {"metadata":{"emulator":{"name":"dataconnect"},"message":"E0314 06:35:11.753575     693 watch.go:40] Failed to load config from \"/Users/autoknerd/Desktop/autodrive-dev/dataconnect\": could not find dataconnect.yaml in `/Users/autoknerd/Desktop/autodrive-dev/dataconnect`\n"}}
[debug] [2026-03-14T10:35:21.754Z] E0314 06:35:21.754422     693 watch.go:40] Failed to load config from "/Users/autoknerd/Desktop/autodrive-dev/dataconnect": could not find dataconnect.yaml in `/Users/autoknerd/Desktop/autodrive-dev/dataconnect`
 {"metadata":{"emulator":{"name":"dataconnect"},"message":"E0314 06:35:21.754422     693 watch.go:40] Failed to load config from \"/Users/autoknerd/Desktop/autodrive-dev/dataconnect\": could not find dataconnect.yaml in `/Users/autoknerd/Desktop/autodrive-dev/dataconnect`\n"}}
[debug] [2026-03-14T10:35:31.753Z] E0314 06:35:31.753529     693 watch.go:116] watchAllDir unable to walk dir `/Users/autoknerd/Desktop/autodrive-dev/dataconnect`: lstat /Users/autoknerd/Desktop/autodrive-dev/dataconnect: no such file or directory
E0314 06:35:31.753561     693 watch.go:40] Failed to load config from "/Users/autoknerd/Desktop/autodrive-dev/dataconnect": could not find dataconnect.yaml in `/Users/autoknerd/Desktop/autodrive-dev/dataconnect`
 {"metadata":{"emulator":{"name":"dataconnect"},"message":"E0314 06:35:31.753529     693 watch.go:116] watchAllDir unable to walk dir `/Users/autoknerd/Desktop/autodrive-dev/dataconnect`: lstat /Users/autoknerd/Desktop/autodrive-dev/dataconnect: no such file or directory\nE0314 06:35:31.753561     693 watch.go:40] Failed to load config from \"/Users/autoknerd/Desktop/autodrive-dev/dataconnect\": could not find dataconnect.yaml in `/Users/autoknerd/Desktop/autodrive-dev/dataconnect`\n"}}
[debug] [2026-03-14T10:35:41.754Z] E0314 06:35:41.753993     693 watch.go:40] Failed to load config from "/Users/autoknerd/Desktop/autodrive-dev/dataconnect": could not find dataconnect.yaml in `/Users/autoknerd/Desktop/autodrive-dev/dataconnect`
 {"metadata":{"emulator":{"name":"dataconnect"},"message":"E0314 06:35:41.753993     693 watch.go:40] Failed to load config from \"/Users/autoknerd/Desktop/autodrive-dev/dataconnect\": could not find dataconnect.yaml in `/Users/autoknerd/Desktop/autodrive-dev/dataconnect`\n"}}
[debug] [2026-03-14T10:35:51.754Z] E0314 06:35:51.753917     693 watch.go:40] Failed to load config from "/Users/autoknerd/Desktop/autodrive-dev/dataconnect": could not find dataconnect.yaml in `/Users/autoknerd/Desktop/autodrive-dev/dataconnect`
 {"metadata":{"emulator":{"name":"dataconnect"},"message":"E0314 06:35:51.753917     693 watch.go:40] Failed to load config from \"/Users/autoknerd/Desktop/autodrive-dev/dataconnect\": could not find dataconnect.yaml in `/Users/autoknerd/Desktop/autodrive-dev/dataconnect`\n"}}
[debug] [2026-03-14T10:36:01.754Z] E0314 06:36:01.754144     693 watch.go:40] Failed to load config from "/Users/autoknerd/Desktop/autodrive-dev/dataconnect": could not find dataconnect.yaml in `/Users/autoknerd/Desktop/autodrive-dev/dataconnect`
 {"metadata":{"emulator":{"name":"dataconnect"},"message":"E0314 06:36:01.754144     693 watch.go:40] Failed to load config from \"/Users/autoknerd/Desktop/autodrive-dev/dataconnect\": could not find dataconnect.yaml in `/Users/autoknerd/Desktop/autodrive-dev/dataconnect`\n"}}
[debug] [2026-03-14T10:36:11.754Z] E0314 06:36:11.754447     693 watch.go:40] Failed to load config from "/Users/autoknerd/Desktop/autodrive-dev/dataconnect": could not find dataconnect.yaml in `/Users/autoknerd/Desktop/autodrive-dev/dataconnect`
 {"metadata":{"emulator":{"name":"dataconnect"},"message":"E0314 06:36:11.754447     693 watch.go:40] Failed to load config from \"/Users/autoknerd/Desktop/autodrive-dev/dataconnect\": could not find dataconnect.yaml in `/Users/autoknerd/Desktop/autodrive-dev/dataconnect`\n"}}
[debug] [2026-03-14T10:36:21.753Z] E0314 06:36:21.753511     693 watch.go:40] Failed to load config from "/Users/autoknerd/Desktop/autodrive-dev/dataconnect": could not find dataconnect.yaml in `/Users/autoknerd/Desktop/autodrive-dev/dataconnect`
 {"metadata":{"emulator":{"name":"dataconnect"},"message":"E0314 06:36:21.753511     693 watch.go:40] Failed to load config from \"/Users/autoknerd/Desktop/autodrive-dev/dataconnect\": could not find dataconnect.yaml in `/Users/autoknerd/Desktop/autodrive-dev/dataconnect`\n"}}
[debug] [2026-03-14T10:36:31.753Z] E0314 06:36:31.753641     693 watch.go:40] Failed to load config from "/Users/autoknerd/Desktop/autodrive-dev/dataconnect": could not find dataconnect.yaml in `/Users/autoknerd/Desktop/autodrive-dev/dataconnect`
E0314 06:36:31.753609     693 watch.go:116] watchAllDir unable to walk dir `/Users/autoknerd/Desktop/autodrive-dev/dataconnect`: lstat /Users/autoknerd/Desktop/autodrive-dev/dataconnect: no such file or directory
 {"metadata":{"emulator":{"name":"dataconnect"},"message":"E0314 06:36:31.753641     693 watch.go:40] Failed to load config from \"/Users/autoknerd/Desktop/autodrive-dev/dataconnect\": could not find dataconnect.yaml in `/Users/autoknerd/Desktop/autodrive-dev/dataconnect`\nE0314 06:36:31.753609     693 watch.go:116] watchAllDir unable to walk dir `/Users/autoknerd/Desktop/autodrive-dev/dataconnect`: lstat /Users/autoknerd/Desktop/autodrive-dev/dataconnect: no such file or directory\n"}}
[debug] [2026-03-14T10:36:41.754Z] E0314 06:36:41.754316     693 watch.go:40] Failed to load config from "/Users/autoknerd/Desktop/autodrive-dev/dataconnect": could not find dataconnect.yaml in `/Users/autoknerd/Desktop/autodrive-dev/dataconnect`
 {"metadata":{"emulator":{"name":"dataconnect"},"message":"E0314 06:36:41.754316     693 watch.go:40] Failed to load config from \"/Users/autoknerd/Desktop/autodrive-dev/dataconnect\": could not find dataconnect.yaml in `/Users/autoknerd/Desktop/autodrive-dev/dataconnect`\n"}}
[debug] [2026-03-14T10:36:51.754Z] E0314 06:36:51.754525     693 watch.go:40] Failed to load config from "/Users/autoknerd/Desktop/autodrive-dev/dataconnect": could not find dataconnect.yaml in `/Users/autoknerd/Desktop/autodrive-dev/dataconnect`
 {"metadata":{"emulator":{"name":"dataconnect"},"message":"E0314 06:36:51.754525     693 watch.go:40] Failed to load config from \"/Users/autoknerd/Desktop/autodrive-dev/dataconnect\": could not find dataconnect.yaml in `/Users/autoknerd/Desktop/autodrive-dev/dataconnect`\n"}}
[debug] [2026-03-14T10:37:01.753Z] E0314 06:37:01.753456     693 watch.go:40] Failed to load config from "/Users/autoknerd/Desktop/autodrive-dev/dataconnect": could not find dataconnect.yaml in `/Users/autoknerd/Desktop/autodrive-dev/dataconnect`
 {"metadata":{"emulator":{"name":"dataconnect"},"message":"E0314 06:37:01.753456     693 watch.go:40] Failed to load config from \"/Users/autoknerd/Desktop/autodrive-dev/dataconnect\": could not find dataconnect.yaml in `/Users/autoknerd/Desktop/autodrive-dev/dataconnect`\n"}}
[debug] [2026-03-14T10:37:11.754Z] E0314 06:37:11.753869     693 watch.go:40] Failed to load config from "/Users/autoknerd/Desktop/autodrive-dev/dataconnect": could not find dataconnect.yaml in `/Users/autoknerd/Desktop/autodrive-dev/dataconnect`
 {"metadata":{"emulator":{"name":"dataconnect"},"message":"E0314 06:37:11.753869     693 watch.go:40] Failed to load config from \"/Users/autoknerd/Desktop/autodrive-dev/dataconnect\": could not find dataconnect.yaml in `/Users/autoknerd/Desktop/autodrive-dev/dataconnect`\n"}}
[debug] [2026-03-14T10:37:21.754Z] E0314 06:37:21.754368     693 watch.go:40] Failed to load config from "/Users/autoknerd/Desktop/autodrive-dev/dataconnect": could not find dataconnect.yaml in `/Users/autoknerd/Desktop/autodrive-dev/dataconnect`
 {"metadata":{"emulator":{"name":"dataconnect"},"message":"E0314 06:37:21.754368     693 watch.go:40] Failed to load config from \"/Users/autoknerd/Desktop/autodrive-dev/dataconnect\": could not find dataconnect.yaml in `/Users/autoknerd/Desktop/autodrive-dev/dataconnect`\n"}}
[debug] [2026-03-14T10:37:31.753Z] E0314 06:37:31.753766     693 watch.go:116] watchAllDir unable to walk dir `/Users/autoknerd/Desktop/autodrive-dev/dataconnect`: lstat /Users/autoknerd/Desktop/autodrive-dev/dataconnect: no such file or directory
E0314 06:37:31.753779     693 watch.go:40] Failed to load config from "/Users/autoknerd/Desktop/autodrive-dev/dataconnect": could not find dataconnect.yaml in `/Users/autoknerd/Desktop/autodrive-dev/dataconnect`
 {"metadata":{"emulator":{"name":"dataconnect"},"message":"E0314 06:37:31.753766     693 watch.go:116] watchAllDir unable to walk dir `/Users/autoknerd/Desktop/autodrive-dev/dataconnect`: lstat /Users/autoknerd/Desktop/autodrive-dev/dataconnect: no such file or directory\nE0314 06:37:31.753779     693 watch.go:40] Failed to load config from \"/Users/autoknerd/Desktop/autodrive-dev/dataconnect\": could not find dataconnect.yaml in `/Users/autoknerd/Desktop/autodrive-dev/dataconnect`\n"}}
[debug] [2026-03-14T10:37:41.754Z] E0314 06:37:41.753836     693 watch.go:40] Failed to load config from "/Users/autoknerd/Desktop/autodrive-dev/dataconnect": could not find dataconnect.yaml in `/Users/autoknerd/Desktop/autodrive-dev/dataconnect`
 {"metadata":{"emulator":{"name":"dataconnect"},"message":"E0314 06:37:41.753836     693 watch.go:40] Failed to load config from \"/Users/autoknerd/Desktop/autodrive-dev/dataconnect\": could not find dataconnect.yaml in `/Users/autoknerd/Desktop/autodrive-dev/dataconnect`\n"}}
[debug] [2026-03-14T10:37:51.754Z] E0314 06:37:51.754416     693 watch.go:40] Failed to load config from "/Users/autoknerd/Desktop/autodrive-dev/dataconnect": could not find dataconnect.yaml in `/Users/autoknerd/Desktop/autodrive-dev/dataconnect`
 {"metadata":{"emulator":{"name":"dataconnect"},"message":"E0314 06:37:51.754416     693 watch.go:40] Failed to load config from \"/Users/autoknerd/Desktop/autodrive-dev/dataconnect\": could not find dataconnect.yaml in `/Users/autoknerd/Desktop/autodrive-dev/dataconnect`\n"}}
[debug] [2026-03-14T10:38:01.753Z] E0314 06:38:01.753475     693 watch.go:40] Failed to load config from "/Users/autoknerd/Desktop/autodrive-dev/dataconnect": could not find dataconnect.yaml in `/Users/autoknerd/Desktop/autodrive-dev/dataconnect`
 {"metadata":{"emulator":{"name":"dataconnect"},"message":"E0314 06:38:01.753475     693 watch.go:40] Failed to load config from \"/Users/autoknerd/Desktop/autodrive-dev/dataconnect\": could not find dataconnect.yaml in `/Users/autoknerd/Desktop/autodrive-dev/dataconnect`\n"}}
[debug] [2026-03-14T10:38:11.754Z] E0314 06:38:11.754762     693 watch.go:40] Failed to load config from "/Users/autoknerd/Desktop/autodrive-dev/dataconnect": could not find dataconnect.yaml in `/Users/autoknerd/Desktop/autodrive-dev/dataconnect`
 {"metadata":{"emulator":{"name":"dataconnect"},"message":"E0314 06:38:11.754762     693 watch.go:40] Failed to load config from \"/Users/autoknerd/Desktop/autodrive-dev/dataconnect\": could not find dataconnect.yaml in `/Users/autoknerd/Desktop/autodrive-dev/dataconnect`\n"}}
[debug] [2026-03-14T10:38:21.754Z] E0314 06:38:21.753888     693 watch.go:40] Failed to load config from "/Users/autoknerd/Desktop/autodrive-dev/dataconnect": could not find dataconnect.yaml in `/Users/autoknerd/Desktop/autodrive-dev/dataconnect`
 {"metadata":{"emulator":{"name":"dataconnect"},"message":"E0314 06:38:21.753888     693 watch.go:40] Failed to load config from \"/Users/autoknerd/Desktop/autodrive-dev/dataconnect\": could not find dataconnect.yaml in `/Users/autoknerd/Desktop/autodrive-dev/dataconnect`\n"}}
[debug] [2026-03-14T10:38:31.754Z] E0314 06:38:31.753880     693 watch.go:116] watchAllDir unable to walk dir `/Users/autoknerd/Desktop/autodrive-dev/dataconnect`: lstat /Users/autoknerd/Desktop/autodrive-dev/dataconnect: no such file or directory
E0314 06:38:31.753955     693 watch.go:40] Failed to load config from "/Users/autoknerd/Desktop/autodrive-dev/dataconnect": could not find dataconnect.yaml in `/Users/autoknerd/Desktop/autodrive-dev/dataconnect`
 {"metadata":{"emulator":{"name":"dataconnect"},"message":"E0314 06:38:31.753880     693 watch.go:116] watchAllDir unable to walk dir `/Users/autoknerd/Desktop/autodrive-dev/dataconnect`: lstat /Users/autoknerd/Desktop/autodrive-dev/dataconnect: no such file or directory\nE0314 06:38:31.753955     693 watch.go:40] Failed to load config from \"/Users/autoknerd/Desktop/autodrive-dev/dataconnect\": could not find dataconnect.yaml in `/Users/autoknerd/Desktop/autodrive-dev/dataconnect`\n"}}
[debug] [2026-03-14T10:38:41.754Z] E0314 06:38:41.753940     693 watch.go:40] Failed to load config from "/Users/autoknerd/Desktop/autodrive-dev/dataconnect": could not find dataconnect.yaml in `/Users/autoknerd/Desktop/autodrive-dev/dataconnect`
 {"metadata":{"emulator":{"name":"dataconnect"},"message":"E0314 06:38:41.753940     693 watch.go:40] Failed to load config from \"/Users/autoknerd/Desktop/autodrive-dev/dataconnect\": could not find dataconnect.yaml in `/Users/autoknerd/Desktop/autodrive-dev/dataconnect`\n"}}
[debug] [2026-03-14T10:38:51.753Z] E0314 06:38:51.753497     693 watch.go:40] Failed to load config from "/Users/autoknerd/Desktop/autodrive-dev/dataconnect": could not find dataconnect.yaml in `/Users/autoknerd/Desktop/autodrive-dev/dataconnect`
 {"metadata":{"emulator":{"name":"dataconnect"},"message":"E0314 06:38:51.753497     693 watch.go:40] Failed to load config from \"/Users/autoknerd/Desktop/autodrive-dev/dataconnect\": could not find dataconnect.yaml in `/Users/autoknerd/Desktop/autodrive-dev/dataconnect`\n"}}
[debug] [2026-03-14T10:39:01.754Z] E0314 06:39:01.754001     693 watch.go:40] Failed to load config from "/Users/autoknerd/Desktop/autodrive-dev/dataconnect": could not find dataconnect.yaml in `/Users/autoknerd/Desktop/autodrive-dev/dataconnect`
 {"metadata":{"emulator":{"name":"dataconnect"},"message":"E0314 06:39:01.754001     693 watch.go:40] Failed to load config from \"/Users/autoknerd/Desktop/autodrive-dev/dataconnect\": could not find dataconnect.yaml in `/Users/autoknerd/Desktop/autodrive-dev/dataconnect`\n"}}
[debug] [2026-03-14T10:39:11.754Z] E0314 06:39:11.754626     693 watch.go:40] Failed to load config from "/Users/autoknerd/Desktop/autodrive-dev/dataconnect": could not find dataconnect.yaml in `/Users/autoknerd/Desktop/autodrive-dev/dataconnect`
 {"metadata":{"emulator":{"name":"dataconnect"},"message":"E0314 06:39:11.754626     693 watch.go:40] Failed to load config from \"/Users/autoknerd/Desktop/autodrive-dev/dataconnect\": could not find dataconnect.yaml in `/Users/autoknerd/Desktop/autodrive-dev/dataconnect`\n"}}
[debug] [2026-03-14T10:39:21.754Z] E0314 06:39:21.754254     693 watch.go:40] Failed to load config from "/Users/autoknerd/Desktop/autodrive-dev/dataconnect": could not find dataconnect.yaml in `/Users/autoknerd/Desktop/autodrive-dev/dataconnect`
 {"metadata":{"emulator":{"name":"dataconnect"},"message":"E0314 06:39:21.754254     693 watch.go:40] Failed to load config from \"/Users/autoknerd/Desktop/autodrive-dev/dataconnect\": could not find dataconnect.yaml in `/Users/autoknerd/Desktop/autodrive-dev/dataconnect`\n"}}
[debug] [2026-03-14T10:39:31.753Z] E0314 06:39:31.753505     693 watch.go:116] watchAllDir unable to walk dir `/Users/autoknerd/Desktop/autodrive-dev/dataconnect`: lstat /Users/autoknerd/Desktop/autodrive-dev/dataconnect: no such file or directory
E0314 06:39:31.753563     693 watch.go:40] Failed to load config from "/Users/autoknerd/Desktop/autodrive-dev/dataconnect": could not find dataconnect.yaml in `/Users/autoknerd/Desktop/autodrive-dev/dataconnect`
 {"metadata":{"emulator":{"name":"dataconnect"},"message":"E0314 06:39:31.753505     693 watch.go:116] watchAllDir unable to walk dir `/Users/autoknerd/Desktop/autodrive-dev/dataconnect`: lstat /Users/autoknerd/Desktop/autodrive-dev/dataconnect: no such file or directory\nE0314 06:39:31.753563     693 watch.go:40] Failed to load config from \"/Users/autoknerd/Desktop/autodrive-dev/dataconnect\": could not find dataconnect.yaml in `/Users/autoknerd/Desktop/autodrive-dev/dataconnect`\n"}}
[debug] [2026-03-14T10:39:41.753Z] E0314 06:39:41.753539     693 watch.go:40] Failed to load config from "/Users/autoknerd/Desktop/autodrive-dev/dataconnect": could not find dataconnect.yaml in `/Users/autoknerd/Desktop/autodrive-dev/dataconnect`
 {"metadata":{"emulator":{"name":"dataconnect"},"message":"E0314 06:39:41.753539     693 watch.go:40] Failed to load config from \"/Users/autoknerd/Desktop/autodrive-dev/dataconnect\": could not find dataconnect.yaml in `/Users/autoknerd/Desktop/autodrive-dev/dataconnect`\n"}}
[debug] [2026-03-14T10:39:51.754Z] E0314 06:39:51.754313     693 watch.go:40] Failed to load config from "/Users/autoknerd/Desktop/autodrive-dev/dataconnect": could not find dataconnect.yaml in `/Users/autoknerd/Desktop/autodrive-dev/dataconnect`
 {"metadata":{"emulator":{"name":"dataconnect"},"message":"E0314 06:39:51.754313     693 watch.go:40] Failed to load config from \"/Users/autoknerd/Desktop/autodrive-dev/dataconnect\": could not find dataconnect.yaml in `/Users/autoknerd/Desktop/autodrive-dev/dataconnect`\n"}}
[debug] [2026-03-14T10:40:01.753Z] E0314 06:40:01.753435     693 watch.go:40] Failed to load config from "/Users/autoknerd/Desktop/autodrive-dev/dataconnect": could not find dataconnect.yaml in `/Users/autoknerd/Desktop/autodrive-dev/dataconnect`
 {"metadata":{"emulator":{"name":"dataconnect"},"message":"E0314 06:40:01.753435     693 watch.go:40] Failed to load config from \"/Users/autoknerd/Desktop/autodrive-dev/dataconnect\": could not find dataconnect.yaml in `/Users/autoknerd/Desktop/autodrive-dev/dataconnect`\n"}}
[debug] [2026-03-14T10:40:11.753Z] E0314 06:40:11.753539     693 watch.go:40] Failed to load config from "/Users/autoknerd/Desktop/autodrive-dev/dataconnect": could not find dataconnect.yaml in `/Users/autoknerd/Desktop/autodrive-dev/dataconnect`
 {"metadata":{"emulator":{"name":"dataconnect"},"message":"E0314 06:40:11.753539     693 watch.go:40] Failed to load config from \"/Users/autoknerd/Desktop/autodrive-dev/dataconnect\": could not find dataconnect.yaml in `/Users/autoknerd/Desktop/autodrive-dev/dataconnect`\n"}}
[debug] [2026-03-14T10:40:21.754Z] E0314 06:40:21.754291     693 watch.go:40] Failed to load config from "/Users/autoknerd/Desktop/autodrive-dev/dataconnect": could not find dataconnect.yaml in `/Users/autoknerd/Desktop/autodrive-dev/dataconnect`
 {"metadata":{"emulator":{"name":"dataconnect"},"message":"E0314 06:40:21.754291     693 watch.go:40] Failed to load config from \"/Users/autoknerd/Desktop/autodrive-dev/dataconnect\": could not find dataconnect.yaml in `/Users/autoknerd/Desktop/autodrive-dev/dataconnect`\n"}}
[debug] [2026-03-14T10:40:31.753Z] E0314 06:40:31.753651     693 watch.go:40] Failed to load config from "/Users/autoknerd/Desktop/autodrive-dev/dataconnect": could not find dataconnect.yaml in `/Users/autoknerd/Desktop/autodrive-dev/dataconnect`
E0314 06:40:31.753608     693 watch.go:116] watchAllDir unable to walk dir `/Users/autoknerd/Desktop/autodrive-dev/dataconnect`: lstat /Users/autoknerd/Desktop/autodrive-dev/dataconnect: no such file or directory
 {"metadata":{"emulator":{"name":"dataconnect"},"message":"E0314 06:40:31.753651     693 watch.go:40] Failed to load config from \"/Users/autoknerd/Desktop/autodrive-dev/dataconnect\": could not find dataconnect.yaml in `/Users/autoknerd/Desktop/autodrive-dev/dataconnect`\nE0314 06:40:31.753608     693 watch.go:116] watchAllDir unable to walk dir `/Users/autoknerd/Desktop/autodrive-dev/dataconnect`: lstat /Users/autoknerd/Desktop/autodrive-dev/dataconnect: no such file or directory\n"}}
[debug] [2026-03-14T10:40:41.754Z] E0314 06:40:41.754218     693 watch.go:40] Failed to load config from "/Users/autoknerd/Desktop/autodrive-dev/dataconnect": could not find dataconnect.yaml in `/Users/autoknerd/Desktop/autodrive-dev/dataconnect`
 {"metadata":{"emulator":{"name":"dataconnect"},"message":"E0314 06:40:41.754218     693 watch.go:40] Failed to load config from \"/Users/autoknerd/Desktop/autodrive-dev/dataconnect\": could not find dataconnect.yaml in `/Users/autoknerd/Desktop/autodrive-dev/dataconnect`\n"}}
[debug] [2026-03-14T10:40:51.754Z] E0314 06:40:51.754339     693 watch.go:40] Failed to load config from "/Users/autoknerd/Desktop/autodrive-dev/dataconnect": could not find dataconnect.yaml in `/Users/autoknerd/Desktop/autodrive-dev/dataconnect`
 {"metadata":{"emulator":{"name":"dataconnect"},"message":"E0314 06:40:51.754339     693 watch.go:40] Failed to load config from \"/Users/autoknerd/Desktop/autodrive-dev/dataconnect\": could not find dataconnect.yaml in `/Users/autoknerd/Desktop/autodrive-dev/dataconnect`\n"}}
[debug] [2026-03-14T10:41:01.753Z] E0314 06:41:01.753342     693 watch.go:40] Failed to load config from "/Users/autoknerd/Desktop/autodrive-dev/dataconnect": could not find dataconnect.yaml in `/Users/autoknerd/Desktop/autodrive-dev/dataconnect`
 {"metadata":{"emulator":{"name":"dataconnect"},"message":"E0314 06:41:01.753342     693 watch.go:40] Failed to load config from \"/Users/autoknerd/Desktop/autodrive-dev/dataconnect\": could not find dataconnect.yaml in `/Users/autoknerd/Desktop/autodrive-dev/dataconnect`\n"}}
[debug] [2026-03-14T10:41:11.754Z] E0314 06:41:11.754220     693 watch.go:40] Failed to load config from "/Users/autoknerd/Desktop/autodrive-dev/dataconnect": could not find dataconnect.yaml in `/Users/autoknerd/Desktop/autodrive-dev/dataconnect`
 {"metadata":{"emulator":{"name":"dataconnect"},"message":"E0314 06:41:11.754220     693 watch.go:40] Failed to load config from \"/Users/autoknerd/Desktop/autodrive-dev/dataconnect\": could not find dataconnect.yaml in `/Users/autoknerd/Desktop/autodrive-dev/dataconnect`\n"}}
[debug] [2026-03-14T10:41:21.754Z] E0314 06:41:21.754243     693 watch.go:40] Failed to load config from "/Users/autoknerd/Desktop/autodrive-dev/dataconnect": could not find dataconnect.yaml in `/Users/autoknerd/Desktop/autodrive-dev/dataconnect`
 {"metadata":{"emulator":{"name":"dataconnect"},"message":"E0314 06:41:21.754243     693 watch.go:40] Failed to load config from \"/Users/autoknerd/Desktop/autodrive-dev/dataconnect\": could not find dataconnect.yaml in `/Users/autoknerd/Desktop/autodrive-dev/dataconnect`\n"}}
[debug] [2026-03-14T10:41:31.754Z] E0314 06:41:31.754111     693 watch.go:40] Failed to load config from "/Users/autoknerd/Desktop/autodrive-dev/dataconnect": could not find dataconnect.yaml in `/Users/autoknerd/Desktop/autodrive-dev/dataconnect`
E0314 06:41:31.754058     693 watch.go:116] watchAllDir unable to walk dir `/Users/autoknerd/Desktop/autodrive-dev/dataconnect`: lstat /Users/autoknerd/Desktop/autodrive-dev/dataconnect: no such file or directory
 {"metadata":{"emulator":{"name":"dataconnect"},"message":"E0314 06:41:31.754111     693 watch.go:40] Failed to load config from \"/Users/autoknerd/Desktop/autodrive-dev/dataconnect\": could not find dataconnect.yaml in `/Users/autoknerd/Desktop/autodrive-dev/dataconnect`\nE0314 06:41:31.754058     693 watch.go:116] watchAllDir unable to walk dir `/Users/autoknerd/Desktop/autodrive-dev/dataconnect`: lstat /Users/autoknerd/Desktop/autodrive-dev/dataconnect: no such file or directory\n"}}
[debug] [2026-03-14T10:41:41.756Z] E0314 06:41:41.756619     693 watch.go:40] Failed to load config from "/Users/autoknerd/Desktop/autodrive-dev/dataconnect": could not find dataconnect.yaml in `/Users/autoknerd/Desktop/autodrive-dev/dataconnect`
 {"metadata":{"emulator":{"name":"dataconnect"},"message":"E0314 06:41:41.756619     693 watch.go:40] Failed to load config from \"/Users/autoknerd/Desktop/autodrive-dev/dataconnect\": could not find dataconnect.yaml in `/Users/autoknerd/Desktop/autodrive-dev/dataconnect`\n"}}
[debug] [2026-03-14T10:41:51.754Z] E0314 06:41:51.754344     693 watch.go:40] Failed to load config from "/Users/autoknerd/Desktop/autodrive-dev/dataconnect": could not find dataconnect.yaml in `/Users/autoknerd/Desktop/autodrive-dev/dataconnect`
 {"metadata":{"emulator":{"name":"dataconnect"},"message":"E0314 06:41:51.754344     693 watch.go:40] Failed to load config from \"/Users/autoknerd/Desktop/autodrive-dev/dataconnect\": could not find dataconnect.yaml in `/Users/autoknerd/Desktop/autodrive-dev/dataconnect`\n"}}
[debug] [2026-03-14T10:42:01.754Z] E0314 06:42:01.753917     693 watch.go:40] Failed to load config from "/Users/autoknerd/Desktop/autodrive-dev/dataconnect": could not find dataconnect.yaml in `/Users/autoknerd/Desktop/autodrive-dev/dataconnect`
 {"metadata":{"emulator":{"name":"dataconnect"},"message":"E0314 06:42:01.753917     693 watch.go:40] Failed to load config from \"/Users/autoknerd/Desktop/autodrive-dev/dataconnect\": could not find dataconnect.yaml in `/Users/autoknerd/Desktop/autodrive-dev/dataconnect`\n"}}
[debug] [2026-03-14T10:42:11.754Z] E0314 06:42:11.754034     693 watch.go:40] Failed to load config from "/Users/autoknerd/Desktop/autodrive-dev/dataconnect": could not find dataconnect.yaml in `/Users/autoknerd/Desktop/autodrive-dev/dataconnect`
 {"metadata":{"emulator":{"name":"dataconnect"},"message":"E0314 06:42:11.754034     693 watch.go:40] Failed to load config from \"/Users/autoknerd/Desktop/autodrive-dev/dataconnect\": could not find dataconnect.yaml in `/Users/autoknerd/Desktop/autodrive-dev/dataconnect`\n"}}
[debug] [2026-03-14T10:42:21.754Z] E0314 06:42:21.754259     693 watch.go:40] Failed to load config from "/Users/autoknerd/Desktop/autodrive-dev/dataconnect": could not find dataconnect.yaml in `/Users/autoknerd/Desktop/autodrive-dev/dataconnect`
 {"metadata":{"emulator":{"name":"dataconnect"},"message":"E0314 06:42:21.754259     693 watch.go:40] Failed to load config from \"/Users/autoknerd/Desktop/autodrive-dev/dataconnect\": could not find dataconnect.yaml in `/Users/autoknerd/Desktop/autodrive-dev/dataconnect`\n"}}
[debug] [2026-03-14T10:42:31.754Z] E0314 06:42:31.754292     693 watch.go:116] watchAllDir unable to walk dir `/Users/autoknerd/Desktop/autodrive-dev/dataconnect`: lstat /Users/autoknerd/Desktop/autodrive-dev/dataconnect: no such file or directory
E0314 06:42:31.754329     693 watch.go:40] Failed to load config from "/Users/autoknerd/Desktop/autodrive-dev/dataconnect": could not find dataconnect.yaml in `/Users/autoknerd/Desktop/autodrive-dev/dataconnect`
 {"metadata":{"emulator":{"name":"dataconnect"},"message":"E0314 06:42:31.754292     693 watch.go:116] watchAllDir unable to walk dir `/Users/autoknerd/Desktop/autodrive-dev/dataconnect`: lstat /Users/autoknerd/Desktop/autodrive-dev/dataconnect: no such file or directory\nE0314 06:42:31.754329     693 watch.go:40] Failed to load config from \"/Users/autoknerd/Desktop/autodrive-dev/dataconnect\": could not find dataconnect.yaml in `/Users/autoknerd/Desktop/autodrive-dev/dataconnect`\n"}}
[debug] [2026-03-14T10:42:41.754Z] E0314 06:42:41.754061     693 watch.go:40] Failed to load config from "/Users/autoknerd/Desktop/autodrive-dev/dataconnect": could not find dataconnect.yaml in `/Users/autoknerd/Desktop/autodrive-dev/dataconnect`
 {"metadata":{"emulator":{"name":"dataconnect"},"message":"E0314 06:42:41.754061     693 watch.go:40] Failed to load config from \"/Users/autoknerd/Desktop/autodrive-dev/dataconnect\": could not find dataconnect.yaml in `/Users/autoknerd/Desktop/autodrive-dev/dataconnect`\n"}}
[debug] [2026-03-14T10:42:51.755Z] E0314 06:42:51.755158     693 watch.go:40] Failed to load config from "/Users/autoknerd/Desktop/autodrive-dev/dataconnect": could not find dataconnect.yaml in `/Users/autoknerd/Desktop/autodrive-dev/dataconnect`
 {"metadata":{"emulator":{"name":"dataconnect"},"message":"E0314 06:42:51.755158     693 watch.go:40] Failed to load config from \"/Users/autoknerd/Desktop/autodrive-dev/dataconnect\": could not find dataconnect.yaml in `/Users/autoknerd/Desktop/autodrive-dev/dataconnect`\n"}}
[debug] [2026-03-14T10:43:01.754Z] E0314 06:43:01.753983     693 watch.go:40] Failed to load config from "/Users/autoknerd/Desktop/autodrive-dev/dataconnect": could not find dataconnect.yaml in `/Users/autoknerd/Desktop/autodrive-dev/dataconnect`
 {"metadata":{"emulator":{"name":"dataconnect"},"message":"E0314 06:43:01.753983     693 watch.go:40] Failed to load config from \"/Users/autoknerd/Desktop/autodrive-dev/dataconnect\": could not find dataconnect.yaml in `/Users/autoknerd/Desktop/autodrive-dev/dataconnect`\n"}}
[debug] [2026-03-14T10:43:11.754Z] E0314 06:43:11.753967     693 watch.go:40] Failed to load config from "/Users/autoknerd/Desktop/autodrive-dev/dataconnect": could not find dataconnect.yaml in `/Users/autoknerd/Desktop/autodrive-dev/dataconnect`
 {"metadata":{"emulator":{"name":"dataconnect"},"message":"E0314 06:43:11.753967     693 watch.go:40] Failed to load config from \"/Users/autoknerd/Desktop/autodrive-dev/dataconnect\": could not find dataconnect.yaml in `/Users/autoknerd/Desktop/autodrive-dev/dataconnect`\n"}}
[debug] [2026-03-14T10:43:21.753Z] E0314 06:43:21.753500     693 watch.go:40] Failed to load config from "/Users/autoknerd/Desktop/autodrive-dev/dataconnect": could not find dataconnect.yaml in `/Users/autoknerd/Desktop/autodrive-dev/dataconnect`
 {"metadata":{"emulator":{"name":"dataconnect"},"message":"E0314 06:43:21.753500     693 watch.go:40] Failed to load config from \"/Users/autoknerd/Desktop/autodrive-dev/dataconnect\": could not find dataconnect.yaml in `/Users/autoknerd/Desktop/autodrive-dev/dataconnect`\n"}}
[debug] [2026-03-14T10:43:31.753Z] E0314 06:43:31.753409     693 watch.go:40] Failed to load config from "/Users/autoknerd/Desktop/autodrive-dev/dataconnect": could not find dataconnect.yaml in `/Users/autoknerd/Desktop/autodrive-dev/dataconnect`
E0314 06:43:31.753337     693 watch.go:116] watchAllDir unable to walk dir `/Users/autoknerd/Desktop/autodrive-dev/dataconnect`: lstat /Users/autoknerd/Desktop/autodrive-dev/dataconnect: no such file or directory
 {"metadata":{"emulator":{"name":"dataconnect"},"message":"E0314 06:43:31.753409     693 watch.go:40] Failed to load config from \"/Users/autoknerd/Desktop/autodrive-dev/dataconnect\": could not find dataconnect.yaml in `/Users/autoknerd/Desktop/autodrive-dev/dataconnect`\nE0314 06:43:31.753337     693 watch.go:116] watchAllDir unable to walk dir `/Users/autoknerd/Desktop/autodrive-dev/dataconnect`: lstat /Users/autoknerd/Desktop/autodrive-dev/dataconnect: no such file or directory\n"}}
[debug] [2026-03-14T10:43:41.754Z] E0314 06:43:41.753907     693 watch.go:40] Failed to load config from "/Users/autoknerd/Desktop/autodrive-dev/dataconnect": could not find dataconnect.yaml in `/Users/autoknerd/Desktop/autodrive-dev/dataconnect`
 {"metadata":{"emulator":{"name":"dataconnect"},"message":"E0314 06:43:41.753907     693 watch.go:40] Failed to load config from \"/Users/autoknerd/Desktop/autodrive-dev/dataconnect\": could not find dataconnect.yaml in `/Users/autoknerd/Desktop/autodrive-dev/dataconnect`\n"}}
[debug] [2026-03-14T10:43:51.754Z] E0314 06:43:51.754329     693 watch.go:40] Failed to load config from "/Users/autoknerd/Desktop/autodrive-dev/dataconnect": could not find dataconnect.yaml in `/Users/autoknerd/Desktop/autodrive-dev/dataconnect`
 {"metadata":{"emulator":{"name":"dataconnect"},"message":"E0314 06:43:51.754329     693 watch.go:40] Failed to load config from \"/Users/autoknerd/Desktop/autodrive-dev/dataconnect\": could not find dataconnect.yaml in `/Users/autoknerd/Desktop/autodrive-dev/dataconnect`\n"}}
[debug] [2026-03-14T10:44:01.754Z] E0314 06:44:01.753870     693 watch.go:40] Failed to load config from "/Users/autoknerd/Desktop/autodrive-dev/dataconnect": could not find dataconnect.yaml in `/Users/autoknerd/Desktop/autodrive-dev/dataconnect`
 {"metadata":{"emulator":{"name":"dataconnect"},"message":"E0314 06:44:01.753870     693 watch.go:40] Failed to load config from \"/Users/autoknerd/Desktop/autodrive-dev/dataconnect\": could not find dataconnect.yaml in `/Users/autoknerd/Desktop/autodrive-dev/dataconnect`\n"}}
[debug] [2026-03-14T10:44:11.754Z] E0314 06:44:11.754320     693 watch.go:40] Failed to load config from "/Users/autoknerd/Desktop/autodrive-dev/dataconnect": could not find dataconnect.yaml in `/Users/autoknerd/Desktop/autodrive-dev/dataconnect`
 {"metadata":{"emulator":{"name":"dataconnect"},"message":"E0314 06:44:11.754320     693 watch.go:40] Failed to load config from \"/Users/autoknerd/Desktop/autodrive-dev/dataconnect\": could not find dataconnect.yaml in `/Users/autoknerd/Desktop/autodrive-dev/dataconnect`\n"}}
[debug] [2026-03-14T10:44:21.754Z] E0314 06:44:21.754290     693 watch.go:40] Failed to load config from "/Users/autoknerd/Desktop/autodrive-dev/dataconnect": could not find dataconnect.yaml in `/Users/autoknerd/Desktop/autodrive-dev/dataconnect`
 {"metadata":{"emulator":{"name":"dataconnect"},"message":"E0314 06:44:21.754290     693 watch.go:40] Failed to load config from \"/Users/autoknerd/Desktop/autodrive-dev/dataconnect\": could not find dataconnect.yaml in `/Users/autoknerd/Desktop/autodrive-dev/dataconnect`\n"}}
[debug] [2026-03-14T10:44:31.753Z] E0314 06:44:31.753341     693 watch.go:116] watchAllDir unable to walk dir `/Users/autoknerd/Desktop/autodrive-dev/dataconnect`: lstat /Users/autoknerd/Desktop/autodrive-dev/dataconnect: no such file or directory
E0314 06:44:31.753397     693 watch.go:40] Failed to load config from "/Users/autoknerd/Desktop/autodrive-dev/dataconnect": could not find dataconnect.yaml in `/Users/autoknerd/Desktop/autodrive-dev/dataconnect`
 {"metadata":{"emulator":{"name":"dataconnect"},"message":"E0314 06:44:31.753341     693 watch.go:116] watchAllDir unable to walk dir `/Users/autoknerd/Desktop/autodrive-dev/dataconnect`: lstat /Users/autoknerd/Desktop/autodrive-dev/dataconnect: no such file or directory\nE0314 06:44:31.753397     693 watch.go:40] Failed to load config from \"/Users/autoknerd/Desktop/autodrive-dev/dataconnect\": could not find dataconnect.yaml in `/Users/autoknerd/Desktop/autodrive-dev/dataconnect`\n"}}
[debug] [2026-03-14T10:44:41.754Z] E0314 06:44:41.754313     693 watch.go:40] Failed to load config from "/Users/autoknerd/Desktop/autodrive-dev/dataconnect": could not find dataconnect.yaml in `/Users/autoknerd/Desktop/autodrive-dev/dataconnect`
 {"metadata":{"emulator":{"name":"dataconnect"},"message":"E0314 06:44:41.754313     693 watch.go:40] Failed to load config from \"/Users/autoknerd/Desktop/autodrive-dev/dataconnect\": could not find dataconnect.yaml in `/Users/autoknerd/Desktop/autodrive-dev/dataconnect`\n"}}
[debug] [2026-03-14T10:44:51.753Z] E0314 06:44:51.753768     693 watch.go:40] Failed to load config from "/Users/autoknerd/Desktop/autodrive-dev/dataconnect": could not find dataconnect.yaml in `/Users/autoknerd/Desktop/autodrive-dev/dataconnect`
 {"metadata":{"emulator":{"name":"dataconnect"},"message":"E0314 06:44:51.753768     693 watch.go:40] Failed to load config from \"/Users/autoknerd/Desktop/autodrive-dev/dataconnect\": could not find dataconnect.yaml in `/Users/autoknerd/Desktop/autodrive-dev/dataconnect`\n"}}
[debug] [2026-03-14T10:45:01.753Z] E0314 06:45:01.753615     693 watch.go:40] Failed to load config from "/Users/autoknerd/Desktop/autodrive-dev/dataconnect": could not find dataconnect.yaml in `/Users/autoknerd/Desktop/autodrive-dev/dataconnect`
 {"metadata":{"emulator":{"name":"dataconnect"},"message":"E0314 06:45:01.753615     693 watch.go:40] Failed to load config from \"/Users/autoknerd/Desktop/autodrive-dev/dataconnect\": could not find dataconnect.yaml in `/Users/autoknerd/Desktop/autodrive-dev/dataconnect`\n"}}
[debug] [2026-03-14T10:45:11.754Z] E0314 06:45:11.754077     693 watch.go:40] Failed to load config from "/Users/autoknerd/Desktop/autodrive-dev/dataconnect": could not find dataconnect.yaml in `/Users/autoknerd/Desktop/autodrive-dev/dataconnect`
 {"metadata":{"emulator":{"name":"dataconnect"},"message":"E0314 06:45:11.754077     693 watch.go:40] Failed to load config from \"/Users/autoknerd/Desktop/autodrive-dev/dataconnect\": could not find dataconnect.yaml in `/Users/autoknerd/Desktop/autodrive-dev/dataconnect`\n"}}
[debug] [2026-03-14T10:45:21.753Z] E0314 06:45:21.753736     693 watch.go:40] Failed to load config from "/Users/autoknerd/Desktop/autodrive-dev/dataconnect": could not find dataconnect.yaml in `/Users/autoknerd/Desktop/autodrive-dev/dataconnect`
 {"metadata":{"emulator":{"name":"dataconnect"},"message":"E0314 06:45:21.753736     693 watch.go:40] Failed to load config from \"/Users/autoknerd/Desktop/autodrive-dev/dataconnect\": could not find dataconnect.yaml in `/Users/autoknerd/Desktop/autodrive-dev/dataconnect`\n"}}
[debug] [2026-03-14T10:45:31.753Z] E0314 06:45:31.753769     693 watch.go:116] watchAllDir unable to walk dir `/Users/autoknerd/Desktop/autodrive-dev/dataconnect`: lstat /Users/autoknerd/Desktop/autodrive-dev/dataconnect: no such file or directory
E0314 06:45:31.753812     693 watch.go:40] Failed to load config from "/Users/autoknerd/Desktop/autodrive-dev/dataconnect": could not find dataconnect.yaml in `/Users/autoknerd/Desktop/autodrive-dev/dataconnect`
 {"metadata":{"emulator":{"name":"dataconnect"},"message":"E0314 06:45:31.753769     693 watch.go:116] watchAllDir unable to walk dir `/Users/autoknerd/Desktop/autodrive-dev/dataconnect`: lstat /Users/autoknerd/Desktop/autodrive-dev/dataconnect: no such file or directory\nE0314 06:45:31.753812     693 watch.go:40] Failed to load config from \"/Users/autoknerd/Desktop/autodrive-dev/dataconnect\": could not find dataconnect.yaml in `/Users/autoknerd/Desktop/autodrive-dev/dataconnect`\n"}}
[debug] [2026-03-14T10:45:41.754Z] E0314 06:45:41.753847     693 watch.go:40] Failed to load config from "/Users/autoknerd/Desktop/autodrive-dev/dataconnect": could not find dataconnect.yaml in `/Users/autoknerd/Desktop/autodrive-dev/dataconnect`
 {"metadata":{"emulator":{"name":"dataconnect"},"message":"E0314 06:45:41.753847     693 watch.go:40] Failed to load config from \"/Users/autoknerd/Desktop/autodrive-dev/dataconnect\": could not find dataconnect.yaml in `/Users/autoknerd/Desktop/autodrive-dev/dataconnect`\n"}}
[debug] [2026-03-14T10:45:51.754Z] E0314 06:45:51.753865     693 watch.go:40] Failed to load config from "/Users/autoknerd/Desktop/autodrive-dev/dataconnect": could not find dataconnect.yaml in `/Users/autoknerd/Desktop/autodrive-dev/dataconnect`
 {"metadata":{"emulator":{"name":"dataconnect"},"message":"E0314 06:45:51.753865     693 watch.go:40] Failed to load config from \"/Users/autoknerd/Desktop/autodrive-dev/dataconnect\": could not find dataconnect.yaml in `/Users/autoknerd/Desktop/autodrive-dev/dataconnect`\n"}}
[debug] [2026-03-14T10:46:01.753Z] E0314 06:46:01.753793     693 watch.go:40] Failed to load config from "/Users/autoknerd/Desktop/autodrive-dev/dataconnect": could not find dataconnect.yaml in `/Users/autoknerd/Desktop/autodrive-dev/dataconnect`
 {"metadata":{"emulator":{"name":"dataconnect"},"message":"E0314 06:46:01.753793     693 watch.go:40] Failed to load config from \"/Users/autoknerd/Desktop/autodrive-dev/dataconnect\": could not find dataconnect.yaml in `/Users/autoknerd/Desktop/autodrive-dev/dataconnect`\n"}}
[debug] [2026-03-14T10:46:11.754Z] E0314 06:46:11.754130     693 watch.go:40] Failed to load config from "/Users/autoknerd/Desktop/autodrive-dev/dataconnect": could not find dataconnect.yaml in `/Users/autoknerd/Desktop/autodrive-dev/dataconnect`
 {"metadata":{"emulator":{"name":"dataconnect"},"message":"E0314 06:46:11.754130     693 watch.go:40] Failed to load config from \"/Users/autoknerd/Desktop/autodrive-dev/dataconnect\": could not find dataconnect.yaml in `/Users/autoknerd/Desktop/autodrive-dev/dataconnect`\n"}}
[debug] [2026-03-14T10:46:21.754Z] E0314 06:46:21.754250     693 watch.go:40] Failed to load config from "/Users/autoknerd/Desktop/autodrive-dev/dataconnect": could not find dataconnect.yaml in `/Users/autoknerd/Desktop/autodrive-dev/dataconnect`
 {"metadata":{"emulator":{"name":"dataconnect"},"message":"E0314 06:46:21.754250     693 watch.go:40] Failed to load config from \"/Users/autoknerd/Desktop/autodrive-dev/dataconnect\": could not find dataconnect.yaml in `/Users/autoknerd/Desktop/autodrive-dev/dataconnect`\n"}}
[debug] [2026-03-14T10:46:31.754Z] E0314 06:46:31.753848     693 watch.go:40] Failed to load config from "/Users/autoknerd/Desktop/autodrive-dev/dataconnect": could not find dataconnect.yaml in `/Users/autoknerd/Desktop/autodrive-dev/dataconnect`
E0314 06:46:31.753804     693 watch.go:116] watchAllDir unable to walk dir `/Users/autoknerd/Desktop/autodrive-dev/dataconnect`: lstat /Users/autoknerd/Desktop/autodrive-dev/dataconnect: no such file or directory
 {"metadata":{"emulator":{"name":"dataconnect"},"message":"E0314 06:46:31.753848     693 watch.go:40] Failed to load config from \"/Users/autoknerd/Desktop/autodrive-dev/dataconnect\": could not find dataconnect.yaml in `/Users/autoknerd/Desktop/autodrive-dev/dataconnect`\nE0314 06:46:31.753804     693 watch.go:116] watchAllDir unable to walk dir `/Users/autoknerd/Desktop/autodrive-dev/dataconnect`: lstat /Users/autoknerd/Desktop/autodrive-dev/dataconnect: no such file or directory\n"}}
[debug] [2026-03-14T10:46:41.753Z] E0314 06:46:41.753211     693 watch.go:40] Failed to load config from "/Users/autoknerd/Desktop/autodrive-dev/dataconnect": could not find dataconnect.yaml in `/Users/autoknerd/Desktop/autodrive-dev/dataconnect`
 {"metadata":{"emulator":{"name":"dataconnect"},"message":"E0314 06:46:41.753211     693 watch.go:40] Failed to load config from \"/Users/autoknerd/Desktop/autodrive-dev/dataconnect\": could not find dataconnect.yaml in `/Users/autoknerd/Desktop/autodrive-dev/dataconnect`\n"}}
[debug] [2026-03-14T10:46:51.753Z] E0314 06:46:51.753390     693 watch.go:40] Failed to load config from "/Users/autoknerd/Desktop/autodrive-dev/dataconnect": could not find dataconnect.yaml in `/Users/autoknerd/Desktop/autodrive-dev/dataconnect`
 {"metadata":{"emulator":{"name":"dataconnect"},"message":"E0314 06:46:51.753390     693 watch.go:40] Failed to load config from \"/Users/autoknerd/Desktop/autodrive-dev/dataconnect\": could not find dataconnect.yaml in `/Users/autoknerd/Desktop/autodrive-dev/dataconnect`\n"}}
[debug] [2026-03-14T10:47:01.753Z] E0314 06:47:01.753102     693 watch.go:40] Failed to load config from "/Users/autoknerd/Desktop/autodrive-dev/dataconnect": could not find dataconnect.yaml in `/Users/autoknerd/Desktop/autodrive-dev/dataconnect`
 {"metadata":{"emulator":{"name":"dataconnect"},"message":"E0314 06:47:01.753102     693 watch.go:40] Failed to load config from \"/Users/autoknerd/Desktop/autodrive-dev/dataconnect\": could not find dataconnect.yaml in `/Users/autoknerd/Desktop/autodrive-dev/dataconnect`\n"}}
[debug] [2026-03-14T10:47:11.754Z] E0314 06:47:11.754105     693 watch.go:40] Failed to load config from "/Users/autoknerd/Desktop/autodrive-dev/dataconnect": could not find dataconnect.yaml in `/Users/autoknerd/Desktop/autodrive-dev/dataconnect`
 {"metadata":{"emulator":{"name":"dataconnect"},"message":"E0314 06:47:11.754105     693 watch.go:40] Failed to load config from \"/Users/autoknerd/Desktop/autodrive-dev/dataconnect\": could not find dataconnect.yaml in `/Users/autoknerd/Desktop/autodrive-dev/dataconnect`\n"}}
[debug] [2026-03-14T10:47:21.754Z] E0314 06:47:21.753875     693 watch.go:40] Failed to load config from "/Users/autoknerd/Desktop/autodrive-dev/dataconnect": could not find dataconnect.yaml in `/Users/autoknerd/Desktop/autodrive-dev/dataconnect`
 {"metadata":{"emulator":{"name":"dataconnect"},"message":"E0314 06:47:21.753875     693 watch.go:40] Failed to load config from \"/Users/autoknerd/Desktop/autodrive-dev/dataconnect\": could not find dataconnect.yaml in `/Users/autoknerd/Desktop/autodrive-dev/dataconnect`\n"}}
[debug] [2026-03-14T10:47:31.753Z] E0314 06:47:31.753683     693 watch.go:40] Failed to load config from "/Users/autoknerd/Desktop/autodrive-dev/dataconnect": could not find dataconnect.yaml in `/Users/autoknerd/Desktop/autodrive-dev/dataconnect`
E0314 06:47:31.753668     693 watch.go:116] watchAllDir unable to walk dir `/Users/autoknerd/Desktop/autodrive-dev/dataconnect`: lstat /Users/autoknerd/Desktop/autodrive-dev/dataconnect: no such file or directory
 {"metadata":{"emulator":{"name":"dataconnect"},"message":"E0314 06:47:31.753683     693 watch.go:40] Failed to load config from \"/Users/autoknerd/Desktop/autodrive-dev/dataconnect\": could not find dataconnect.yaml in `/Users/autoknerd/Desktop/autodrive-dev/dataconnect`\nE0314 06:47:31.753668     693 watch.go:116] watchAllDir unable to walk dir `/Users/autoknerd/Desktop/autodrive-dev/dataconnect`: lstat /Users/autoknerd/Desktop/autodrive-dev/dataconnect: no such file or directory\n"}}
[debug] [2026-03-14T10:47:41.753Z] E0314 06:47:41.753687     693 watch.go:40] Failed to load config from "/Users/autoknerd/Desktop/autodrive-dev/dataconnect": could not find dataconnect.yaml in `/Users/autoknerd/Desktop/autodrive-dev/dataconnect`
 {"metadata":{"emulator":{"name":"dataconnect"},"message":"E0314 06:47:41.753687     693 watch.go:40] Failed to load config from \"/Users/autoknerd/Desktop/autodrive-dev/dataconnect\": could not find dataconnect.yaml in `/Users/autoknerd/Desktop/autodrive-dev/dataconnect`\n"}}
[debug] [2026-03-14T10:47:51.753Z] E0314 06:47:51.753381     693 watch.go:40] Failed to load config from "/Users/autoknerd/Desktop/autodrive-dev/dataconnect": could not find dataconnect.yaml in `/Users/autoknerd/Desktop/autodrive-dev/dataconnect`
 {"metadata":{"emulator":{"name":"dataconnect"},"message":"E0314 06:47:51.753381     693 watch.go:40] Failed to load config from \"/Users/autoknerd/Desktop/autodrive-dev/dataconnect\": could not find dataconnect.yaml in `/Users/autoknerd/Desktop/autodrive-dev/dataconnect`\n"}}
[debug] [2026-03-14T10:48:01.754Z] E0314 06:48:01.753823     693 watch.go:40] Failed to load config from "/Users/autoknerd/Desktop/autodrive-dev/dataconnect": could not find dataconnect.yaml in `/Users/autoknerd/Desktop/autodrive-dev/dataconnect`
 {"metadata":{"emulator":{"name":"dataconnect"},"message":"E0314 06:48:01.753823     693 watch.go:40] Failed to load config from \"/Users/autoknerd/Desktop/autodrive-dev/dataconnect\": could not find dataconnect.yaml in `/Users/autoknerd/Desktop/autodrive-dev/dataconnect`\n"}}
[debug] [2026-03-14T10:48:11.754Z] E0314 06:48:11.754136     693 watch.go:40] Failed to load config from "/Users/autoknerd/Desktop/autodrive-dev/dataconnect": could not find dataconnect.yaml in `/Users/autoknerd/Desktop/autodrive-dev/dataconnect`
 {"metadata":{"emulator":{"name":"dataconnect"},"message":"E0314 06:48:11.754136     693 watch.go:40] Failed to load config from \"/Users/autoknerd/Desktop/autodrive-dev/dataconnect\": could not find dataconnect.yaml in `/Users/autoknerd/Desktop/autodrive-dev/dataconnect`\n"}}
[debug] [2026-03-14T10:48:21.754Z] E0314 06:48:21.754206     693 watch.go:40] Failed to load config from "/Users/autoknerd/Desktop/autodrive-dev/dataconnect": could not find dataconnect.yaml in `/Users/autoknerd/Desktop/autodrive-dev/dataconnect`
 {"metadata":{"emulator":{"name":"dataconnect"},"message":"E0314 06:48:21.754206     693 watch.go:40] Failed to load config from \"/Users/autoknerd/Desktop/autodrive-dev/dataconnect\": could not find dataconnect.yaml in `/Users/autoknerd/Desktop/autodrive-dev/dataconnect`\n"}}
[debug] [2026-03-14T10:48:31.753Z] E0314 06:48:31.753642     693 watch.go:116] watchAllDir unable to walk dir `/Users/autoknerd/Desktop/autodrive-dev/dataconnect`: lstat /Users/autoknerd/Desktop/autodrive-dev/dataconnect: no such file or directory
E0314 06:48:31.753718     693 watch.go:40] Failed to load config from "/Users/autoknerd/Desktop/autodrive-dev/dataconnect": could not find dataconnect.yaml in `/Users/autoknerd/Desktop/autodrive-dev/dataconnect`
 {"metadata":{"emulator":{"name":"dataconnect"},"message":"E0314 06:48:31.753642     693 watch.go:116] watchAllDir unable to walk dir `/Users/autoknerd/Desktop/autodrive-dev/dataconnect`: lstat /Users/autoknerd/Desktop/autodrive-dev/dataconnect: no such file or directory\nE0314 06:48:31.753718     693 watch.go:40] Failed to load config from \"/Users/autoknerd/Desktop/autodrive-dev/dataconnect\": could not find dataconnect.yaml in `/Users/autoknerd/Desktop/autodrive-dev/dataconnect`\n"}}
[debug] [2026-03-14T10:48:41.753Z] E0314 06:48:41.753380     693 watch.go:40] Failed to load config from "/Users/autoknerd/Desktop/autodrive-dev/dataconnect": could not find dataconnect.yaml in `/Users/autoknerd/Desktop/autodrive-dev/dataconnect`
 {"metadata":{"emulator":{"name":"dataconnect"},"message":"E0314 06:48:41.753380     693 watch.go:40] Failed to load config from \"/Users/autoknerd/Desktop/autodrive-dev/dataconnect\": could not find dataconnect.yaml in `/Users/autoknerd/Desktop/autodrive-dev/dataconnect`\n"}}
[debug] [2026-03-14T10:48:51.754Z] E0314 06:48:51.754195     693 watch.go:40] Failed to load config from "/Users/autoknerd/Desktop/autodrive-dev/dataconnect": could not find dataconnect.yaml in `/Users/autoknerd/Desktop/autodrive-dev/dataconnect`
 {"metadata":{"emulator":{"name":"dataconnect"},"message":"E0314 06:48:51.754195     693 watch.go:40] Failed to load config from \"/Users/autoknerd/Desktop/autodrive-dev/dataconnect\": could not find dataconnect.yaml in `/Users/autoknerd/Desktop/autodrive-dev/dataconnect`\n"}}
[debug] [2026-03-14T10:49:01.754Z] E0314 06:49:01.754336     693 watch.go:40] Failed to load config from "/Users/autoknerd/Desktop/autodrive-dev/dataconnect": could not find dataconnect.yaml in `/Users/autoknerd/Desktop/autodrive-dev/dataconnect`
 {"metadata":{"emulator":{"name":"dataconnect"},"message":"E0314 06:49:01.754336     693 watch.go:40] Failed to load config from \"/Users/autoknerd/Desktop/autodrive-dev/dataconnect\": could not find dataconnect.yaml in `/Users/autoknerd/Desktop/autodrive-dev/dataconnect`\n"}}
[debug] [2026-03-14T10:49:11.753Z] E0314 06:49:11.753554     693 watch.go:40] Failed to load config from "/Users/autoknerd/Desktop/autodrive-dev/dataconnect": could not find dataconnect.yaml in `/Users/autoknerd/Desktop/autodrive-dev/dataconnect`
 {"metadata":{"emulator":{"name":"dataconnect"},"message":"E0314 06:49:11.753554     693 watch.go:40] Failed to load config from \"/Users/autoknerd/Desktop/autodrive-dev/dataconnect\": could not find dataconnect.yaml in `/Users/autoknerd/Desktop/autodrive-dev/dataconnect`\n"}}
[debug] [2026-03-14T10:49:21.753Z] E0314 06:49:21.753414     693 watch.go:40] Failed to load config from "/Users/autoknerd/Desktop/autodrive-dev/dataconnect": could not find dataconnect.yaml in `/Users/autoknerd/Desktop/autodrive-dev/dataconnect`
 {"metadata":{"emulator":{"name":"dataconnect"},"message":"E0314 06:49:21.753414     693 watch.go:40] Failed to load config from \"/Users/autoknerd/Desktop/autodrive-dev/dataconnect\": could not find dataconnect.yaml in `/Users/autoknerd/Desktop/autodrive-dev/dataconnect`\n"}}
[debug] [2026-03-14T10:49:31.754Z] E0314 06:49:31.753842     693 watch.go:40] Failed to load config from "/Users/autoknerd/Desktop/autodrive-dev/dataconnect": could not find dataconnect.yaml in `/Users/autoknerd/Desktop/autodrive-dev/dataconnect`
E0314 06:49:31.753804     693 watch.go:116] watchAllDir unable to walk dir `/Users/autoknerd/Desktop/autodrive-dev/dataconnect`: lstat /Users/autoknerd/Desktop/autodrive-dev/dataconnect: no such file or directory
 {"metadata":{"emulator":{"name":"dataconnect"},"message":"E0314 06:49:31.753842     693 watch.go:40] Failed to load config from \"/Users/autoknerd/Desktop/autodrive-dev/dataconnect\": could not find dataconnect.yaml in `/Users/autoknerd/Desktop/autodrive-dev/dataconnect`\nE0314 06:49:31.753804     693 watch.go:116] watchAllDir unable to walk dir `/Users/autoknerd/Desktop/autodrive-dev/dataconnect`: lstat /Users/autoknerd/Desktop/autodrive-dev/dataconnect: no such file or directory\n"}}
[debug] [2026-03-14T10:49:41.754Z] E0314 06:49:41.754383     693 watch.go:40] Failed to load config from "/Users/autoknerd/Desktop/autodrive-dev/dataconnect": could not find dataconnect.yaml in `/Users/autoknerd/Desktop/autodrive-dev/dataconnect`
 {"metadata":{"emulator":{"name":"dataconnect"},"message":"E0314 06:49:41.754383     693 watch.go:40] Failed to load config from \"/Users/autoknerd/Desktop/autodrive-dev/dataconnect\": could not find dataconnect.yaml in `/Users/autoknerd/Desktop/autodrive-dev/dataconnect`\n"}}
[debug] [2026-03-14T10:49:51.753Z] E0314 06:49:51.753607     693 watch.go:40] Failed to load config from "/Users/autoknerd/Desktop/autodrive-dev/dataconnect": could not find dataconnect.yaml in `/Users/autoknerd/Desktop/autodrive-dev/dataconnect`
 {"metadata":{"emulator":{"name":"dataconnect"},"message":"E0314 06:49:51.753607     693 watch.go:40] Failed to load config from \"/Users/autoknerd/Desktop/autodrive-dev/dataconnect\": could not find dataconnect.yaml in `/Users/autoknerd/Desktop/autodrive-dev/dataconnect`\n"}}
[debug] [2026-03-14T10:50:01.753Z] E0314 06:50:01.753778     693 watch.go:40] Failed to load config from "/Users/autoknerd/Desktop/autodrive-dev/dataconnect": could not find dataconnect.yaml in `/Users/autoknerd/Desktop/autodrive-dev/dataconnect`
 {"metadata":{"emulator":{"name":"dataconnect"},"message":"E0314 06:50:01.753778     693 watch.go:40] Failed to load config from \"/Users/autoknerd/Desktop/autodrive-dev/dataconnect\": could not find dataconnect.yaml in `/Users/autoknerd/Desktop/autodrive-dev/dataconnect`\n"}}
[debug] [2026-03-14T10:50:11.758Z] E0314 06:50:11.757253     693 watch.go:40] Failed to load config from "/Users/autoknerd/Desktop/autodrive-dev/dataconnect": could not find dataconnect.yaml in `/Users/autoknerd/Desktop/autodrive-dev/dataconnect`
 {"metadata":{"emulator":{"name":"dataconnect"},"message":"E0314 06:50:11.757253     693 watch.go:40] Failed to load config from \"/Users/autoknerd/Desktop/autodrive-dev/dataconnect\": could not find dataconnect.yaml in `/Users/autoknerd/Desktop/autodrive-dev/dataconnect`\n"}}
[debug] [2026-03-14T10:50:21.756Z] E0314 06:50:21.753791     693 watch.go:40] Failed to load config from "/Users/autoknerd/Desktop/autodrive-dev/dataconnect": could not find dataconnect.yaml in `/Users/autoknerd/Desktop/autodrive-dev/dataconnect`
 {"metadata":{"emulator":{"name":"dataconnect"},"message":"E0314 06:50:21.753791     693 watch.go:40] Failed to load config from \"/Users/autoknerd/Desktop/autodrive-dev/dataconnect\": could not find dataconnect.yaml in `/Users/autoknerd/Desktop/autodrive-dev/dataconnect`\n"}}
[debug] [2026-03-14T10:50:31.753Z] E0314 06:50:31.753598     693 watch.go:116] watchAllDir unable to walk dir `/Users/autoknerd/Desktop/autodrive-dev/dataconnect`: lstat /Users/autoknerd/Desktop/autodrive-dev/dataconnect: no such file or directory
E0314 06:50:31.753644     693 watch.go:40] Failed to load config from "/Users/autoknerd/Desktop/autodrive-dev/dataconnect": could not find dataconnect.yaml in `/Users/autoknerd/Desktop/autodrive-dev/dataconnect`
 {"metadata":{"emulator":{"name":"dataconnect"},"message":"E0314 06:50:31.753598     693 watch.go:116] watchAllDir unable to walk dir `/Users/autoknerd/Desktop/autodrive-dev/dataconnect`: lstat /Users/autoknerd/Desktop/autodrive-dev/dataconnect: no such file or directory\nE0314 06:50:31.753644     693 watch.go:40] Failed to load config from \"/Users/autoknerd/Desktop/autodrive-dev/dataconnect\": could not find dataconnect.yaml in `/Users/autoknerd/Desktop/autodrive-dev/dataconnect`\n"}}
[debug] [2026-03-14T10:50:41.753Z] E0314 06:50:41.753427     693 watch.go:40] Failed to load config from "/Users/autoknerd/Desktop/autodrive-dev/dataconnect": could not find dataconnect.yaml in `/Users/autoknerd/Desktop/autodrive-dev/dataconnect`
 {"metadata":{"emulator":{"name":"dataconnect"},"message":"E0314 06:50:41.753427     693 watch.go:40] Failed to load config from \"/Users/autoknerd/Desktop/autodrive-dev/dataconnect\": could not find dataconnect.yaml in `/Users/autoknerd/Desktop/autodrive-dev/dataconnect`\n"}}
[debug] [2026-03-14T10:50:51.754Z] E0314 06:50:51.754054     693 watch.go:40] Failed to load config from "/Users/autoknerd/Desktop/autodrive-dev/dataconnect": could not find dataconnect.yaml in `/Users/autoknerd/Desktop/autodrive-dev/dataconnect`
 {"metadata":{"emulator":{"name":"dataconnect"},"message":"E0314 06:50:51.754054     693 watch.go:40] Failed to load config from \"/Users/autoknerd/Desktop/autodrive-dev/dataconnect\": could not find dataconnect.yaml in `/Users/autoknerd/Desktop/autodrive-dev/dataconnect`\n"}}
[debug] [2026-03-14T10:51:01.753Z] E0314 06:51:01.753197     693 watch.go:40] Failed to load config from "/Users/autoknerd/Desktop/autodrive-dev/dataconnect": could not find dataconnect.yaml in `/Users/autoknerd/Desktop/autodrive-dev/dataconnect`
 {"metadata":{"emulator":{"name":"dataconnect"},"message":"E0314 06:51:01.753197     693 watch.go:40] Failed to load config from \"/Users/autoknerd/Desktop/autodrive-dev/dataconnect\": could not find dataconnect.yaml in `/Users/autoknerd/Desktop/autodrive-dev/dataconnect`\n"}}
[debug] [2026-03-14T10:51:11.754Z] E0314 06:51:11.753936     693 watch.go:40] Failed to load config from "/Users/autoknerd/Desktop/autodrive-dev/dataconnect": could not find dataconnect.yaml in `/Users/autoknerd/Desktop/autodrive-dev/dataconnect`
 {"metadata":{"emulator":{"name":"dataconnect"},"message":"E0314 06:51:11.753936     693 watch.go:40] Failed to load config from \"/Users/autoknerd/Desktop/autodrive-dev/dataconnect\": could not find dataconnect.yaml in `/Users/autoknerd/Desktop/autodrive-dev/dataconnect`\n"}}
[debug] [2026-03-14T10:51:21.754Z] E0314 06:51:21.753753     693 watch.go:40] Failed to load config from "/Users/autoknerd/Desktop/autodrive-dev/dataconnect": could not find dataconnect.yaml in `/Users/autoknerd/Desktop/autodrive-dev/dataconnect`
 {"metadata":{"emulator":{"name":"dataconnect"},"message":"E0314 06:51:21.753753     693 watch.go:40] Failed to load config from \"/Users/autoknerd/Desktop/autodrive-dev/dataconnect\": could not find dataconnect.yaml in `/Users/autoknerd/Desktop/autodrive-dev/dataconnect`\n"}}
[debug] [2026-03-14T10:51:31.753Z] E0314 06:51:31.753210     693 watch.go:116] watchAllDir unable to walk dir `/Users/autoknerd/Desktop/autodrive-dev/dataconnect`: lstat /Users/autoknerd/Desktop/autodrive-dev/dataconnect: no such file or directory
 {"metadata":{"emulator":{"name":"dataconnect"},"message":"E0314 06:51:31.753210     693 watch.go:116] watchAllDir unable to walk dir `/Users/autoknerd/Desktop/autodrive-dev/dataconnect`: lstat /Users/autoknerd/Desktop/autodrive-dev/dataconnect: no such file or directory\n"}}
[debug] [2026-03-14T10:51:31.754Z] E0314 06:51:31.753325     693 watch.go:40] Failed to load config from "/Users/autoknerd/Desktop/autodrive-dev/dataconnect": could not find dataconnect.yaml in `/Users/autoknerd/Desktop/autodrive-dev/dataconnect`
 {"metadata":{"emulator":{"name":"dataconnect"},"message":"E0314 06:51:31.753325     693 watch.go:40] Failed to load config from \"/Users/autoknerd/Desktop/autodrive-dev/dataconnect\": could not find dataconnect.yaml in `/Users/autoknerd/Desktop/autodrive-dev/dataconnect`\n"}}
[debug] [2026-03-14T10:51:41.754Z] E0314 06:51:41.753786     693 watch.go:40] Failed to load config from "/Users/autoknerd/Desktop/autodrive-dev/dataconnect": could not find dataconnect.yaml in `/Users/autoknerd/Desktop/autodrive-dev/dataconnect`
 {"metadata":{"emulator":{"name":"dataconnect"},"message":"E0314 06:51:41.753786     693 watch.go:40] Failed to load config from \"/Users/autoknerd/Desktop/autodrive-dev/dataconnect\": could not find dataconnect.yaml in `/Users/autoknerd/Desktop/autodrive-dev/dataconnect`\n"}}
[debug] [2026-03-14T10:51:51.754Z] E0314 06:51:51.754077     693 watch.go:40] Failed to load config from "/Users/autoknerd/Desktop/autodrive-dev/dataconnect": could not find dataconnect.yaml in `/Users/autoknerd/Desktop/autodrive-dev/dataconnect`
 {"metadata":{"emulator":{"name":"dataconnect"},"message":"E0314 06:51:51.754077     693 watch.go:40] Failed to load config from \"/Users/autoknerd/Desktop/autodrive-dev/dataconnect\": could not find dataconnect.yaml in `/Users/autoknerd/Desktop/autodrive-dev/dataconnect`\n"}}
[debug] [2026-03-14T10:52:01.753Z] E0314 06:52:01.753704     693 watch.go:40] Failed to load config from "/Users/autoknerd/Desktop/autodrive-dev/dataconnect": could not find dataconnect.yaml in `/Users/autoknerd/Desktop/autodrive-dev/dataconnect`
 {"metadata":{"emulator":{"name":"dataconnect"},"message":"E0314 06:52:01.753704     693 watch.go:40] Failed to load config from \"/Users/autoknerd/Desktop/autodrive-dev/dataconnect\": could not find dataconnect.yaml in `/Users/autoknerd/Desktop/autodrive-dev/dataconnect`\n"}}
[debug] [2026-03-14T10:52:11.754Z] E0314 06:52:11.753788     693 watch.go:40] Failed to load config from "/Users/autoknerd/Desktop/autodrive-dev/dataconnect": could not find dataconnect.yaml in `/Users/autoknerd/Desktop/autodrive-dev/dataconnect`
 {"metadata":{"emulator":{"name":"dataconnect"},"message":"E0314 06:52:11.753788     693 watch.go:40] Failed to load config from \"/Users/autoknerd/Desktop/autodrive-dev/dataconnect\": could not find dataconnect.yaml in `/Users/autoknerd/Desktop/autodrive-dev/dataconnect`\n"}}
[debug] [2026-03-14T10:52:21.754Z] E0314 06:52:21.753949     693 watch.go:40] Failed to load config from "/Users/autoknerd/Desktop/autodrive-dev/dataconnect": could not find dataconnect.yaml in `/Users/autoknerd/Desktop/autodrive-dev/dataconnect`
 {"metadata":{"emulator":{"name":"dataconnect"},"message":"E0314 06:52:21.753949     693 watch.go:40] Failed to load config from \"/Users/autoknerd/Desktop/autodrive-dev/dataconnect\": could not find dataconnect.yaml in `/Users/autoknerd/Desktop/autodrive-dev/dataconnect`\n"}}
[debug] [2026-03-14T10:52:31.753Z] E0314 06:52:31.753307     693 watch.go:116] watchAllDir unable to walk dir `/Users/autoknerd/Desktop/autodrive-dev/dataconnect`: lstat /Users/autoknerd/Desktop/autodrive-dev/dataconnect: no such file or directory
E0314 06:52:31.753333     693 watch.go:40] Failed to load config from "/Users/autoknerd/Desktop/autodrive-dev/dataconnect": could not find dataconnect.yaml in `/Users/autoknerd/Desktop/autodrive-dev/dataconnect`
 {"metadata":{"emulator":{"name":"dataconnect"},"message":"E0314 06:52:31.753307     693 watch.go:116] watchAllDir unable to walk dir `/Users/autoknerd/Desktop/autodrive-dev/dataconnect`: lstat /Users/autoknerd/Desktop/autodrive-dev/dataconnect: no such file or directory\nE0314 06:52:31.753333     693 watch.go:40] Failed to load config from \"/Users/autoknerd/Desktop/autodrive-dev/dataconnect\": could not find dataconnect.yaml in `/Users/autoknerd/Desktop/autodrive-dev/dataconnect`\n"}}
[debug] [2026-03-14T10:52:41.753Z] E0314 06:52:41.753440     693 watch.go:40] Failed to load config from "/Users/autoknerd/Desktop/autodrive-dev/dataconnect": could not find dataconnect.yaml in `/Users/autoknerd/Desktop/autodrive-dev/dataconnect`
 {"metadata":{"emulator":{"name":"dataconnect"},"message":"E0314 06:52:41.753440     693 watch.go:40] Failed to load config from \"/Users/autoknerd/Desktop/autodrive-dev/dataconnect\": could not find dataconnect.yaml in `/Users/autoknerd/Desktop/autodrive-dev/dataconnect`\n"}}
[debug] [2026-03-14T10:52:51.754Z] E0314 06:52:51.754145     693 watch.go:40] Failed to load config from "/Users/autoknerd/Desktop/autodrive-dev/dataconnect": could not find dataconnect.yaml in `/Users/autoknerd/Desktop/autodrive-dev/dataconnect`
 {"metadata":{"emulator":{"name":"dataconnect"},"message":"E0314 06:52:51.754145     693 watch.go:40] Failed to load config from \"/Users/autoknerd/Desktop/autodrive-dev/dataconnect\": could not find dataconnect.yaml in `/Users/autoknerd/Desktop/autodrive-dev/dataconnect`\n"}}
[debug] [2026-03-14T10:53:01.753Z] E0314 06:53:01.753720     693 watch.go:40] Failed to load config from "/Users/autoknerd/Desktop/autodrive-dev/dataconnect": could not find dataconnect.yaml in `/Users/autoknerd/Desktop/autodrive-dev/dataconnect`
 {"metadata":{"emulator":{"name":"dataconnect"},"message":"E0314 06:53:01.753720     693 watch.go:40] Failed to load config from \"/Users/autoknerd/Desktop/autodrive-dev/dataconnect\": could not find dataconnect.yaml in `/Users/autoknerd/Desktop/autodrive-dev/dataconnect`\n"}}
[debug] [2026-03-14T10:53:11.754Z] E0314 06:53:11.754071     693 watch.go:40] Failed to load config from "/Users/autoknerd/Desktop/autodrive-dev/dataconnect": could not find dataconnect.yaml in `/Users/autoknerd/Desktop/autodrive-dev/dataconnect`
 {"metadata":{"emulator":{"name":"dataconnect"},"message":"E0314 06:53:11.754071     693 watch.go:40] Failed to load config from \"/Users/autoknerd/Desktop/autodrive-dev/dataconnect\": could not find dataconnect.yaml in `/Users/autoknerd/Desktop/autodrive-dev/dataconnect`\n"}}
[debug] [2026-03-14T10:53:21.753Z] E0314 06:53:21.753638     693 watch.go:40] Failed to load config from "/Users/autoknerd/Desktop/autodrive-dev/dataconnect": could not find dataconnect.yaml in `/Users/autoknerd/Desktop/autodrive-dev/dataconnect`
 {"metadata":{"emulator":{"name":"dataconnect"},"message":"E0314 06:53:21.753638     693 watch.go:40] Failed to load config from \"/Users/autoknerd/Desktop/autodrive-dev/dataconnect\": could not find dataconnect.yaml in `/Users/autoknerd/Desktop/autodrive-dev/dataconnect`\n"}}
[debug] [2026-03-14T10:53:31.753Z] E0314 06:53:31.753735     693 watch.go:116] watchAllDir unable to walk dir `/Users/autoknerd/Desktop/autodrive-dev/dataconnect`: lstat /Users/autoknerd/Desktop/autodrive-dev/dataconnect: no such file or directory
E0314 06:53:31.753764     693 watch.go:40] Failed to load config from "/Users/autoknerd/Desktop/autodrive-dev/dataconnect": could not find dataconnect.yaml in `/Users/autoknerd/Desktop/autodrive-dev/dataconnect`
 {"metadata":{"emulator":{"name":"dataconnect"},"message":"E0314 06:53:31.753735     693 watch.go:116] watchAllDir unable to walk dir `/Users/autoknerd/Desktop/autodrive-dev/dataconnect`: lstat /Users/autoknerd/Desktop/autodrive-dev/dataconnect: no such file or directory\nE0314 06:53:31.753764     693 watch.go:40] Failed to load config from \"/Users/autoknerd/Desktop/autodrive-dev/dataconnect\": could not find dataconnect.yaml in `/Users/autoknerd/Desktop/autodrive-dev/dataconnect`\n"}}
[debug] [2026-03-14T10:53:41.754Z] E0314 06:53:41.753923     693 watch.go:40] Failed to load config from "/Users/autoknerd/Desktop/autodrive-dev/dataconnect": could not find dataconnect.yaml in `/Users/autoknerd/Desktop/autodrive-dev/dataconnect`
 {"metadata":{"emulator":{"name":"dataconnect"},"message":"E0314 06:53:41.753923     693 watch.go:40] Failed to load config from \"/Users/autoknerd/Desktop/autodrive-dev/dataconnect\": could not find dataconnect.yaml in `/Users/autoknerd/Desktop/autodrive-dev/dataconnect`\n"}}
[debug] [2026-03-14T10:53:51.754Z] E0314 06:53:51.754022     693 watch.go:40] Failed to load config from "/Users/autoknerd/Desktop/autodrive-dev/dataconnect": could not find dataconnect.yaml in `/Users/autoknerd/Desktop/autodrive-dev/dataconnect`
 {"metadata":{"emulator":{"name":"dataconnect"},"message":"E0314 06:53:51.754022     693 watch.go:40] Failed to load config from \"/Users/autoknerd/Desktop/autodrive-dev/dataconnect\": could not find dataconnect.yaml in `/Users/autoknerd/Desktop/autodrive-dev/dataconnect`\n"}}
[debug] [2026-03-14T10:54:01.753Z] E0314 06:54:01.753368     693 watch.go:40] Failed to load config from "/Users/autoknerd/Desktop/autodrive-dev/dataconnect": could not find dataconnect.yaml in `/Users/autoknerd/Desktop/autodrive-dev/dataconnect`
 {"metadata":{"emulator":{"name":"dataconnect"},"message":"E0314 06:54:01.753368     693 watch.go:40] Failed to load config from \"/Users/autoknerd/Desktop/autodrive-dev/dataconnect\": could not find dataconnect.yaml in `/Users/autoknerd/Desktop/autodrive-dev/dataconnect`\n"}}
[debug] [2026-03-14T10:54:11.753Z] E0314 06:54:11.753179     693 watch.go:40] Failed to load config from "/Users/autoknerd/Desktop/autodrive-dev/dataconnect": could not find dataconnect.yaml in `/Users/autoknerd/Desktop/autodrive-dev/dataconnect`
 {"metadata":{"emulator":{"name":"dataconnect"},"message":"E0314 06:54:11.753179     693 watch.go:40] Failed to load config from \"/Users/autoknerd/Desktop/autodrive-dev/dataconnect\": could not find dataconnect.yaml in `/Users/autoknerd/Desktop/autodrive-dev/dataconnect`\n"}}
[debug] [2026-03-14T10:54:21.752Z] E0314 06:54:21.752583     693 watch.go:40] Failed to load config from "/Users/autoknerd/Desktop/autodrive-dev/dataconnect": could not find dataconnect.yaml in `/Users/autoknerd/Desktop/autodrive-dev/dataconnect`
 {"metadata":{"emulator":{"name":"dataconnect"},"message":"E0314 06:54:21.752583     693 watch.go:40] Failed to load config from \"/Users/autoknerd/Desktop/autodrive-dev/dataconnect\": could not find dataconnect.yaml in `/Users/autoknerd/Desktop/autodrive-dev/dataconnect`\n"}}
[debug] [2026-03-14T10:54:31.752Z] E0314 06:54:31.752294     693 watch.go:116] watchAllDir unable to walk dir `/Users/autoknerd/Desktop/autodrive-dev/dataconnect`: lstat /Users/autoknerd/Desktop/autodrive-dev/dataconnect: no such file or directory
E0314 06:54:31.752319     693 watch.go:40] Failed to load config from "/Users/autoknerd/Desktop/autodrive-dev/dataconnect": could not find dataconnect.yaml in `/Users/autoknerd/Desktop/autodrive-dev/dataconnect`
 {"metadata":{"emulator":{"name":"dataconnect"},"message":"E0314 06:54:31.752294     693 watch.go:116] watchAllDir unable to walk dir `/Users/autoknerd/Desktop/autodrive-dev/dataconnect`: lstat /Users/autoknerd/Desktop/autodrive-dev/dataconnect: no such file or directory\nE0314 06:54:31.752319     693 watch.go:40] Failed to load config from \"/Users/autoknerd/Desktop/autodrive-dev/dataconnect\": could not find dataconnect.yaml in `/Users/autoknerd/Desktop/autodrive-dev/dataconnect`\n"}}
[debug] [2026-03-14T10:54:41.752Z] E0314 06:54:41.751941     693 watch.go:40] Failed to load config from "/Users/autoknerd/Desktop/autodrive-dev/dataconnect": could not find dataconnect.yaml in `/Users/autoknerd/Desktop/autodrive-dev/dataconnect`
 {"metadata":{"emulator":{"name":"dataconnect"},"message":"E0314 06:54:41.751941     693 watch.go:40] Failed to load config from \"/Users/autoknerd/Desktop/autodrive-dev/dataconnect\": could not find dataconnect.yaml in `/Users/autoknerd/Desktop/autodrive-dev/dataconnect`\n"}}
[debug] [2026-03-14T10:54:51.752Z] E0314 06:54:51.752294     693 watch.go:40] Failed to load config from "/Users/autoknerd/Desktop/autodrive-dev/dataconnect": could not find dataconnect.yaml in `/Users/autoknerd/Desktop/autodrive-dev/dataconnect`
 {"metadata":{"emulator":{"name":"dataconnect"},"message":"E0314 06:54:51.752294     693 watch.go:40] Failed to load config from \"/Users/autoknerd/Desktop/autodrive-dev/dataconnect\": could not find dataconnect.yaml in `/Users/autoknerd/Desktop/autodrive-dev/dataconnect`\n"}}
[debug] [2026-03-14T10:55:01.752Z] E0314 06:55:01.752459     693 watch.go:40] Failed to load config from "/Users/autoknerd/Desktop/autodrive-dev/dataconnect": could not find dataconnect.yaml in `/Users/autoknerd/Desktop/autodrive-dev/dataconnect`
 {"metadata":{"emulator":{"name":"dataconnect"},"message":"E0314 06:55:01.752459     693 watch.go:40] Failed to load config from \"/Users/autoknerd/Desktop/autodrive-dev/dataconnect\": could not find dataconnect.yaml in `/Users/autoknerd/Desktop/autodrive-dev/dataconnect`\n"}}
[debug] [2026-03-14T10:55:11.752Z] E0314 06:55:11.752577     693 watch.go:40] Failed to load config from "/Users/autoknerd/Desktop/autodrive-dev/dataconnect": could not find dataconnect.yaml in `/Users/autoknerd/Desktop/autodrive-dev/dataconnect`
 {"metadata":{"emulator":{"name":"dataconnect"},"message":"E0314 06:55:11.752577     693 watch.go:40] Failed to load config from \"/Users/autoknerd/Desktop/autodrive-dev/dataconnect\": could not find dataconnect.yaml in `/Users/autoknerd/Desktop/autodrive-dev/dataconnect`\n"}}
[debug] [2026-03-14T10:55:21.752Z] E0314 06:55:21.752201     693 watch.go:40] Failed to load config from "/Users/autoknerd/Desktop/autodrive-dev/dataconnect": could not find dataconnect.yaml in `/Users/autoknerd/Desktop/autodrive-dev/dataconnect`
 {"metadata":{"emulator":{"name":"dataconnect"},"message":"E0314 06:55:21.752201     693 watch.go:40] Failed to load config from \"/Users/autoknerd/Desktop/autodrive-dev/dataconnect\": could not find dataconnect.yaml in `/Users/autoknerd/Desktop/autodrive-dev/dataconnect`\n"}}
[debug] [2026-03-14T10:55:31.752Z] E0314 06:55:31.752186     693 watch.go:40] Failed to load config from "/Users/autoknerd/Desktop/autodrive-dev/dataconnect": could not find dataconnect.yaml in `/Users/autoknerd/Desktop/autodrive-dev/dataconnect`
E0314 06:55:31.752165     693 watch.go:116] watchAllDir unable to walk dir `/Users/autoknerd/Desktop/autodrive-dev/dataconnect`: lstat /Users/autoknerd/Desktop/autodrive-dev/dataconnect: no such file or directory
 {"metadata":{"emulator":{"name":"dataconnect"},"message":"E0314 06:55:31.752186     693 watch.go:40] Failed to load config from \"/Users/autoknerd/Desktop/autodrive-dev/dataconnect\": could not find dataconnect.yaml in `/Users/autoknerd/Desktop/autodrive-dev/dataconnect`\nE0314 06:55:31.752165     693 watch.go:116] watchAllDir unable to walk dir `/Users/autoknerd/Desktop/autodrive-dev/dataconnect`: lstat /Users/autoknerd/Desktop/autodrive-dev/dataconnect: no such file or directory\n"}}
[debug] [2026-03-14T10:55:41.752Z] E0314 06:55:41.752619     693 watch.go:40] Failed to load config from "/Users/autoknerd/Desktop/autodrive-dev/dataconnect": could not find dataconnect.yaml in `/Users/autoknerd/Desktop/autodrive-dev/dataconnect`
 {"metadata":{"emulator":{"name":"dataconnect"},"message":"E0314 06:55:41.752619     693 watch.go:40] Failed to load config from \"/Users/autoknerd/Desktop/autodrive-dev/dataconnect\": could not find dataconnect.yaml in `/Users/autoknerd/Desktop/autodrive-dev/dataconnect`\n"}}
[debug] [2026-03-14T10:55:51.753Z] E0314 06:55:51.752663     693 watch.go:40] Failed to load config from "/Users/autoknerd/Desktop/autodrive-dev/dataconnect": could not find dataconnect.yaml in `/Users/autoknerd/Desktop/autodrive-dev/dataconnect`
 {"metadata":{"emulator":{"name":"dataconnect"},"message":"E0314 06:55:51.752663     693 watch.go:40] Failed to load config from \"/Users/autoknerd/Desktop/autodrive-dev/dataconnect\": could not find dataconnect.yaml in `/Users/autoknerd/Desktop/autodrive-dev/dataconnect`\n"}}
[debug] [2026-03-14T10:56:01.752Z] E0314 06:56:01.752398     693 watch.go:40] Failed to load config from "/Users/autoknerd/Desktop/autodrive-dev/dataconnect": could not find dataconnect.yaml in `/Users/autoknerd/Desktop/autodrive-dev/dataconnect`
 {"metadata":{"emulator":{"name":"dataconnect"},"message":"E0314 06:56:01.752398     693 watch.go:40] Failed to load config from \"/Users/autoknerd/Desktop/autodrive-dev/dataconnect\": could not find dataconnect.yaml in `/Users/autoknerd/Desktop/autodrive-dev/dataconnect`\n"}}
[debug] [2026-03-14T10:56:11.752Z] E0314 06:56:11.752268     693 watch.go:40] Failed to load config from "/Users/autoknerd/Desktop/autodrive-dev/dataconnect": could not find dataconnect.yaml in `/Users/autoknerd/Desktop/autodrive-dev/dataconnect`
 {"metadata":{"emulator":{"name":"dataconnect"},"message":"E0314 06:56:11.752268     693 watch.go:40] Failed to load config from \"/Users/autoknerd/Desktop/autodrive-dev/dataconnect\": could not find dataconnect.yaml in `/Users/autoknerd/Desktop/autodrive-dev/dataconnect`\n"}}
[debug] [2026-03-14T10:56:21.752Z] E0314 06:56:21.752558     693 watch.go:40] Failed to load config from "/Users/autoknerd/Desktop/autodrive-dev/dataconnect": could not find dataconnect.yaml in `/Users/autoknerd/Desktop/autodrive-dev/dataconnect`
 {"metadata":{"emulator":{"name":"dataconnect"},"message":"E0314 06:56:21.752558     693 watch.go:40] Failed to load config from \"/Users/autoknerd/Desktop/autodrive-dev/dataconnect\": could not find dataconnect.yaml in `/Users/autoknerd/Desktop/autodrive-dev/dataconnect`\n"}}
[debug] [2026-03-14T10:56:31.752Z] E0314 06:56:31.752174     693 watch.go:116] watchAllDir unable to walk dir `/Users/autoknerd/Desktop/autodrive-dev/dataconnect`: lstat /Users/autoknerd/Desktop/autodrive-dev/dataconnect: no such file or directory
E0314 06:56:31.752249     693 watch.go:40] Failed to load config from "/Users/autoknerd/Desktop/autodrive-dev/dataconnect": could not find dataconnect.yaml in `/Users/autoknerd/Desktop/autodrive-dev/dataconnect`
 {"metadata":{"emulator":{"name":"dataconnect"},"message":"E0314 06:56:31.752174     693 watch.go:116] watchAllDir unable to walk dir `/Users/autoknerd/Desktop/autodrive-dev/dataconnect`: lstat /Users/autoknerd/Desktop/autodrive-dev/dataconnect: no such file or directory\nE0314 06:56:31.752249     693 watch.go:40] Failed to load config from \"/Users/autoknerd/Desktop/autodrive-dev/dataconnect\": could not find dataconnect.yaml in `/Users/autoknerd/Desktop/autodrive-dev/dataconnect`\n"}}
[debug] [2026-03-14T10:56:41.752Z] E0314 06:56:41.752178     693 watch.go:40] Failed to load config from "/Users/autoknerd/Desktop/autodrive-dev/dataconnect": could not find dataconnect.yaml in `/Users/autoknerd/Desktop/autodrive-dev/dataconnect`
 {"metadata":{"emulator":{"name":"dataconnect"},"message":"E0314 06:56:41.752178     693 watch.go:40] Failed to load config from \"/Users/autoknerd/Desktop/autodrive-dev/dataconnect\": could not find dataconnect.yaml in `/Users/autoknerd/Desktop/autodrive-dev/dataconnect`\n"}}
[debug] [2026-03-14T10:56:51.752Z] E0314 06:56:51.752498     693 watch.go:40] Failed to load config from "/Users/autoknerd/Desktop/autodrive-dev/dataconnect": could not find dataconnect.yaml in `/Users/autoknerd/Desktop/autodrive-dev/dataconnect`
 {"metadata":{"emulator":{"name":"dataconnect"},"message":"E0314 06:56:51.752498     693 watch.go:40] Failed to load config from \"/Users/autoknerd/Desktop/autodrive-dev/dataconnect\": could not find dataconnect.yaml in `/Users/autoknerd/Desktop/autodrive-dev/dataconnect`\n"}}
[debug] [2026-03-14T10:57:01.752Z] E0314 06:57:01.752262     693 watch.go:40] Failed to load config from "/Users/autoknerd/Desktop/autodrive-dev/dataconnect": could not find dataconnect.yaml in `/Users/autoknerd/Desktop/autodrive-dev/dataconnect`
 {"metadata":{"emulator":{"name":"dataconnect"},"message":"E0314 06:57:01.752262     693 watch.go:40] Failed to load config from \"/Users/autoknerd/Desktop/autodrive-dev/dataconnect\": could not find dataconnect.yaml in `/Users/autoknerd/Desktop/autodrive-dev/dataconnect`\n"}}
[debug] [2026-03-14T10:57:11.752Z] E0314 06:57:11.752242     693 watch.go:40] Failed to load config from "/Users/autoknerd/Desktop/autodrive-dev/dataconnect": could not find dataconnect.yaml in `/Users/autoknerd/Desktop/autodrive-dev/dataconnect`
 {"metadata":{"emulator":{"name":"dataconnect"},"message":"E0314 06:57:11.752242     693 watch.go:40] Failed to load config from \"/Users/autoknerd/Desktop/autodrive-dev/dataconnect\": could not find dataconnect.yaml in `/Users/autoknerd/Desktop/autodrive-dev/dataconnect`\n"}}
[debug] [2026-03-14T10:57:21.752Z] E0314 06:57:21.752490     693 watch.go:40] Failed to load config from "/Users/autoknerd/Desktop/autodrive-dev/dataconnect": could not find dataconnect.yaml in `/Users/autoknerd/Desktop/autodrive-dev/dataconnect`
 {"metadata":{"emulator":{"name":"dataconnect"},"message":"E0314 06:57:21.752490     693 watch.go:40] Failed to load config from \"/Users/autoknerd/Desktop/autodrive-dev/dataconnect\": could not find dataconnect.yaml in `/Users/autoknerd/Desktop/autodrive-dev/dataconnect`\n"}}
[debug] [2026-03-14T10:57:31.752Z] E0314 06:57:31.751716     693 watch.go:116] watchAllDir unable to walk dir `/Users/autoknerd/Desktop/autodrive-dev/dataconnect`: lstat /Users/autoknerd/Desktop/autodrive-dev/dataconnect: no such file or directory
E0314 06:57:31.751741     693 watch.go:40] Failed to load config from "/Users/autoknerd/Desktop/autodrive-dev/dataconnect": could not find dataconnect.yaml in `/Users/autoknerd/Desktop/autodrive-dev/dataconnect`
 {"metadata":{"emulator":{"name":"dataconnect"},"message":"E0314 06:57:31.751716     693 watch.go:116] watchAllDir unable to walk dir `/Users/autoknerd/Desktop/autodrive-dev/dataconnect`: lstat /Users/autoknerd/Desktop/autodrive-dev/dataconnect: no such file or directory\nE0314 06:57:31.751741     693 watch.go:40] Failed to load config from \"/Users/autoknerd/Desktop/autodrive-dev/dataconnect\": could not find dataconnect.yaml in `/Users/autoknerd/Desktop/autodrive-dev/dataconnect`\n"}}
[debug] [2026-03-14T10:57:41.752Z] E0314 06:57:41.752329     693 watch.go:40] Failed to load config from "/Users/autoknerd/Desktop/autodrive-dev/dataconnect": could not find dataconnect.yaml in `/Users/autoknerd/Desktop/autodrive-dev/dataconnect`
 {"metadata":{"emulator":{"name":"dataconnect"},"message":"E0314 06:57:41.752329     693 watch.go:40] Failed to load config from \"/Users/autoknerd/Desktop/autodrive-dev/dataconnect\": could not find dataconnect.yaml in `/Users/autoknerd/Desktop/autodrive-dev/dataconnect`\n"}}
[debug] [2026-03-14T10:57:51.752Z] E0314 06:57:51.752493     693 watch.go:40] Failed to load config from "/Users/autoknerd/Desktop/autodrive-dev/dataconnect": could not find dataconnect.yaml in `/Users/autoknerd/Desktop/autodrive-dev/dataconnect`
 {"metadata":{"emulator":{"name":"dataconnect"},"message":"E0314 06:57:51.752493     693 watch.go:40] Failed to load config from \"/Users/autoknerd/Desktop/autodrive-dev/dataconnect\": could not find dataconnect.yaml in `/Users/autoknerd/Desktop/autodrive-dev/dataconnect`\n"}}
[debug] [2026-03-14T10:58:01.752Z] E0314 06:58:01.751928     693 watch.go:40] Failed to load config from "/Users/autoknerd/Desktop/autodrive-dev/dataconnect": could not find dataconnect.yaml in `/Users/autoknerd/Desktop/autodrive-dev/dataconnect`
 {"metadata":{"emulator":{"name":"dataconnect"},"message":"E0314 06:58:01.751928     693 watch.go:40] Failed to load config from \"/Users/autoknerd/Desktop/autodrive-dev/dataconnect\": could not find dataconnect.yaml in `/Users/autoknerd/Desktop/autodrive-dev/dataconnect`\n"}}
[debug] [2026-03-14T10:58:11.752Z] E0314 06:58:11.752135     693 watch.go:40] Failed to load config from "/Users/autoknerd/Desktop/autodrive-dev/dataconnect": could not find dataconnect.yaml in `/Users/autoknerd/Desktop/autodrive-dev/dataconnect`
 {"metadata":{"emulator":{"name":"dataconnect"},"message":"E0314 06:58:11.752135     693 watch.go:40] Failed to load config from \"/Users/autoknerd/Desktop/autodrive-dev/dataconnect\": could not find dataconnect.yaml in `/Users/autoknerd/Desktop/autodrive-dev/dataconnect`\n"}}
[debug] [2026-03-14T10:58:21.752Z] E0314 06:58:21.752466     693 watch.go:40] Failed to load config from "/Users/autoknerd/Desktop/autodrive-dev/dataconnect": could not find dataconnect.yaml in `/Users/autoknerd/Desktop/autodrive-dev/dataconnect`
 {"metadata":{"emulator":{"name":"dataconnect"},"message":"E0314 06:58:21.752466     693 watch.go:40] Failed to load config from \"/Users/autoknerd/Desktop/autodrive-dev/dataconnect\": could not find dataconnect.yaml in `/Users/autoknerd/Desktop/autodrive-dev/dataconnect`\n"}}
[debug] [2026-03-14T10:58:31.752Z] E0314 06:58:31.752132     693 watch.go:40] Failed to load config from "/Users/autoknerd/Desktop/autodrive-dev/dataconnect": could not find dataconnect.yaml in `/Users/autoknerd/Desktop/autodrive-dev/dataconnect`
E0314 06:58:31.752115     693 watch.go:116] watchAllDir unable to walk dir `/Users/autoknerd/Desktop/autodrive-dev/dataconnect`: lstat /Users/autoknerd/Desktop/autodrive-dev/dataconnect: no such file or directory
 {"metadata":{"emulator":{"name":"dataconnect"},"message":"E0314 06:58:31.752132     693 watch.go:40] Failed to load config from \"/Users/autoknerd/Desktop/autodrive-dev/dataconnect\": could not find dataconnect.yaml in `/Users/autoknerd/Desktop/autodrive-dev/dataconnect`\nE0314 06:58:31.752115     693 watch.go:116] watchAllDir unable to walk dir `/Users/autoknerd/Desktop/autodrive-dev/dataconnect`: lstat /Users/autoknerd/Desktop/autodrive-dev/dataconnect: no such file or directory\n"}}
[debug] [2026-03-14T10:58:41.752Z] E0314 06:58:41.752138     693 watch.go:40] Failed to load config from "/Users/autoknerd/Desktop/autodrive-dev/dataconnect": could not find dataconnect.yaml in `/Users/autoknerd/Desktop/autodrive-dev/dataconnect`
 {"metadata":{"emulator":{"name":"dataconnect"},"message":"E0314 06:58:41.752138     693 watch.go:40] Failed to load config from \"/Users/autoknerd/Desktop/autodrive-dev/dataconnect\": could not find dataconnect.yaml in `/Users/autoknerd/Desktop/autodrive-dev/dataconnect`\n"}}
[debug] [2026-03-14T10:58:51.752Z] E0314 06:58:51.752017     693 watch.go:40] Failed to load config from "/Users/autoknerd/Desktop/autodrive-dev/dataconnect": could not find dataconnect.yaml in `/Users/autoknerd/Desktop/autodrive-dev/dataconnect`
 {"metadata":{"emulator":{"name":"dataconnect"},"message":"E0314 06:58:51.752017     693 watch.go:40] Failed to load config from \"/Users/autoknerd/Desktop/autodrive-dev/dataconnect\": could not find dataconnect.yaml in `/Users/autoknerd/Desktop/autodrive-dev/dataconnect`\n"}}
[debug] [2026-03-14T10:59:01.752Z] E0314 06:59:01.751757     693 watch.go:40] Failed to load config from "/Users/autoknerd/Desktop/autodrive-dev/dataconnect": could not find dataconnect.yaml in `/Users/autoknerd/Desktop/autodrive-dev/dataconnect`
 {"metadata":{"emulator":{"name":"dataconnect"},"message":"E0314 06:59:01.751757     693 watch.go:40] Failed to load config from \"/Users/autoknerd/Desktop/autodrive-dev/dataconnect\": could not find dataconnect.yaml in `/Users/autoknerd/Desktop/autodrive-dev/dataconnect`\n"}}
[debug] [2026-03-14T10:59:11.752Z] E0314 06:59:11.752469     693 watch.go:40] Failed to load config from "/Users/autoknerd/Desktop/autodrive-dev/dataconnect": could not find dataconnect.yaml in `/Users/autoknerd/Desktop/autodrive-dev/dataconnect`
 {"metadata":{"emulator":{"name":"dataconnect"},"message":"E0314 06:59:11.752469     693 watch.go:40] Failed to load config from \"/Users/autoknerd/Desktop/autodrive-dev/dataconnect\": could not find dataconnect.yaml in `/Users/autoknerd/Desktop/autodrive-dev/dataconnect`\n"}}
[debug] [2026-03-14T10:59:21.752Z] E0314 06:59:21.752344     693 watch.go:40] Failed to load config from "/Users/autoknerd/Desktop/autodrive-dev/dataconnect": could not find dataconnect.yaml in `/Users/autoknerd/Desktop/autodrive-dev/dataconnect`
 {"metadata":{"emulator":{"name":"dataconnect"},"message":"E0314 06:59:21.752344     693 watch.go:40] Failed to load config from \"/Users/autoknerd/Desktop/autodrive-dev/dataconnect\": could not find dataconnect.yaml in `/Users/autoknerd/Desktop/autodrive-dev/dataconnect`\n"}}
[debug] [2026-03-14T10:59:31.752Z] E0314 06:59:31.751877     693 watch.go:116] watchAllDir unable to walk dir `/Users/autoknerd/Desktop/autodrive-dev/dataconnect`: lstat /Users/autoknerd/Desktop/autodrive-dev/dataconnect: no such file or directory
E0314 06:59:31.751903     693 watch.go:40] Failed to load config from "/Users/autoknerd/Desktop/autodrive-dev/dataconnect": could not find dataconnect.yaml in `/Users/autoknerd/Desktop/autodrive-dev/dataconnect`
 {"metadata":{"emulator":{"name":"dataconnect"},"message":"E0314 06:59:31.751877     693 watch.go:116] watchAllDir unable to walk dir `/Users/autoknerd/Desktop/autodrive-dev/dataconnect`: lstat /Users/autoknerd/Desktop/autodrive-dev/dataconnect: no such file or directory\nE0314 06:59:31.751903     693 watch.go:40] Failed to load config from \"/Users/autoknerd/Desktop/autodrive-dev/dataconnect\": could not find dataconnect.yaml in `/Users/autoknerd/Desktop/autodrive-dev/dataconnect`\n"}}
[debug] [2026-03-14T10:59:41.752Z] E0314 06:59:41.752377     693 watch.go:40] Failed to load config from "/Users/autoknerd/Desktop/autodrive-dev/dataconnect": could not find dataconnect.yaml in `/Users/autoknerd/Desktop/autodrive-dev/dataconnect`
 {"metadata":{"emulator":{"name":"dataconnect"},"message":"E0314 06:59:41.752377     693 watch.go:40] Failed to load config from \"/Users/autoknerd/Desktop/autodrive-dev/dataconnect\": could not find dataconnect.yaml in `/Users/autoknerd/Desktop/autodrive-dev/dataconnect`\n"}}
[debug] [2026-03-14T10:59:51.752Z] E0314 06:59:51.752121     693 watch.go:40] Failed to load config from "/Users/autoknerd/Desktop/autodrive-dev/dataconnect": could not find dataconnect.yaml in `/Users/autoknerd/Desktop/autodrive-dev/dataconnect`
 {"metadata":{"emulator":{"name":"dataconnect"},"message":"E0314 06:59:51.752121     693 watch.go:40] Failed to load config from \"/Users/autoknerd/Desktop/autodrive-dev/dataconnect\": could not find dataconnect.yaml in `/Users/autoknerd/Desktop/autodrive-dev/dataconnect`\n"}}
[debug] [2026-03-14T11:00:01.752Z] E0314 07:00:01.751944     693 watch.go:40] Failed to load config from "/Users/autoknerd/Desktop/autodrive-dev/dataconnect": could not find dataconnect.yaml in `/Users/autoknerd/Desktop/autodrive-dev/dataconnect`
 {"metadata":{"emulator":{"name":"dataconnect"},"message":"E0314 07:00:01.751944     693 watch.go:40] Failed to load config from \"/Users/autoknerd/Desktop/autodrive-dev/dataconnect\": could not find dataconnect.yaml in `/Users/autoknerd/Desktop/autodrive-dev/dataconnect`\n"}}
[debug] [2026-03-14T11:00:11.751Z] E0314 07:00:11.751474     693 watch.go:40] Failed to load config from "/Users/autoknerd/Desktop/autodrive-dev/dataconnect": could not find dataconnect.yaml in `/Users/autoknerd/Desktop/autodrive-dev/dataconnect`
 {"metadata":{"emulator":{"name":"dataconnect"},"message":"E0314 07:00:11.751474     693 watch.go:40] Failed to load config from \"/Users/autoknerd/Desktop/autodrive-dev/dataconnect\": could not find dataconnect.yaml in `/Users/autoknerd/Desktop/autodrive-dev/dataconnect`\n"}}
[debug] [2026-03-14T11:00:21.751Z] E0314 07:00:21.751511     693 watch.go:40] Failed to load config from "/Users/autoknerd/Desktop/autodrive-dev/dataconnect": could not find dataconnect.yaml in `/Users/autoknerd/Desktop/autodrive-dev/dataconnect`
 {"metadata":{"emulator":{"name":"dataconnect"},"message":"E0314 07:00:21.751511     693 watch.go:40] Failed to load config from \"/Users/autoknerd/Desktop/autodrive-dev/dataconnect\": could not find dataconnect.yaml in `/Users/autoknerd/Desktop/autodrive-dev/dataconnect`\n"}}
[debug] [2026-03-14T11:00:31.752Z] E0314 07:00:31.751825     693 watch.go:40] Failed to load config from "/Users/autoknerd/Desktop/autodrive-dev/dataconnect": could not find dataconnect.yaml in `/Users/autoknerd/Desktop/autodrive-dev/dataconnect`
E0314 07:00:31.751781     693 watch.go:116] watchAllDir unable to walk dir `/Users/autoknerd/Desktop/autodrive-dev/dataconnect`: lstat /Users/autoknerd/Desktop/autodrive-dev/dataconnect: no such file or directory
 {"metadata":{"emulator":{"name":"dataconnect"},"message":"E0314 07:00:31.751825     693 watch.go:40] Failed to load config from \"/Users/autoknerd/Desktop/autodrive-dev/dataconnect\": could not find dataconnect.yaml in `/Users/autoknerd/Desktop/autodrive-dev/dataconnect`\nE0314 07:00:31.751781     693 watch.go:116] watchAllDir unable to walk dir `/Users/autoknerd/Desktop/autodrive-dev/dataconnect`: lstat /Users/autoknerd/Desktop/autodrive-dev/dataconnect: no such file or directory\n"}}
[debug] [2026-03-14T11:00:41.752Z] E0314 07:00:41.752025     693 watch.go:40] Failed to load config from "/Users/autoknerd/Desktop/autodrive-dev/dataconnect": could not find dataconnect.yaml in `/Users/autoknerd/Desktop/autodrive-dev/dataconnect`
 {"metadata":{"emulator":{"name":"dataconnect"},"message":"E0314 07:00:41.752025     693 watch.go:40] Failed to load config from \"/Users/autoknerd/Desktop/autodrive-dev/dataconnect\": could not find dataconnect.yaml in `/Users/autoknerd/Desktop/autodrive-dev/dataconnect`\n"}}
[debug] [2026-03-14T11:00:51.752Z] E0314 07:00:51.752394     693 watch.go:40] Failed to load config from "/Users/autoknerd/Desktop/autodrive-dev/dataconnect": could not find dataconnect.yaml in `/Users/autoknerd/Desktop/autodrive-dev/dataconnect`
 {"metadata":{"emulator":{"name":"dataconnect"},"message":"E0314 07:00:51.752394     693 watch.go:40] Failed to load config from \"/Users/autoknerd/Desktop/autodrive-dev/dataconnect\": could not find dataconnect.yaml in `/Users/autoknerd/Desktop/autodrive-dev/dataconnect`\n"}}
[debug] [2026-03-14T11:01:01.752Z] E0314 07:01:01.752150     693 watch.go:40] Failed to load config from "/Users/autoknerd/Desktop/autodrive-dev/dataconnect": could not find dataconnect.yaml in `/Users/autoknerd/Desktop/autodrive-dev/dataconnect`
 {"metadata":{"emulator":{"name":"dataconnect"},"message":"E0314 07:01:01.752150     693 watch.go:40] Failed to load config from \"/Users/autoknerd/Desktop/autodrive-dev/dataconnect\": could not find dataconnect.yaml in `/Users/autoknerd/Desktop/autodrive-dev/dataconnect`\n"}}
[debug] [2026-03-14T11:01:11.752Z] E0314 07:01:11.752265     693 watch.go:40] Failed to load config from "/Users/autoknerd/Desktop/autodrive-dev/dataconnect": could not find dataconnect.yaml in `/Users/autoknerd/Desktop/autodrive-dev/dataconnect`
 {"metadata":{"emulator":{"name":"dataconnect"},"message":"E0314 07:01:11.752265     693 watch.go:40] Failed to load config from \"/Users/autoknerd/Desktop/autodrive-dev/dataconnect\": could not find dataconnect.yaml in `/Users/autoknerd/Desktop/autodrive-dev/dataconnect`\n"}}
[debug] [2026-03-14T11:01:21.752Z] E0314 07:01:21.752323     693 watch.go:40] Failed to load config from "/Users/autoknerd/Desktop/autodrive-dev/dataconnect": could not find dataconnect.yaml in `/Users/autoknerd/Desktop/autodrive-dev/dataconnect`
 {"metadata":{"emulator":{"name":"dataconnect"},"message":"E0314 07:01:21.752323     693 watch.go:40] Failed to load config from \"/Users/autoknerd/Desktop/autodrive-dev/dataconnect\": could not find dataconnect.yaml in `/Users/autoknerd/Desktop/autodrive-dev/dataconnect`\n"}}
[debug] [2026-03-14T11:01:31.751Z] E0314 07:01:31.751811     693 watch.go:116] watchAllDir unable to walk dir `/Users/autoknerd/Desktop/autodrive-dev/dataconnect`: lstat /Users/autoknerd/Desktop/autodrive-dev/dataconnect: no such file or directory
E0314 07:01:31.751836     693 watch.go:40] Failed to load config from "/Users/autoknerd/Desktop/autodrive-dev/dataconnect": could not find dataconnect.yaml in `/Users/autoknerd/Desktop/autodrive-dev/dataconnect`
 {"metadata":{"emulator":{"name":"dataconnect"},"message":"E0314 07:01:31.751811     693 watch.go:116] watchAllDir unable to walk dir `/Users/autoknerd/Desktop/autodrive-dev/dataconnect`: lstat /Users/autoknerd/Desktop/autodrive-dev/dataconnect: no such file or directory\nE0314 07:01:31.751836     693 watch.go:40] Failed to load config from \"/Users/autoknerd/Desktop/autodrive-dev/dataconnect\": could not find dataconnect.yaml in `/Users/autoknerd/Desktop/autodrive-dev/dataconnect`\n"}}
[debug] [2026-03-14T11:01:41.752Z] E0314 07:01:41.751916     693 watch.go:40] Failed to load config from "/Users/autoknerd/Desktop/autodrive-dev/dataconnect": could not find dataconnect.yaml in `/Users/autoknerd/Desktop/autodrive-dev/dataconnect`
 {"metadata":{"emulator":{"name":"dataconnect"},"message":"E0314 07:01:41.751916     693 watch.go:40] Failed to load config from \"/Users/autoknerd/Desktop/autodrive-dev/dataconnect\": could not find dataconnect.yaml in `/Users/autoknerd/Desktop/autodrive-dev/dataconnect`\n"}}
[debug] [2026-03-14T11:01:51.752Z] E0314 07:01:51.752223     693 watch.go:40] Failed to load config from "/Users/autoknerd/Desktop/autodrive-dev/dataconnect": could not find dataconnect.yaml in `/Users/autoknerd/Desktop/autodrive-dev/dataconnect`
 {"metadata":{"emulator":{"name":"dataconnect"},"message":"E0314 07:01:51.752223     693 watch.go:40] Failed to load config from \"/Users/autoknerd/Desktop/autodrive-dev/dataconnect\": could not find dataconnect.yaml in `/Users/autoknerd/Desktop/autodrive-dev/dataconnect`\n"}}
[debug] [2026-03-14T11:02:01.751Z] E0314 07:02:01.751306     693 watch.go:40] Failed to load config from "/Users/autoknerd/Desktop/autodrive-dev/dataconnect": could not find dataconnect.yaml in `/Users/autoknerd/Desktop/autodrive-dev/dataconnect`
 {"metadata":{"emulator":{"name":"dataconnect"},"message":"E0314 07:02:01.751306     693 watch.go:40] Failed to load config from \"/Users/autoknerd/Desktop/autodrive-dev/dataconnect\": could not find dataconnect.yaml in `/Users/autoknerd/Desktop/autodrive-dev/dataconnect`\n"}}
[debug] [2026-03-14T11:02:11.752Z] E0314 07:02:11.752312     693 watch.go:40] Failed to load config from "/Users/autoknerd/Desktop/autodrive-dev/dataconnect": could not find dataconnect.yaml in `/Users/autoknerd/Desktop/autodrive-dev/dataconnect`
 {"metadata":{"emulator":{"name":"dataconnect"},"message":"E0314 07:02:11.752312     693 watch.go:40] Failed to load config from \"/Users/autoknerd/Desktop/autodrive-dev/dataconnect\": could not find dataconnect.yaml in `/Users/autoknerd/Desktop/autodrive-dev/dataconnect`\n"}}
[debug] [2026-03-14T11:02:21.752Z] E0314 07:02:21.752014     693 watch.go:40] Failed to load config from "/Users/autoknerd/Desktop/autodrive-dev/dataconnect": could not find dataconnect.yaml in `/Users/autoknerd/Desktop/autodrive-dev/dataconnect`
 {"metadata":{"emulator":{"name":"dataconnect"},"message":"E0314 07:02:21.752014     693 watch.go:40] Failed to load config from \"/Users/autoknerd/Desktop/autodrive-dev/dataconnect\": could not find dataconnect.yaml in `/Users/autoknerd/Desktop/autodrive-dev/dataconnect`\n"}}
[debug] [2026-03-14T11:02:31.752Z] E0314 07:02:31.751904     693 watch.go:40] Failed to load config from "/Users/autoknerd/Desktop/autodrive-dev/dataconnect": could not find dataconnect.yaml in `/Users/autoknerd/Desktop/autodrive-dev/dataconnect`
E0314 07:02:31.751870     693 watch.go:116] watchAllDir unable to walk dir `/Users/autoknerd/Desktop/autodrive-dev/dataconnect`: lstat /Users/autoknerd/Desktop/autodrive-dev/dataconnect: no such file or directory
 {"metadata":{"emulator":{"name":"dataconnect"},"message":"E0314 07:02:31.751904     693 watch.go:40] Failed to load config from \"/Users/autoknerd/Desktop/autodrive-dev/dataconnect\": could not find dataconnect.yaml in `/Users/autoknerd/Desktop/autodrive-dev/dataconnect`\nE0314 07:02:31.751870     693 watch.go:116] watchAllDir unable to walk dir `/Users/autoknerd/Desktop/autodrive-dev/dataconnect`: lstat /Users/autoknerd/Desktop/autodrive-dev/dataconnect: no such file or directory\n"}}
[debug] [2026-03-14T11:02:41.752Z] E0314 07:02:41.752163     693 watch.go:40] Failed to load config from "/Users/autoknerd/Desktop/autodrive-dev/dataconnect": could not find dataconnect.yaml in `/Users/autoknerd/Desktop/autodrive-dev/dataconnect`
 {"metadata":{"emulator":{"name":"dataconnect"},"message":"E0314 07:02:41.752163     693 watch.go:40] Failed to load config from \"/Users/autoknerd/Desktop/autodrive-dev/dataconnect\": could not find dataconnect.yaml in `/Users/autoknerd/Desktop/autodrive-dev/dataconnect`\n"}}
[debug] [2026-03-14T11:02:51.752Z] E0314 07:02:51.752249     693 watch.go:40] Failed to load config from "/Users/autoknerd/Desktop/autodrive-dev/dataconnect": could not find dataconnect.yaml in `/Users/autoknerd/Desktop/autodrive-dev/dataconnect`
 {"metadata":{"emulator":{"name":"dataconnect"},"message":"E0314 07:02:51.752249     693 watch.go:40] Failed to load config from \"/Users/autoknerd/Desktop/autodrive-dev/dataconnect\": could not find dataconnect.yaml in `/Users/autoknerd/Desktop/autodrive-dev/dataconnect`\n"}}
[debug] [2026-03-14T11:03:01.752Z] E0314 07:03:01.751846     693 watch.go:40] Failed to load config from "/Users/autoknerd/Desktop/autodrive-dev/dataconnect": could not find dataconnect.yaml in `/Users/autoknerd/Desktop/autodrive-dev/dataconnect`
 {"metadata":{"emulator":{"name":"dataconnect"},"message":"E0314 07:03:01.751846     693 watch.go:40] Failed to load config from \"/Users/autoknerd/Desktop/autodrive-dev/dataconnect\": could not find dataconnect.yaml in `/Users/autoknerd/Desktop/autodrive-dev/dataconnect`\n"}}
[debug] [2026-03-14T11:03:11.751Z] E0314 07:03:11.751625     693 watch.go:40] Failed to load config from "/Users/autoknerd/Desktop/autodrive-dev/dataconnect": could not find dataconnect.yaml in `/Users/autoknerd/Desktop/autodrive-dev/dataconnect`
 {"metadata":{"emulator":{"name":"dataconnect"},"message":"E0314 07:03:11.751625     693 watch.go:40] Failed to load config from \"/Users/autoknerd/Desktop/autodrive-dev/dataconnect\": could not find dataconnect.yaml in `/Users/autoknerd/Desktop/autodrive-dev/dataconnect`\n"}}
[debug] [2026-03-14T11:03:21.752Z] E0314 07:03:21.752203     693 watch.go:40] Failed to load config from "/Users/autoknerd/Desktop/autodrive-dev/dataconnect": could not find dataconnect.yaml in `/Users/autoknerd/Desktop/autodrive-dev/dataconnect`
 {"metadata":{"emulator":{"name":"dataconnect"},"message":"E0314 07:03:21.752203     693 watch.go:40] Failed to load config from \"/Users/autoknerd/Desktop/autodrive-dev/dataconnect\": could not find dataconnect.yaml in `/Users/autoknerd/Desktop/autodrive-dev/dataconnect`\n"}}
[debug] [2026-03-14T11:03:31.752Z] E0314 07:03:31.751913     693 watch.go:40] Failed to load config from "/Users/autoknerd/Desktop/autodrive-dev/dataconnect": could not find dataconnect.yaml in `/Users/autoknerd/Desktop/autodrive-dev/dataconnect`
E0314 07:03:31.751876     693 watch.go:116] watchAllDir unable to walk dir `/Users/autoknerd/Desktop/autodrive-dev/dataconnect`: lstat /Users/autoknerd/Desktop/autodrive-dev/dataconnect: no such file or directory
 {"metadata":{"emulator":{"name":"dataconnect"},"message":"E0314 07:03:31.751913     693 watch.go:40] Failed to load config from \"/Users/autoknerd/Desktop/autodrive-dev/dataconnect\": could not find dataconnect.yaml in `/Users/autoknerd/Desktop/autodrive-dev/dataconnect`\nE0314 07:03:31.751876     693 watch.go:116] watchAllDir unable to walk dir `/Users/autoknerd/Desktop/autodrive-dev/dataconnect`: lstat /Users/autoknerd/Desktop/autodrive-dev/dataconnect: no such file or directory\n"}}
[debug] [2026-03-14T11:03:41.752Z] E0314 07:03:41.752125     693 watch.go:40] Failed to load config from "/Users/autoknerd/Desktop/autodrive-dev/dataconnect": could not find dataconnect.yaml in `/Users/autoknerd/Desktop/autodrive-dev/dataconnect`
 {"metadata":{"emulator":{"name":"dataconnect"},"message":"E0314 07:03:41.752125     693 watch.go:40] Failed to load config from \"/Users/autoknerd/Desktop/autodrive-dev/dataconnect\": could not find dataconnect.yaml in `/Users/autoknerd/Desktop/autodrive-dev/dataconnect`\n"}}
[debug] [2026-03-14T11:03:51.752Z] E0314 07:03:51.751826     693 watch.go:40] Failed to load config from "/Users/autoknerd/Desktop/autodrive-dev/dataconnect": could not find dataconnect.yaml in `/Users/autoknerd/Desktop/autodrive-dev/dataconnect`
 {"metadata":{"emulator":{"name":"dataconnect"},"message":"E0314 07:03:51.751826     693 watch.go:40] Failed to load config from \"/Users/autoknerd/Desktop/autodrive-dev/dataconnect\": could not find dataconnect.yaml in `/Users/autoknerd/Desktop/autodrive-dev/dataconnect`\n"}}
[debug] [2026-03-14T11:04:01.752Z] E0314 07:04:01.752134     693 watch.go:40] Failed to load config from "/Users/autoknerd/Desktop/autodrive-dev/dataconnect": could not find dataconnect.yaml in `/Users/autoknerd/Desktop/autodrive-dev/dataconnect`
 {"metadata":{"emulator":{"name":"dataconnect"},"message":"E0314 07:04:01.752134     693 watch.go:40] Failed to load config from \"/Users/autoknerd/Desktop/autodrive-dev/dataconnect\": could not find dataconnect.yaml in `/Users/autoknerd/Desktop/autodrive-dev/dataconnect`\n"}}
[debug] [2026-03-14T11:04:11.751Z] E0314 07:04:11.751480     693 watch.go:40] Failed to load config from "/Users/autoknerd/Desktop/autodrive-dev/dataconnect": could not find dataconnect.yaml in `/Users/autoknerd/Desktop/autodrive-dev/dataconnect`
 {"metadata":{"emulator":{"name":"dataconnect"},"message":"E0314 07:04:11.751480     693 watch.go:40] Failed to load config from \"/Users/autoknerd/Desktop/autodrive-dev/dataconnect\": could not find dataconnect.yaml in `/Users/autoknerd/Desktop/autodrive-dev/dataconnect`\n"}}
[debug] [2026-03-14T11:04:21.752Z] E0314 07:04:21.752222     693 watch.go:40] Failed to load config from "/Users/autoknerd/Desktop/autodrive-dev/dataconnect": could not find dataconnect.yaml in `/Users/autoknerd/Desktop/autodrive-dev/dataconnect`
 {"metadata":{"emulator":{"name":"dataconnect"},"message":"E0314 07:04:21.752222     693 watch.go:40] Failed to load config from \"/Users/autoknerd/Desktop/autodrive-dev/dataconnect\": could not find dataconnect.yaml in `/Users/autoknerd/Desktop/autodrive-dev/dataconnect`\n"}}
[debug] [2026-03-14T11:04:31.751Z] E0314 07:04:31.751731     693 watch.go:40] Failed to load config from "/Users/autoknerd/Desktop/autodrive-dev/dataconnect": could not find dataconnect.yaml in `/Users/autoknerd/Desktop/autodrive-dev/dataconnect`
E0314 07:04:31.751697     693 watch.go:116] watchAllDir unable to walk dir `/Users/autoknerd/Desktop/autodrive-dev/dataconnect`: lstat /Users/autoknerd/Desktop/autodrive-dev/dataconnect: no such file or directory
 {"metadata":{"emulator":{"name":"dataconnect"},"message":"E0314 07:04:31.751731     693 watch.go:40] Failed to load config from \"/Users/autoknerd/Desktop/autodrive-dev/dataconnect\": could not find dataconnect.yaml in `/Users/autoknerd/Desktop/autodrive-dev/dataconnect`\nE0314 07:04:31.751697     693 watch.go:116] watchAllDir unable to walk dir `/Users/autoknerd/Desktop/autodrive-dev/dataconnect`: lstat /Users/autoknerd/Desktop/autodrive-dev/dataconnect: no such file or directory\n"}}
[debug] [2026-03-14T11:04:41.752Z] E0314 07:04:41.752148     693 watch.go:40] Failed to load config from "/Users/autoknerd/Desktop/autodrive-dev/dataconnect": could not find dataconnect.yaml in `/Users/autoknerd/Desktop/autodrive-dev/dataconnect`
 {"metadata":{"emulator":{"name":"dataconnect"},"message":"E0314 07:04:41.752148     693 watch.go:40] Failed to load config from \"/Users/autoknerd/Desktop/autodrive-dev/dataconnect\": could not find dataconnect.yaml in `/Users/autoknerd/Desktop/autodrive-dev/dataconnect`\n"}}
[debug] [2026-03-14T11:04:51.752Z] E0314 07:04:51.752073     693 watch.go:40] Failed to load config from "/Users/autoknerd/Desktop/autodrive-dev/dataconnect": could not find dataconnect.yaml in `/Users/autoknerd/Desktop/autodrive-dev/dataconnect`
 {"metadata":{"emulator":{"name":"dataconnect"},"message":"E0314 07:04:51.752073     693 watch.go:40] Failed to load config from \"/Users/autoknerd/Desktop/autodrive-dev/dataconnect\": could not find dataconnect.yaml in `/Users/autoknerd/Desktop/autodrive-dev/dataconnect`\n"}}
[debug] [2026-03-14T11:05:01.752Z] E0314 07:05:01.751799     693 watch.go:40] Failed to load config from "/Users/autoknerd/Desktop/autodrive-dev/dataconnect": could not find dataconnect.yaml in `/Users/autoknerd/Desktop/autodrive-dev/dataconnect`
 {"metadata":{"emulator":{"name":"dataconnect"},"message":"E0314 07:05:01.751799     693 watch.go:40] Failed to load config from \"/Users/autoknerd/Desktop/autodrive-dev/dataconnect\": could not find dataconnect.yaml in `/Users/autoknerd/Desktop/autodrive-dev/dataconnect`\n"}}
[debug] [2026-03-14T11:05:11.752Z] E0314 07:05:11.752088     693 watch.go:40] Failed to load config from "/Users/autoknerd/Desktop/autodrive-dev/dataconnect": could not find dataconnect.yaml in `/Users/autoknerd/Desktop/autodrive-dev/dataconnect`
 {"metadata":{"emulator":{"name":"dataconnect"},"message":"E0314 07:05:11.752088     693 watch.go:40] Failed to load config from \"/Users/autoknerd/Desktop/autodrive-dev/dataconnect\": could not find dataconnect.yaml in `/Users/autoknerd/Desktop/autodrive-dev/dataconnect`\n"}}
[debug] [2026-03-14T11:05:21.752Z] E0314 07:05:21.751805     693 watch.go:40] Failed to load config from "/Users/autoknerd/Desktop/autodrive-dev/dataconnect": could not find dataconnect.yaml in `/Users/autoknerd/Desktop/autodrive-dev/dataconnect`
 {"metadata":{"emulator":{"name":"dataconnect"},"message":"E0314 07:05:21.751805     693 watch.go:40] Failed to load config from \"/Users/autoknerd/Desktop/autodrive-dev/dataconnect\": could not find dataconnect.yaml in `/Users/autoknerd/Desktop/autodrive-dev/dataconnect`\n"}}
[debug] [2026-03-14T11:05:31.751Z] E0314 07:05:31.751687     693 watch.go:40] Failed to load config from "/Users/autoknerd/Desktop/autodrive-dev/dataconnect": could not find dataconnect.yaml in `/Users/autoknerd/Desktop/autodrive-dev/dataconnect`
E0314 07:05:31.751684     693 watch.go:116] watchAllDir unable to walk dir `/Users/autoknerd/Desktop/autodrive-dev/dataconnect`: lstat /Users/autoknerd/Desktop/autodrive-dev/dataconnect: no such file or directory
 {"metadata":{"emulator":{"name":"dataconnect"},"message":"E0314 07:05:31.751687     693 watch.go:40] Failed to load config from \"/Users/autoknerd/Desktop/autodrive-dev/dataconnect\": could not find dataconnect.yaml in `/Users/autoknerd/Desktop/autodrive-dev/dataconnect`\nE0314 07:05:31.751684     693 watch.go:116] watchAllDir unable to walk dir `/Users/autoknerd/Desktop/autodrive-dev/dataconnect`: lstat /Users/autoknerd/Desktop/autodrive-dev/dataconnect: no such file or directory\n"}}
[debug] [2026-03-14T11:05:41.752Z] E0314 07:05:41.752206     693 watch.go:40] Failed to load config from "/Users/autoknerd/Desktop/autodrive-dev/dataconnect": could not find dataconnect.yaml in `/Users/autoknerd/Desktop/autodrive-dev/dataconnect`
 {"metadata":{"emulator":{"name":"dataconnect"},"message":"E0314 07:05:41.752206     693 watch.go:40] Failed to load config from \"/Users/autoknerd/Desktop/autodrive-dev/dataconnect\": could not find dataconnect.yaml in `/Users/autoknerd/Desktop/autodrive-dev/dataconnect`\n"}}
[debug] [2026-03-14T11:05:51.752Z] E0314 07:05:51.752074     693 watch.go:40] Failed to load config from "/Users/autoknerd/Desktop/autodrive-dev/dataconnect": could not find dataconnect.yaml in `/Users/autoknerd/Desktop/autodrive-dev/dataconnect`
 {"metadata":{"emulator":{"name":"dataconnect"},"message":"E0314 07:05:51.752074     693 watch.go:40] Failed to load config from \"/Users/autoknerd/Desktop/autodrive-dev/dataconnect\": could not find dataconnect.yaml in `/Users/autoknerd/Desktop/autodrive-dev/dataconnect`\n"}}
[debug] [2026-03-14T11:06:01.751Z] E0314 07:06:01.751742     693 watch.go:40] Failed to load config from "/Users/autoknerd/Desktop/autodrive-dev/dataconnect": could not find dataconnect.yaml in `/Users/autoknerd/Desktop/autodrive-dev/dataconnect`
 {"metadata":{"emulator":{"name":"dataconnect"},"message":"E0314 07:06:01.751742     693 watch.go:40] Failed to load config from \"/Users/autoknerd/Desktop/autodrive-dev/dataconnect\": could not find dataconnect.yaml in `/Users/autoknerd/Desktop/autodrive-dev/dataconnect`\n"}}
[debug] [2026-03-14T11:06:11.751Z] E0314 07:06:11.751548     693 watch.go:40] Failed to load config from "/Users/autoknerd/Desktop/autodrive-dev/dataconnect": could not find dataconnect.yaml in `/Users/autoknerd/Desktop/autodrive-dev/dataconnect`
 {"metadata":{"emulator":{"name":"dataconnect"},"message":"E0314 07:06:11.751548     693 watch.go:40] Failed to load config from \"/Users/autoknerd/Desktop/autodrive-dev/dataconnect\": could not find dataconnect.yaml in `/Users/autoknerd/Desktop/autodrive-dev/dataconnect`\n"}}
[debug] [2026-03-14T11:06:21.752Z] E0314 07:06:21.751909     693 watch.go:40] Failed to load config from "/Users/autoknerd/Desktop/autodrive-dev/dataconnect": could not find dataconnect.yaml in `/Users/autoknerd/Desktop/autodrive-dev/dataconnect`
 {"metadata":{"emulator":{"name":"dataconnect"},"message":"E0314 07:06:21.751909     693 watch.go:40] Failed to load config from \"/Users/autoknerd/Desktop/autodrive-dev/dataconnect\": could not find dataconnect.yaml in `/Users/autoknerd/Desktop/autodrive-dev/dataconnect`\n"}}
[debug] [2026-03-14T11:06:31.751Z] E0314 07:06:31.751137     693 watch.go:40] Failed to load config from "/Users/autoknerd/Desktop/autodrive-dev/dataconnect": could not find dataconnect.yaml in `/Users/autoknerd/Desktop/autodrive-dev/dataconnect`
E0314 07:06:31.751098     693 watch.go:116] watchAllDir unable to walk dir `/Users/autoknerd/Desktop/autodrive-dev/dataconnect`: lstat /Users/autoknerd/Desktop/autodrive-dev/dataconnect: no such file or directory
 {"metadata":{"emulator":{"name":"dataconnect"},"message":"E0314 07:06:31.751137     693 watch.go:40] Failed to load config from \"/Users/autoknerd/Desktop/autodrive-dev/dataconnect\": could not find dataconnect.yaml in `/Users/autoknerd/Desktop/autodrive-dev/dataconnect`\nE0314 07:06:31.751098     693 watch.go:116] watchAllDir unable to walk dir `/Users/autoknerd/Desktop/autodrive-dev/dataconnect`: lstat /Users/autoknerd/Desktop/autodrive-dev/dataconnect: no such file or directory\n"}}
[debug] [2026-03-14T11:06:41.752Z] E0314 07:06:41.751786     693 watch.go:40] Failed to load config from "/Users/autoknerd/Desktop/autodrive-dev/dataconnect": could not find dataconnect.yaml in `/Users/autoknerd/Desktop/autodrive-dev/dataconnect`
 {"metadata":{"emulator":{"name":"dataconnect"},"message":"E0314 07:06:41.751786     693 watch.go:40] Failed to load config from \"/Users/autoknerd/Desktop/autodrive-dev/dataconnect\": could not find dataconnect.yaml in `/Users/autoknerd/Desktop/autodrive-dev/dataconnect`\n"}}
[debug] [2026-03-14T11:06:51.752Z] E0314 07:06:51.752011     693 watch.go:40] Failed to load config from "/Users/autoknerd/Desktop/autodrive-dev/dataconnect": could not find dataconnect.yaml in `/Users/autoknerd/Desktop/autodrive-dev/dataconnect`
 {"metadata":{"emulator":{"name":"dataconnect"},"message":"E0314 07:06:51.752011     693 watch.go:40] Failed to load config from \"/Users/autoknerd/Desktop/autodrive-dev/dataconnect\": could not find dataconnect.yaml in `/Users/autoknerd/Desktop/autodrive-dev/dataconnect`\n"}}
[debug] [2026-03-14T11:07:01.751Z] E0314 07:07:01.751691     693 watch.go:40] Failed to load config from "/Users/autoknerd/Desktop/autodrive-dev/dataconnect": could not find dataconnect.yaml in `/Users/autoknerd/Desktop/autodrive-dev/dataconnect`
 {"metadata":{"emulator":{"name":"dataconnect"},"message":"E0314 07:07:01.751691     693 watch.go:40] Failed to load config from \"/Users/autoknerd/Desktop/autodrive-dev/dataconnect\": could not find dataconnect.yaml in `/Users/autoknerd/Desktop/autodrive-dev/dataconnect`\n"}}
[debug] [2026-03-14T11:07:11.752Z] E0314 07:07:11.752143     693 watch.go:40] Failed to load config from "/Users/autoknerd/Desktop/autodrive-dev/dataconnect": could not find dataconnect.yaml in `/Users/autoknerd/Desktop/autodrive-dev/dataconnect`
 {"metadata":{"emulator":{"name":"dataconnect"},"message":"E0314 07:07:11.752143     693 watch.go:40] Failed to load config from \"/Users/autoknerd/Desktop/autodrive-dev/dataconnect\": could not find dataconnect.yaml in `/Users/autoknerd/Desktop/autodrive-dev/dataconnect`\n"}}
[debug] [2026-03-14T11:07:21.752Z] E0314 07:07:21.751714     693 watch.go:40] Failed to load config from "/Users/autoknerd/Desktop/autodrive-dev/dataconnect": could not find dataconnect.yaml in `/Users/autoknerd/Desktop/autodrive-dev/dataconnect`
 {"metadata":{"emulator":{"name":"dataconnect"},"message":"E0314 07:07:21.751714     693 watch.go:40] Failed to load config from \"/Users/autoknerd/Desktop/autodrive-dev/dataconnect\": could not find dataconnect.yaml in `/Users/autoknerd/Desktop/autodrive-dev/dataconnect`\n"}}
[debug] [2026-03-14T11:07:31.751Z] E0314 07:07:31.751663     693 watch.go:116] watchAllDir unable to walk dir `/Users/autoknerd/Desktop/autodrive-dev/dataconnect`: lstat /Users/autoknerd/Desktop/autodrive-dev/dataconnect: no such file or directory
E0314 07:07:31.751717     693 watch.go:40] Failed to load config from "/Users/autoknerd/Desktop/autodrive-dev/dataconnect": could not find dataconnect.yaml in `/Users/autoknerd/Desktop/autodrive-dev/dataconnect`
 {"metadata":{"emulator":{"name":"dataconnect"},"message":"E0314 07:07:31.751663     693 watch.go:116] watchAllDir unable to walk dir `/Users/autoknerd/Desktop/autodrive-dev/dataconnect`: lstat /Users/autoknerd/Desktop/autodrive-dev/dataconnect: no such file or directory\nE0314 07:07:31.751717     693 watch.go:40] Failed to load config from \"/Users/autoknerd/Desktop/autodrive-dev/dataconnect\": could not find dataconnect.yaml in `/Users/autoknerd/Desktop/autodrive-dev/dataconnect`\n"}}
[debug] [2026-03-14T11:07:41.752Z] E0314 07:07:41.752175     693 watch.go:40] Failed to load config from "/Users/autoknerd/Desktop/autodrive-dev/dataconnect": could not find dataconnect.yaml in `/Users/autoknerd/Desktop/autodrive-dev/dataconnect`
 {"metadata":{"emulator":{"name":"dataconnect"},"message":"E0314 07:07:41.752175     693 watch.go:40] Failed to load config from \"/Users/autoknerd/Desktop/autodrive-dev/dataconnect\": could not find dataconnect.yaml in `/Users/autoknerd/Desktop/autodrive-dev/dataconnect`\n"}}
[debug] [2026-03-14T11:07:51.752Z] E0314 07:07:51.752134     693 watch.go:40] Failed to load config from "/Users/autoknerd/Desktop/autodrive-dev/dataconnect": could not find dataconnect.yaml in `/Users/autoknerd/Desktop/autodrive-dev/dataconnect`
 {"metadata":{"emulator":{"name":"dataconnect"},"message":"E0314 07:07:51.752134     693 watch.go:40] Failed to load config from \"/Users/autoknerd/Desktop/autodrive-dev/dataconnect\": could not find dataconnect.yaml in `/Users/autoknerd/Desktop/autodrive-dev/dataconnect`\n"}}
[debug] [2026-03-14T11:08:01.751Z] E0314 07:08:01.751619     693 watch.go:40] Failed to load config from "/Users/autoknerd/Desktop/autodrive-dev/dataconnect": could not find dataconnect.yaml in `/Users/autoknerd/Desktop/autodrive-dev/dataconnect`
 {"metadata":{"emulator":{"name":"dataconnect"},"message":"E0314 07:08:01.751619     693 watch.go:40] Failed to load config from \"/Users/autoknerd/Desktop/autodrive-dev/dataconnect\": could not find dataconnect.yaml in `/Users/autoknerd/Desktop/autodrive-dev/dataconnect`\n"}}
[debug] [2026-03-14T11:08:11.752Z] E0314 07:08:11.751964     693 watch.go:40] Failed to load config from "/Users/autoknerd/Desktop/autodrive-dev/dataconnect": could not find dataconnect.yaml in `/Users/autoknerd/Desktop/autodrive-dev/dataconnect`
 {"metadata":{"emulator":{"name":"dataconnect"},"message":"E0314 07:08:11.751964     693 watch.go:40] Failed to load config from \"/Users/autoknerd/Desktop/autodrive-dev/dataconnect\": could not find dataconnect.yaml in `/Users/autoknerd/Desktop/autodrive-dev/dataconnect`\n"}}
[debug] [2026-03-14T11:08:21.751Z] E0314 07:08:21.751362     693 watch.go:40] Failed to load config from "/Users/autoknerd/Desktop/autodrive-dev/dataconnect": could not find dataconnect.yaml in `/Users/autoknerd/Desktop/autodrive-dev/dataconnect`
 {"metadata":{"emulator":{"name":"dataconnect"},"message":"E0314 07:08:21.751362     693 watch.go:40] Failed to load config from \"/Users/autoknerd/Desktop/autodrive-dev/dataconnect\": could not find dataconnect.yaml in `/Users/autoknerd/Desktop/autodrive-dev/dataconnect`\n"}}
[debug] [2026-03-14T11:08:31.751Z] E0314 07:08:31.751525     693 watch.go:40] Failed to load config from "/Users/autoknerd/Desktop/autodrive-dev/dataconnect": could not find dataconnect.yaml in `/Users/autoknerd/Desktop/autodrive-dev/dataconnect`
E0314 07:08:31.751497     693 watch.go:116] watchAllDir unable to walk dir `/Users/autoknerd/Desktop/autodrive-dev/dataconnect`: lstat /Users/autoknerd/Desktop/autodrive-dev/dataconnect: no such file or directory
 {"metadata":{"emulator":{"name":"dataconnect"},"message":"E0314 07:08:31.751525     693 watch.go:40] Failed to load config from \"/Users/autoknerd/Desktop/autodrive-dev/dataconnect\": could not find dataconnect.yaml in `/Users/autoknerd/Desktop/autodrive-dev/dataconnect`\nE0314 07:08:31.751497     693 watch.go:116] watchAllDir unable to walk dir `/Users/autoknerd/Desktop/autodrive-dev/dataconnect`: lstat /Users/autoknerd/Desktop/autodrive-dev/dataconnect: no such file or directory\n"}}
[debug] [2026-03-14T11:08:41.752Z] E0314 07:08:41.751748     693 watch.go:40] Failed to load config from "/Users/autoknerd/Desktop/autodrive-dev/dataconnect": could not find dataconnect.yaml in `/Users/autoknerd/Desktop/autodrive-dev/dataconnect`
 {"metadata":{"emulator":{"name":"dataconnect"},"message":"E0314 07:08:41.751748     693 watch.go:40] Failed to load config from \"/Users/autoknerd/Desktop/autodrive-dev/dataconnect\": could not find dataconnect.yaml in `/Users/autoknerd/Desktop/autodrive-dev/dataconnect`\n"}}
[debug] [2026-03-14T11:08:51.752Z] E0314 07:08:51.752112     693 watch.go:40] Failed to load config from "/Users/autoknerd/Desktop/autodrive-dev/dataconnect": could not find dataconnect.yaml in `/Users/autoknerd/Desktop/autodrive-dev/dataconnect`
 {"metadata":{"emulator":{"name":"dataconnect"},"message":"E0314 07:08:51.752112     693 watch.go:40] Failed to load config from \"/Users/autoknerd/Desktop/autodrive-dev/dataconnect\": could not find dataconnect.yaml in `/Users/autoknerd/Desktop/autodrive-dev/dataconnect`\n"}}
[debug] [2026-03-14T11:09:01.755Z] E0314 07:09:01.751625     693 watch.go:40] Failed to load config from "/Users/autoknerd/Desktop/autodrive-dev/dataconnect": could not find dataconnect.yaml in `/Users/autoknerd/Desktop/autodrive-dev/dataconnect`
 {"metadata":{"emulator":{"name":"dataconnect"},"message":"E0314 07:09:01.751625     693 watch.go:40] Failed to load config from \"/Users/autoknerd/Desktop/autodrive-dev/dataconnect\": could not find dataconnect.yaml in `/Users/autoknerd/Desktop/autodrive-dev/dataconnect`\n"}}
[debug] [2026-03-14T11:09:11.752Z] E0314 07:09:11.752014     693 watch.go:40] Failed to load config from "/Users/autoknerd/Desktop/autodrive-dev/dataconnect": could not find dataconnect.yaml in `/Users/autoknerd/Desktop/autodrive-dev/dataconnect`
 {"metadata":{"emulator":{"name":"dataconnect"},"message":"E0314 07:09:11.752014     693 watch.go:40] Failed to load config from \"/Users/autoknerd/Desktop/autodrive-dev/dataconnect\": could not find dataconnect.yaml in `/Users/autoknerd/Desktop/autodrive-dev/dataconnect`\n"}}
[debug] [2026-03-14T11:09:21.753Z] E0314 07:09:21.753200     693 watch.go:40] Failed to load config from "/Users/autoknerd/Desktop/autodrive-dev/dataconnect": could not find dataconnect.yaml in `/Users/autoknerd/Desktop/autodrive-dev/dataconnect`
 {"metadata":{"emulator":{"name":"dataconnect"},"message":"E0314 07:09:21.753200     693 watch.go:40] Failed to load config from \"/Users/autoknerd/Desktop/autodrive-dev/dataconnect\": could not find dataconnect.yaml in `/Users/autoknerd/Desktop/autodrive-dev/dataconnect`\n"}}
[debug] [2026-03-14T11:09:31.752Z] E0314 07:09:31.752183     693 watch.go:116] watchAllDir unable to walk dir `/Users/autoknerd/Desktop/autodrive-dev/dataconnect`: lstat /Users/autoknerd/Desktop/autodrive-dev/dataconnect: no such file or directory
E0314 07:09:31.752332     693 watch.go:40] Failed to load config from "/Users/autoknerd/Desktop/autodrive-dev/dataconnect": could not find dataconnect.yaml in `/Users/autoknerd/Desktop/autodrive-dev/dataconnect`
 {"metadata":{"emulator":{"name":"dataconnect"},"message":"E0314 07:09:31.752183     693 watch.go:116] watchAllDir unable to walk dir `/Users/autoknerd/Desktop/autodrive-dev/dataconnect`: lstat /Users/autoknerd/Desktop/autodrive-dev/dataconnect: no such file or directory\nE0314 07:09:31.752332     693 watch.go:40] Failed to load config from \"/Users/autoknerd/Desktop/autodrive-dev/dataconnect\": could not find dataconnect.yaml in `/Users/autoknerd/Desktop/autodrive-dev/dataconnect`\n"}}
[debug] [2026-03-14T11:09:41.752Z] E0314 07:09:41.751911     693 watch.go:40] Failed to load config from "/Users/autoknerd/Desktop/autodrive-dev/dataconnect": could not find dataconnect.yaml in `/Users/autoknerd/Desktop/autodrive-dev/dataconnect`
 {"metadata":{"emulator":{"name":"dataconnect"},"message":"E0314 07:09:41.751911     693 watch.go:40] Failed to load config from \"/Users/autoknerd/Desktop/autodrive-dev/dataconnect\": could not find dataconnect.yaml in `/Users/autoknerd/Desktop/autodrive-dev/dataconnect`\n"}}
[debug] [2026-03-14T11:09:51.752Z] E0314 07:09:51.751897     693 watch.go:40] Failed to load config from "/Users/autoknerd/Desktop/autodrive-dev/dataconnect": could not find dataconnect.yaml in `/Users/autoknerd/Desktop/autodrive-dev/dataconnect`
 {"metadata":{"emulator":{"name":"dataconnect"},"message":"E0314 07:09:51.751897     693 watch.go:40] Failed to load config from \"/Users/autoknerd/Desktop/autodrive-dev/dataconnect\": could not find dataconnect.yaml in `/Users/autoknerd/Desktop/autodrive-dev/dataconnect`\n"}}
[debug] [2026-03-14T11:10:01.752Z] E0314 07:10:01.752054     693 watch.go:40] Failed to load config from "/Users/autoknerd/Desktop/autodrive-dev/dataconnect": could not find dataconnect.yaml in `/Users/autoknerd/Desktop/autodrive-dev/dataconnect`
 {"metadata":{"emulator":{"name":"dataconnect"},"message":"E0314 07:10:01.752054     693 watch.go:40] Failed to load config from \"/Users/autoknerd/Desktop/autodrive-dev/dataconnect\": could not find dataconnect.yaml in `/Users/autoknerd/Desktop/autodrive-dev/dataconnect`\n"}}
[debug] [2026-03-14T11:10:11.752Z] E0314 07:10:11.752321     693 watch.go:40] Failed to load config from "/Users/autoknerd/Desktop/autodrive-dev/dataconnect": could not find dataconnect.yaml in `/Users/autoknerd/Desktop/autodrive-dev/dataconnect`
 {"metadata":{"emulator":{"name":"dataconnect"},"message":"E0314 07:10:11.752321     693 watch.go:40] Failed to load config from \"/Users/autoknerd/Desktop/autodrive-dev/dataconnect\": could not find dataconnect.yaml in `/Users/autoknerd/Desktop/autodrive-dev/dataconnect`\n"}}
[debug] [2026-03-14T11:10:21.752Z] E0314 07:10:21.752159     693 watch.go:40] Failed to load config from "/Users/autoknerd/Desktop/autodrive-dev/dataconnect": could not find dataconnect.yaml in `/Users/autoknerd/Desktop/autodrive-dev/dataconnect`
 {"metadata":{"emulator":{"name":"dataconnect"},"message":"E0314 07:10:21.752159     693 watch.go:40] Failed to load config from \"/Users/autoknerd/Desktop/autodrive-dev/dataconnect\": could not find dataconnect.yaml in `/Users/autoknerd/Desktop/autodrive-dev/dataconnect`\n"}}
[debug] [2026-03-14T11:10:31.752Z] E0314 07:10:31.752616     693 watch.go:40] Failed to load config from "/Users/autoknerd/Desktop/autodrive-dev/dataconnect": could not find dataconnect.yaml in `/Users/autoknerd/Desktop/autodrive-dev/dataconnect`
E0314 07:10:31.752684     693 watch.go:116] watchAllDir unable to walk dir `/Users/autoknerd/Desktop/autodrive-dev/dataconnect`: lstat /Users/autoknerd/Desktop/autodrive-dev/dataconnect: no such file or directory
 {"metadata":{"emulator":{"name":"dataconnect"},"message":"E0314 07:10:31.752616     693 watch.go:40] Failed to load config from \"/Users/autoknerd/Desktop/autodrive-dev/dataconnect\": could not find dataconnect.yaml in `/Users/autoknerd/Desktop/autodrive-dev/dataconnect`\nE0314 07:10:31.752684     693 watch.go:116] watchAllDir unable to walk dir `/Users/autoknerd/Desktop/autodrive-dev/dataconnect`: lstat /Users/autoknerd/Desktop/autodrive-dev/dataconnect: no such file or directory\n"}}
[debug] [2026-03-14T11:10:41.753Z] E0314 07:10:41.753044     693 watch.go:40] Failed to load config from "/Users/autoknerd/Desktop/autodrive-dev/dataconnect": could not find dataconnect.yaml in `/Users/autoknerd/Desktop/autodrive-dev/dataconnect`
 {"metadata":{"emulator":{"name":"dataconnect"},"message":"E0314 07:10:41.753044     693 watch.go:40] Failed to load config from \"/Users/autoknerd/Desktop/autodrive-dev/dataconnect\": could not find dataconnect.yaml in `/Users/autoknerd/Desktop/autodrive-dev/dataconnect`\n"}}
[debug] [2026-03-14T11:10:51.753Z] E0314 07:10:51.752943     693 watch.go:40] Failed to load config from "/Users/autoknerd/Desktop/autodrive-dev/dataconnect": could not find dataconnect.yaml in `/Users/autoknerd/Desktop/autodrive-dev/dataconnect`
 {"metadata":{"emulator":{"name":"dataconnect"},"message":"E0314 07:10:51.752943     693 watch.go:40] Failed to load config from \"/Users/autoknerd/Desktop/autodrive-dev/dataconnect\": could not find dataconnect.yaml in `/Users/autoknerd/Desktop/autodrive-dev/dataconnect`\n"}}
[debug] [2026-03-14T11:11:01.752Z] E0314 07:11:01.751943     693 watch.go:40] Failed to load config from "/Users/autoknerd/Desktop/autodrive-dev/dataconnect": could not find dataconnect.yaml in `/Users/autoknerd/Desktop/autodrive-dev/dataconnect`
 {"metadata":{"emulator":{"name":"dataconnect"},"message":"E0314 07:11:01.751943     693 watch.go:40] Failed to load config from \"/Users/autoknerd/Desktop/autodrive-dev/dataconnect\": could not find dataconnect.yaml in `/Users/autoknerd/Desktop/autodrive-dev/dataconnect`\n"}}
[debug] [2026-03-14T11:11:11.751Z] E0314 07:11:11.751532     693 watch.go:40] Failed to load config from "/Users/autoknerd/Desktop/autodrive-dev/dataconnect": could not find dataconnect.yaml in `/Users/autoknerd/Desktop/autodrive-dev/dataconnect`
 {"metadata":{"emulator":{"name":"dataconnect"},"message":"E0314 07:11:11.751532     693 watch.go:40] Failed to load config from \"/Users/autoknerd/Desktop/autodrive-dev/dataconnect\": could not find dataconnect.yaml in `/Users/autoknerd/Desktop/autodrive-dev/dataconnect`\n"}}
[debug] [2026-03-14T11:11:21.751Z] E0314 07:11:21.751338     693 watch.go:40] Failed to load config from "/Users/autoknerd/Desktop/autodrive-dev/dataconnect": could not find dataconnect.yaml in `/Users/autoknerd/Desktop/autodrive-dev/dataconnect`
 {"metadata":{"emulator":{"name":"dataconnect"},"message":"E0314 07:11:21.751338     693 watch.go:40] Failed to load config from \"/Users/autoknerd/Desktop/autodrive-dev/dataconnect\": could not find dataconnect.yaml in `/Users/autoknerd/Desktop/autodrive-dev/dataconnect`\n"}}
[debug] [2026-03-14T11:11:31.751Z] E0314 07:11:31.750933     693 watch.go:116] watchAllDir unable to walk dir `/Users/autoknerd/Desktop/autodrive-dev/dataconnect`: lstat /Users/autoknerd/Desktop/autodrive-dev/dataconnect: no such file or directory
E0314 07:11:31.751028     693 watch.go:40] Failed to load config from "/Users/autoknerd/Desktop/autodrive-dev/dataconnect": could not find dataconnect.yaml in `/Users/autoknerd/Desktop/autodrive-dev/dataconnect`
 {"metadata":{"emulator":{"name":"dataconnect"},"message":"E0314 07:11:31.750933     693 watch.go:116] watchAllDir unable to walk dir `/Users/autoknerd/Desktop/autodrive-dev/dataconnect`: lstat /Users/autoknerd/Desktop/autodrive-dev/dataconnect: no such file or directory\nE0314 07:11:31.751028     693 watch.go:40] Failed to load config from \"/Users/autoknerd/Desktop/autodrive-dev/dataconnect\": could not find dataconnect.yaml in `/Users/autoknerd/Desktop/autodrive-dev/dataconnect`\n"}}
[debug] [2026-03-14T11:11:41.751Z] E0314 07:11:41.751699     693 watch.go:40] Failed to load config from "/Users/autoknerd/Desktop/autodrive-dev/dataconnect": could not find dataconnect.yaml in `/Users/autoknerd/Desktop/autodrive-dev/dataconnect`
 {"metadata":{"emulator":{"name":"dataconnect"},"message":"E0314 07:11:41.751699     693 watch.go:40] Failed to load config from \"/Users/autoknerd/Desktop/autodrive-dev/dataconnect\": could not find dataconnect.yaml in `/Users/autoknerd/Desktop/autodrive-dev/dataconnect`\n"}}
[debug] [2026-03-14T11:11:51.751Z] E0314 07:11:51.751631     693 watch.go:40] Failed to load config from "/Users/autoknerd/Desktop/autodrive-dev/dataconnect": could not find dataconnect.yaml in `/Users/autoknerd/Desktop/autodrive-dev/dataconnect`
 {"metadata":{"emulator":{"name":"dataconnect"},"message":"E0314 07:11:51.751631     693 watch.go:40] Failed to load config from \"/Users/autoknerd/Desktop/autodrive-dev/dataconnect\": could not find dataconnect.yaml in `/Users/autoknerd/Desktop/autodrive-dev/dataconnect`\n"}}
[debug] [2026-03-14T11:12:01.751Z] E0314 07:12:01.751481     693 watch.go:40] Failed to load config from "/Users/autoknerd/Desktop/autodrive-dev/dataconnect": could not find dataconnect.yaml in `/Users/autoknerd/Desktop/autodrive-dev/dataconnect`
 {"metadata":{"emulator":{"name":"dataconnect"},"message":"E0314 07:12:01.751481     693 watch.go:40] Failed to load config from \"/Users/autoknerd/Desktop/autodrive-dev/dataconnect\": could not find dataconnect.yaml in `/Users/autoknerd/Desktop/autodrive-dev/dataconnect`\n"}}
[debug] [2026-03-14T11:12:11.753Z] E0314 07:12:11.752849     693 watch.go:40] Failed to load config from "/Users/autoknerd/Desktop/autodrive-dev/dataconnect": could not find dataconnect.yaml in `/Users/autoknerd/Desktop/autodrive-dev/dataconnect`
 {"metadata":{"emulator":{"name":"dataconnect"},"message":"E0314 07:12:11.752849     693 watch.go:40] Failed to load config from \"/Users/autoknerd/Desktop/autodrive-dev/dataconnect\": could not find dataconnect.yaml in `/Users/autoknerd/Desktop/autodrive-dev/dataconnect`\n"}}
[debug] [2026-03-14T11:12:21.751Z] E0314 07:12:21.751013     693 watch.go:40] Failed to load config from "/Users/autoknerd/Desktop/autodrive-dev/dataconnect": could not find dataconnect.yaml in `/Users/autoknerd/Desktop/autodrive-dev/dataconnect`
 {"metadata":{"emulator":{"name":"dataconnect"},"message":"E0314 07:12:21.751013     693 watch.go:40] Failed to load config from \"/Users/autoknerd/Desktop/autodrive-dev/dataconnect\": could not find dataconnect.yaml in `/Users/autoknerd/Desktop/autodrive-dev/dataconnect`\n"}}
[debug] [2026-03-14T11:12:31.752Z] E0314 07:12:31.751826     693 watch.go:40] Failed to load config from "/Users/autoknerd/Desktop/autodrive-dev/dataconnect": could not find dataconnect.yaml in `/Users/autoknerd/Desktop/autodrive-dev/dataconnect`
E0314 07:12:31.751811     693 watch.go:116] watchAllDir unable to walk dir `/Users/autoknerd/Desktop/autodrive-dev/dataconnect`: lstat /Users/autoknerd/Desktop/autodrive-dev/dataconnect: no such file or directory
 {"metadata":{"emulator":{"name":"dataconnect"},"message":"E0314 07:12:31.751826     693 watch.go:40] Failed to load config from \"/Users/autoknerd/Desktop/autodrive-dev/dataconnect\": could not find dataconnect.yaml in `/Users/autoknerd/Desktop/autodrive-dev/dataconnect`\nE0314 07:12:31.751811     693 watch.go:116] watchAllDir unable to walk dir `/Users/autoknerd/Desktop/autodrive-dev/dataconnect`: lstat /Users/autoknerd/Desktop/autodrive-dev/dataconnect: no such file or directory\n"}}
[debug] [2026-03-14T11:12:41.752Z] E0314 07:12:41.752182     693 watch.go:40] Failed to load config from "/Users/autoknerd/Desktop/autodrive-dev/dataconnect": could not find dataconnect.yaml in `/Users/autoknerd/Desktop/autodrive-dev/dataconnect`
 {"metadata":{"emulator":{"name":"dataconnect"},"message":"E0314 07:12:41.752182     693 watch.go:40] Failed to load config from \"/Users/autoknerd/Desktop/autodrive-dev/dataconnect\": could not find dataconnect.yaml in `/Users/autoknerd/Desktop/autodrive-dev/dataconnect`\n"}}
[debug] [2026-03-14T11:12:51.753Z] E0314 07:12:51.752780     693 watch.go:40] Failed to load config from "/Users/autoknerd/Desktop/autodrive-dev/dataconnect": could not find dataconnect.yaml in `/Users/autoknerd/Desktop/autodrive-dev/dataconnect`
 {"metadata":{"emulator":{"name":"dataconnect"},"message":"E0314 07:12:51.752780     693 watch.go:40] Failed to load config from \"/Users/autoknerd/Desktop/autodrive-dev/dataconnect\": could not find dataconnect.yaml in `/Users/autoknerd/Desktop/autodrive-dev/dataconnect`\n"}}
[debug] [2026-03-14T11:13:01.752Z] E0314 07:13:01.752231     693 watch.go:40] Failed to load config from "/Users/autoknerd/Desktop/autodrive-dev/dataconnect": could not find dataconnect.yaml in `/Users/autoknerd/Desktop/autodrive-dev/dataconnect`
 {"metadata":{"emulator":{"name":"dataconnect"},"message":"E0314 07:13:01.752231     693 watch.go:40] Failed to load config from \"/Users/autoknerd/Desktop/autodrive-dev/dataconnect\": could not find dataconnect.yaml in `/Users/autoknerd/Desktop/autodrive-dev/dataconnect`\n"}}
[debug] [2026-03-14T11:13:11.752Z] E0314 07:13:11.751831     693 watch.go:40] Failed to load config from "/Users/autoknerd/Desktop/autodrive-dev/dataconnect": could not find dataconnect.yaml in `/Users/autoknerd/Desktop/autodrive-dev/dataconnect`
 {"metadata":{"emulator":{"name":"dataconnect"},"message":"E0314 07:13:11.751831     693 watch.go:40] Failed to load config from \"/Users/autoknerd/Desktop/autodrive-dev/dataconnect\": could not find dataconnect.yaml in `/Users/autoknerd/Desktop/autodrive-dev/dataconnect`\n"}}
[debug] [2026-03-14T11:13:21.753Z] E0314 07:13:21.752791     693 watch.go:40] Failed to load config from "/Users/autoknerd/Desktop/autodrive-dev/dataconnect": could not find dataconnect.yaml in `/Users/autoknerd/Desktop/autodrive-dev/dataconnect`
 {"metadata":{"emulator":{"name":"dataconnect"},"message":"E0314 07:13:21.752791     693 watch.go:40] Failed to load config from \"/Users/autoknerd/Desktop/autodrive-dev/dataconnect\": could not find dataconnect.yaml in `/Users/autoknerd/Desktop/autodrive-dev/dataconnect`\n"}}
[debug] [2026-03-14T11:13:31.751Z] E0314 07:13:31.751265     693 watch.go:40] Failed to load config from "/Users/autoknerd/Desktop/autodrive-dev/dataconnect": could not find dataconnect.yaml in `/Users/autoknerd/Desktop/autodrive-dev/dataconnect`
E0314 07:13:31.751235     693 watch.go:116] watchAllDir unable to walk dir `/Users/autoknerd/Desktop/autodrive-dev/dataconnect`: lstat /Users/autoknerd/Desktop/autodrive-dev/dataconnect: no such file or directory
 {"metadata":{"emulator":{"name":"dataconnect"},"message":"E0314 07:13:31.751265     693 watch.go:40] Failed to load config from \"/Users/autoknerd/Desktop/autodrive-dev/dataconnect\": could not find dataconnect.yaml in `/Users/autoknerd/Desktop/autodrive-dev/dataconnect`\nE0314 07:13:31.751235     693 watch.go:116] watchAllDir unable to walk dir `/Users/autoknerd/Desktop/autodrive-dev/dataconnect`: lstat /Users/autoknerd/Desktop/autodrive-dev/dataconnect: no such file or directory\n"}}
[debug] [2026-03-14T11:13:41.753Z] E0314 07:13:41.752721     693 watch.go:40] Failed to load config from "/Users/autoknerd/Desktop/autodrive-dev/dataconnect": could not find dataconnect.yaml in `/Users/autoknerd/Desktop/autodrive-dev/dataconnect`
 {"metadata":{"emulator":{"name":"dataconnect"},"message":"E0314 07:13:41.752721     693 watch.go:40] Failed to load config from \"/Users/autoknerd/Desktop/autodrive-dev/dataconnect\": could not find dataconnect.yaml in `/Users/autoknerd/Desktop/autodrive-dev/dataconnect`\n"}}
[debug] [2026-03-14T11:13:51.752Z] E0314 07:13:51.752386     693 watch.go:40] Failed to load config from "/Users/autoknerd/Desktop/autodrive-dev/dataconnect": could not find dataconnect.yaml in `/Users/autoknerd/Desktop/autodrive-dev/dataconnect`
 {"metadata":{"emulator":{"name":"dataconnect"},"message":"E0314 07:13:51.752386     693 watch.go:40] Failed to load config from \"/Users/autoknerd/Desktop/autodrive-dev/dataconnect\": could not find dataconnect.yaml in `/Users/autoknerd/Desktop/autodrive-dev/dataconnect`\n"}}
[debug] [2026-03-14T11:14:01.751Z] E0314 07:14:01.751667     693 watch.go:40] Failed to load config from "/Users/autoknerd/Desktop/autodrive-dev/dataconnect": could not find dataconnect.yaml in `/Users/autoknerd/Desktop/autodrive-dev/dataconnect`
 {"metadata":{"emulator":{"name":"dataconnect"},"message":"E0314 07:14:01.751667     693 watch.go:40] Failed to load config from \"/Users/autoknerd/Desktop/autodrive-dev/dataconnect\": could not find dataconnect.yaml in `/Users/autoknerd/Desktop/autodrive-dev/dataconnect`\n"}}
[debug] [2026-03-14T11:14:11.753Z] E0314 07:14:11.753086     693 watch.go:40] Failed to load config from "/Users/autoknerd/Desktop/autodrive-dev/dataconnect": could not find dataconnect.yaml in `/Users/autoknerd/Desktop/autodrive-dev/dataconnect`
 {"metadata":{"emulator":{"name":"dataconnect"},"message":"E0314 07:14:11.753086     693 watch.go:40] Failed to load config from \"/Users/autoknerd/Desktop/autodrive-dev/dataconnect\": could not find dataconnect.yaml in `/Users/autoknerd/Desktop/autodrive-dev/dataconnect`\n"}}
[debug] [2026-03-14T11:14:21.752Z] E0314 07:14:21.751941     693 watch.go:40] Failed to load config from "/Users/autoknerd/Desktop/autodrive-dev/dataconnect": could not find dataconnect.yaml in `/Users/autoknerd/Desktop/autodrive-dev/dataconnect`
 {"metadata":{"emulator":{"name":"dataconnect"},"message":"E0314 07:14:21.751941     693 watch.go:40] Failed to load config from \"/Users/autoknerd/Desktop/autodrive-dev/dataconnect\": could not find dataconnect.yaml in `/Users/autoknerd/Desktop/autodrive-dev/dataconnect`\n"}}
[debug] [2026-03-14T11:14:31.751Z] E0314 07:14:31.751673     693 watch.go:40] Failed to load config from "/Users/autoknerd/Desktop/autodrive-dev/dataconnect": could not find dataconnect.yaml in `/Users/autoknerd/Desktop/autodrive-dev/dataconnect`
E0314 07:14:31.751644     693 watch.go:116] watchAllDir unable to walk dir `/Users/autoknerd/Desktop/autodrive-dev/dataconnect`: lstat /Users/autoknerd/Desktop/autodrive-dev/dataconnect: no such file or directory
 {"metadata":{"emulator":{"name":"dataconnect"},"message":"E0314 07:14:31.751673     693 watch.go:40] Failed to load config from \"/Users/autoknerd/Desktop/autodrive-dev/dataconnect\": could not find dataconnect.yaml in `/Users/autoknerd/Desktop/autodrive-dev/dataconnect`\nE0314 07:14:31.751644     693 watch.go:116] watchAllDir unable to walk dir `/Users/autoknerd/Desktop/autodrive-dev/dataconnect`: lstat /Users/autoknerd/Desktop/autodrive-dev/dataconnect: no such file or directory\n"}}
[debug] [2026-03-14T11:14:41.752Z] E0314 07:14:41.752302     693 watch.go:40] Failed to load config from "/Users/autoknerd/Desktop/autodrive-dev/dataconnect": could not find dataconnect.yaml in `/Users/autoknerd/Desktop/autodrive-dev/dataconnect`
 {"metadata":{"emulator":{"name":"dataconnect"},"message":"E0314 07:14:41.752302     693 watch.go:40] Failed to load config from \"/Users/autoknerd/Desktop/autodrive-dev/dataconnect\": could not find dataconnect.yaml in `/Users/autoknerd/Desktop/autodrive-dev/dataconnect`\n"}}
[debug] [2026-03-14T11:14:51.751Z] E0314 07:14:51.751620     693 watch.go:40] Failed to load config from "/Users/autoknerd/Desktop/autodrive-dev/dataconnect": could not find dataconnect.yaml in `/Users/autoknerd/Desktop/autodrive-dev/dataconnect`
 {"metadata":{"emulator":{"name":"dataconnect"},"message":"E0314 07:14:51.751620     693 watch.go:40] Failed to load config from \"/Users/autoknerd/Desktop/autodrive-dev/dataconnect\": could not find dataconnect.yaml in `/Users/autoknerd/Desktop/autodrive-dev/dataconnect`\n"}}
[debug] [2026-03-14T11:15:01.751Z] E0314 07:15:01.751389     693 watch.go:40] Failed to load config from "/Users/autoknerd/Desktop/autodrive-dev/dataconnect": could not find dataconnect.yaml in `/Users/autoknerd/Desktop/autodrive-dev/dataconnect`
 {"metadata":{"emulator":{"name":"dataconnect"},"message":"E0314 07:15:01.751389     693 watch.go:40] Failed to load config from \"/Users/autoknerd/Desktop/autodrive-dev/dataconnect\": could not find dataconnect.yaml in `/Users/autoknerd/Desktop/autodrive-dev/dataconnect`\n"}}
[debug] [2026-03-14T11:15:11.752Z] E0314 07:15:11.752627     693 watch.go:40] Failed to load config from "/Users/autoknerd/Desktop/autodrive-dev/dataconnect": could not find dataconnect.yaml in `/Users/autoknerd/Desktop/autodrive-dev/dataconnect`
 {"metadata":{"emulator":{"name":"dataconnect"},"message":"E0314 07:15:11.752627     693 watch.go:40] Failed to load config from \"/Users/autoknerd/Desktop/autodrive-dev/dataconnect\": could not find dataconnect.yaml in `/Users/autoknerd/Desktop/autodrive-dev/dataconnect`\n"}}
[debug] [2026-03-14T11:15:21.752Z] E0314 07:15:21.751784     693 watch.go:40] Failed to load config from "/Users/autoknerd/Desktop/autodrive-dev/dataconnect": could not find dataconnect.yaml in `/Users/autoknerd/Desktop/autodrive-dev/dataconnect`
 {"metadata":{"emulator":{"name":"dataconnect"},"message":"E0314 07:15:21.751784     693 watch.go:40] Failed to load config from \"/Users/autoknerd/Desktop/autodrive-dev/dataconnect\": could not find dataconnect.yaml in `/Users/autoknerd/Desktop/autodrive-dev/dataconnect`\n"}}
[debug] [2026-03-14T11:15:31.751Z] E0314 07:15:31.751731     693 watch.go:40] Failed to load config from "/Users/autoknerd/Desktop/autodrive-dev/dataconnect": could not find dataconnect.yaml in `/Users/autoknerd/Desktop/autodrive-dev/dataconnect`
E0314 07:15:31.751708     693 watch.go:116] watchAllDir unable to walk dir `/Users/autoknerd/Desktop/autodrive-dev/dataconnect`: lstat /Users/autoknerd/Desktop/autodrive-dev/dataconnect: no such file or directory
 {"metadata":{"emulator":{"name":"dataconnect"},"message":"E0314 07:15:31.751731     693 watch.go:40] Failed to load config from \"/Users/autoknerd/Desktop/autodrive-dev/dataconnect\": could not find dataconnect.yaml in `/Users/autoknerd/Desktop/autodrive-dev/dataconnect`\nE0314 07:15:31.751708     693 watch.go:116] watchAllDir unable to walk dir `/Users/autoknerd/Desktop/autodrive-dev/dataconnect`: lstat /Users/autoknerd/Desktop/autodrive-dev/dataconnect: no such file or directory\n"}}
[debug] [2026-03-14T11:15:41.751Z] E0314 07:15:41.751608     693 watch.go:40] Failed to load config from "/Users/autoknerd/Desktop/autodrive-dev/dataconnect": could not find dataconnect.yaml in `/Users/autoknerd/Desktop/autodrive-dev/dataconnect`
 {"metadata":{"emulator":{"name":"dataconnect"},"message":"E0314 07:15:41.751608     693 watch.go:40] Failed to load config from \"/Users/autoknerd/Desktop/autodrive-dev/dataconnect\": could not find dataconnect.yaml in `/Users/autoknerd/Desktop/autodrive-dev/dataconnect`\n"}}
[debug] [2026-03-14T11:15:51.752Z] E0314 07:15:51.752588     693 watch.go:40] Failed to load config from "/Users/autoknerd/Desktop/autodrive-dev/dataconnect": could not find dataconnect.yaml in `/Users/autoknerd/Desktop/autodrive-dev/dataconnect`
 {"metadata":{"emulator":{"name":"dataconnect"},"message":"E0314 07:15:51.752588     693 watch.go:40] Failed to load config from \"/Users/autoknerd/Desktop/autodrive-dev/dataconnect\": could not find dataconnect.yaml in `/Users/autoknerd/Desktop/autodrive-dev/dataconnect`\n"}}
[debug] [2026-03-14T11:16:01.752Z] E0314 07:16:01.751811     693 watch.go:40] Failed to load config from "/Users/autoknerd/Desktop/autodrive-dev/dataconnect": could not find dataconnect.yaml in `/Users/autoknerd/Desktop/autodrive-dev/dataconnect`
 {"metadata":{"emulator":{"name":"dataconnect"},"message":"E0314 07:16:01.751811     693 watch.go:40] Failed to load config from \"/Users/autoknerd/Desktop/autodrive-dev/dataconnect\": could not find dataconnect.yaml in `/Users/autoknerd/Desktop/autodrive-dev/dataconnect`\n"}}
[debug] [2026-03-14T11:16:11.752Z] E0314 07:16:11.751806     693 watch.go:40] Failed to load config from "/Users/autoknerd/Desktop/autodrive-dev/dataconnect": could not find dataconnect.yaml in `/Users/autoknerd/Desktop/autodrive-dev/dataconnect`
 {"metadata":{"emulator":{"name":"dataconnect"},"message":"E0314 07:16:11.751806     693 watch.go:40] Failed to load config from \"/Users/autoknerd/Desktop/autodrive-dev/dataconnect\": could not find dataconnect.yaml in `/Users/autoknerd/Desktop/autodrive-dev/dataconnect`\n"}}
[debug] [2026-03-14T11:16:21.751Z] E0314 07:16:21.751704     693 watch.go:40] Failed to load config from "/Users/autoknerd/Desktop/autodrive-dev/dataconnect": could not find dataconnect.yaml in `/Users/autoknerd/Desktop/autodrive-dev/dataconnect`
 {"metadata":{"emulator":{"name":"dataconnect"},"message":"E0314 07:16:21.751704     693 watch.go:40] Failed to load config from \"/Users/autoknerd/Desktop/autodrive-dev/dataconnect\": could not find dataconnect.yaml in `/Users/autoknerd/Desktop/autodrive-dev/dataconnect`\n"}}
[debug] [2026-03-14T11:16:31.751Z] E0314 07:16:31.750821     693 watch.go:40] Failed to load config from "/Users/autoknerd/Desktop/autodrive-dev/dataconnect": could not find dataconnect.yaml in `/Users/autoknerd/Desktop/autodrive-dev/dataconnect`
E0314 07:16:31.750800     693 watch.go:116] watchAllDir unable to walk dir `/Users/autoknerd/Desktop/autodrive-dev/dataconnect`: lstat /Users/autoknerd/Desktop/autodrive-dev/dataconnect: no such file or directory
 {"metadata":{"emulator":{"name":"dataconnect"},"message":"E0314 07:16:31.750821     693 watch.go:40] Failed to load config from \"/Users/autoknerd/Desktop/autodrive-dev/dataconnect\": could not find dataconnect.yaml in `/Users/autoknerd/Desktop/autodrive-dev/dataconnect`\nE0314 07:16:31.750800     693 watch.go:116] watchAllDir unable to walk dir `/Users/autoknerd/Desktop/autodrive-dev/dataconnect`: lstat /Users/autoknerd/Desktop/autodrive-dev/dataconnect: no such file or directory\n"}}
[debug] [2026-03-14T11:16:41.752Z] E0314 07:16:41.752583     693 watch.go:40] Failed to load config from "/Users/autoknerd/Desktop/autodrive-dev/dataconnect": could not find dataconnect.yaml in `/Users/autoknerd/Desktop/autodrive-dev/dataconnect`
 {"metadata":{"emulator":{"name":"dataconnect"},"message":"E0314 07:16:41.752583     693 watch.go:40] Failed to load config from \"/Users/autoknerd/Desktop/autodrive-dev/dataconnect\": could not find dataconnect.yaml in `/Users/autoknerd/Desktop/autodrive-dev/dataconnect`\n"}}
[debug] [2026-03-14T11:16:51.751Z] E0314 07:16:51.750858     693 watch.go:40] Failed to load config from "/Users/autoknerd/Desktop/autodrive-dev/dataconnect": could not find dataconnect.yaml in `/Users/autoknerd/Desktop/autodrive-dev/dataconnect`
 {"metadata":{"emulator":{"name":"dataconnect"},"message":"E0314 07:16:51.750858     693 watch.go:40] Failed to load config from \"/Users/autoknerd/Desktop/autodrive-dev/dataconnect\": could not find dataconnect.yaml in `/Users/autoknerd/Desktop/autodrive-dev/dataconnect`\n"}}
[debug] [2026-03-14T11:17:01.751Z] E0314 07:17:01.751374     693 watch.go:40] Failed to load config from "/Users/autoknerd/Desktop/autodrive-dev/dataconnect": could not find dataconnect.yaml in `/Users/autoknerd/Desktop/autodrive-dev/dataconnect`
 {"metadata":{"emulator":{"name":"dataconnect"},"message":"E0314 07:17:01.751374     693 watch.go:40] Failed to load config from \"/Users/autoknerd/Desktop/autodrive-dev/dataconnect\": could not find dataconnect.yaml in `/Users/autoknerd/Desktop/autodrive-dev/dataconnect`\n"}}
[debug] [2026-03-14T11:17:11.753Z] E0314 07:17:11.752820     693 watch.go:40] Failed to load config from "/Users/autoknerd/Desktop/autodrive-dev/dataconnect": could not find dataconnect.yaml in `/Users/autoknerd/Desktop/autodrive-dev/dataconnect`
 {"metadata":{"emulator":{"name":"dataconnect"},"message":"E0314 07:17:11.752820     693 watch.go:40] Failed to load config from \"/Users/autoknerd/Desktop/autodrive-dev/dataconnect\": could not find dataconnect.yaml in `/Users/autoknerd/Desktop/autodrive-dev/dataconnect`\n"}}
[debug] [2026-03-14T11:17:21.756Z] E0314 07:17:21.756639     693 watch.go:40] Failed to load config from "/Users/autoknerd/Desktop/autodrive-dev/dataconnect": could not find dataconnect.yaml in `/Users/autoknerd/Desktop/autodrive-dev/dataconnect`
 {"metadata":{"emulator":{"name":"dataconnect"},"message":"E0314 07:17:21.756639     693 watch.go:40] Failed to load config from \"/Users/autoknerd/Desktop/autodrive-dev/dataconnect\": could not find dataconnect.yaml in `/Users/autoknerd/Desktop/autodrive-dev/dataconnect`\n"}}
[debug] [2026-03-14T11:17:31.757Z] E0314 07:17:31.756940     693 watch.go:116] watchAllDir unable to walk dir `/Users/autoknerd/Desktop/autodrive-dev/dataconnect`: lstat /Users/autoknerd/Desktop/autodrive-dev/dataconnect: no such file or directory
E0314 07:17:31.756974     693 watch.go:40] Failed to load config from "/Users/autoknerd/Desktop/autodrive-dev/dataconnect": could not find dataconnect.yaml in `/Users/autoknerd/Desktop/autodrive-dev/dataconnect`
 {"metadata":{"emulator":{"name":"dataconnect"},"message":"E0314 07:17:31.756940     693 watch.go:116] watchAllDir unable to walk dir `/Users/autoknerd/Desktop/autodrive-dev/dataconnect`: lstat /Users/autoknerd/Desktop/autodrive-dev/dataconnect: no such file or directory\nE0314 07:17:31.756974     693 watch.go:40] Failed to load config from \"/Users/autoknerd/Desktop/autodrive-dev/dataconnect\": could not find dataconnect.yaml in `/Users/autoknerd/Desktop/autodrive-dev/dataconnect`\n"}}
[debug] [2026-03-14T11:17:41.757Z] E0314 07:17:41.757321     693 watch.go:40] Failed to load config from "/Users/autoknerd/Desktop/autodrive-dev/dataconnect": could not find dataconnect.yaml in `/Users/autoknerd/Desktop/autodrive-dev/dataconnect`
 {"metadata":{"emulator":{"name":"dataconnect"},"message":"E0314 07:17:41.757321     693 watch.go:40] Failed to load config from \"/Users/autoknerd/Desktop/autodrive-dev/dataconnect\": could not find dataconnect.yaml in `/Users/autoknerd/Desktop/autodrive-dev/dataconnect`\n"}}
[debug] [2026-03-14T11:17:51.758Z] E0314 07:17:51.757806     693 watch.go:40] Failed to load config from "/Users/autoknerd/Desktop/autodrive-dev/dataconnect": could not find dataconnect.yaml in `/Users/autoknerd/Desktop/autodrive-dev/dataconnect`
 {"metadata":{"emulator":{"name":"dataconnect"},"message":"E0314 07:17:51.757806     693 watch.go:40] Failed to load config from \"/Users/autoknerd/Desktop/autodrive-dev/dataconnect\": could not find dataconnect.yaml in `/Users/autoknerd/Desktop/autodrive-dev/dataconnect`\n"}}
[debug] [2026-03-14T11:18:01.758Z] E0314 07:18:01.758143     693 watch.go:40] Failed to load config from "/Users/autoknerd/Desktop/autodrive-dev/dataconnect": could not find dataconnect.yaml in `/Users/autoknerd/Desktop/autodrive-dev/dataconnect`
 {"metadata":{"emulator":{"name":"dataconnect"},"message":"E0314 07:18:01.758143     693 watch.go:40] Failed to load config from \"/Users/autoknerd/Desktop/autodrive-dev/dataconnect\": could not find dataconnect.yaml in `/Users/autoknerd/Desktop/autodrive-dev/dataconnect`\n"}}
[debug] [2026-03-14T11:18:11.757Z] E0314 07:18:11.757260     693 watch.go:40] Failed to load config from "/Users/autoknerd/Desktop/autodrive-dev/dataconnect": could not find dataconnect.yaml in `/Users/autoknerd/Desktop/autodrive-dev/dataconnect`
 {"metadata":{"emulator":{"name":"dataconnect"},"message":"E0314 07:18:11.757260     693 watch.go:40] Failed to load config from \"/Users/autoknerd/Desktop/autodrive-dev/dataconnect\": could not find dataconnect.yaml in `/Users/autoknerd/Desktop/autodrive-dev/dataconnect`\n"}}
[debug] [2026-03-14T11:18:21.758Z] E0314 07:18:21.758687     693 watch.go:40] Failed to load config from "/Users/autoknerd/Desktop/autodrive-dev/dataconnect": could not find dataconnect.yaml in `/Users/autoknerd/Desktop/autodrive-dev/dataconnect`
 {"metadata":{"emulator":{"name":"dataconnect"},"message":"E0314 07:18:21.758687     693 watch.go:40] Failed to load config from \"/Users/autoknerd/Desktop/autodrive-dev/dataconnect\": could not find dataconnect.yaml in `/Users/autoknerd/Desktop/autodrive-dev/dataconnect`\n"}}
[debug] [2026-03-14T11:18:31.758Z] E0314 07:18:31.757776     693 watch.go:40] Failed to load config from "/Users/autoknerd/Desktop/autodrive-dev/dataconnect": could not find dataconnect.yaml in `/Users/autoknerd/Desktop/autodrive-dev/dataconnect`
E0314 07:18:31.757742     693 watch.go:116] watchAllDir unable to walk dir `/Users/autoknerd/Desktop/autodrive-dev/dataconnect`: lstat /Users/autoknerd/Desktop/autodrive-dev/dataconnect: no such file or directory
 {"metadata":{"emulator":{"name":"dataconnect"},"message":"E0314 07:18:31.757776     693 watch.go:40] Failed to load config from \"/Users/autoknerd/Desktop/autodrive-dev/dataconnect\": could not find dataconnect.yaml in `/Users/autoknerd/Desktop/autodrive-dev/dataconnect`\nE0314 07:18:31.757742     693 watch.go:116] watchAllDir unable to walk dir `/Users/autoknerd/Desktop/autodrive-dev/dataconnect`: lstat /Users/autoknerd/Desktop/autodrive-dev/dataconnect: no such file or directory\n"}}
[debug] [2026-03-14T11:18:41.758Z] E0314 07:18:41.758488     693 watch.go:40] Failed to load config from "/Users/autoknerd/Desktop/autodrive-dev/dataconnect": could not find dataconnect.yaml in `/Users/autoknerd/Desktop/autodrive-dev/dataconnect`
 {"metadata":{"emulator":{"name":"dataconnect"},"message":"E0314 07:18:41.758488     693 watch.go:40] Failed to load config from \"/Users/autoknerd/Desktop/autodrive-dev/dataconnect\": could not find dataconnect.yaml in `/Users/autoknerd/Desktop/autodrive-dev/dataconnect`\n"}}
[debug] [2026-03-14T11:18:51.758Z] E0314 07:18:51.758636     693 watch.go:40] Failed to load config from "/Users/autoknerd/Desktop/autodrive-dev/dataconnect": could not find dataconnect.yaml in `/Users/autoknerd/Desktop/autodrive-dev/dataconnect`
 {"metadata":{"emulator":{"name":"dataconnect"},"message":"E0314 07:18:51.758636     693 watch.go:40] Failed to load config from \"/Users/autoknerd/Desktop/autodrive-dev/dataconnect\": could not find dataconnect.yaml in `/Users/autoknerd/Desktop/autodrive-dev/dataconnect`\n"}}
[debug] [2026-03-14T11:19:01.757Z] E0314 07:19:01.757610     693 watch.go:40] Failed to load config from "/Users/autoknerd/Desktop/autodrive-dev/dataconnect": could not find dataconnect.yaml in `/Users/autoknerd/Desktop/autodrive-dev/dataconnect`
 {"metadata":{"emulator":{"name":"dataconnect"},"message":"E0314 07:19:01.757610     693 watch.go:40] Failed to load config from \"/Users/autoknerd/Desktop/autodrive-dev/dataconnect\": could not find dataconnect.yaml in `/Users/autoknerd/Desktop/autodrive-dev/dataconnect`\n"}}
[debug] [2026-03-14T11:19:11.759Z] E0314 07:19:11.759291     693 watch.go:40] Failed to load config from "/Users/autoknerd/Desktop/autodrive-dev/dataconnect": could not find dataconnect.yaml in `/Users/autoknerd/Desktop/autodrive-dev/dataconnect`
 {"metadata":{"emulator":{"name":"dataconnect"},"message":"E0314 07:19:11.759291     693 watch.go:40] Failed to load config from \"/Users/autoknerd/Desktop/autodrive-dev/dataconnect\": could not find dataconnect.yaml in `/Users/autoknerd/Desktop/autodrive-dev/dataconnect`\n"}}
[debug] [2026-03-14T11:19:21.758Z] E0314 07:19:21.758162     693 watch.go:40] Failed to load config from "/Users/autoknerd/Desktop/autodrive-dev/dataconnect": could not find dataconnect.yaml in `/Users/autoknerd/Desktop/autodrive-dev/dataconnect`
 {"metadata":{"emulator":{"name":"dataconnect"},"message":"E0314 07:19:21.758162     693 watch.go:40] Failed to load config from \"/Users/autoknerd/Desktop/autodrive-dev/dataconnect\": could not find dataconnect.yaml in `/Users/autoknerd/Desktop/autodrive-dev/dataconnect`\n"}}
[debug] [2026-03-14T11:19:31.758Z] E0314 07:19:31.758604     693 watch.go:40] Failed to load config from "/Users/autoknerd/Desktop/autodrive-dev/dataconnect": could not find dataconnect.yaml in `/Users/autoknerd/Desktop/autodrive-dev/dataconnect`
E0314 07:19:31.758566     693 watch.go:116] watchAllDir unable to walk dir `/Users/autoknerd/Desktop/autodrive-dev/dataconnect`: lstat /Users/autoknerd/Desktop/autodrive-dev/dataconnect: no such file or directory
 {"metadata":{"emulator":{"name":"dataconnect"},"message":"E0314 07:19:31.758604     693 watch.go:40] Failed to load config from \"/Users/autoknerd/Desktop/autodrive-dev/dataconnect\": could not find dataconnect.yaml in `/Users/autoknerd/Desktop/autodrive-dev/dataconnect`\nE0314 07:19:31.758566     693 watch.go:116] watchAllDir unable to walk dir `/Users/autoknerd/Desktop/autodrive-dev/dataconnect`: lstat /Users/autoknerd/Desktop/autodrive-dev/dataconnect: no such file or directory\n"}}
[debug] [2026-03-14T11:19:41.759Z] E0314 07:19:41.759283     693 watch.go:40] Failed to load config from "/Users/autoknerd/Desktop/autodrive-dev/dataconnect": could not find dataconnect.yaml in `/Users/autoknerd/Desktop/autodrive-dev/dataconnect`
 {"metadata":{"emulator":{"name":"dataconnect"},"message":"E0314 07:19:41.759283     693 watch.go:40] Failed to load config from \"/Users/autoknerd/Desktop/autodrive-dev/dataconnect\": could not find dataconnect.yaml in `/Users/autoknerd/Desktop/autodrive-dev/dataconnect`\n"}}
[debug] [2026-03-14T11:19:51.759Z] E0314 07:19:51.759283     693 watch.go:40] Failed to load config from "/Users/autoknerd/Desktop/autodrive-dev/dataconnect": could not find dataconnect.yaml in `/Users/autoknerd/Desktop/autodrive-dev/dataconnect`
 {"metadata":{"emulator":{"name":"dataconnect"},"message":"E0314 07:19:51.759283     693 watch.go:40] Failed to load config from \"/Users/autoknerd/Desktop/autodrive-dev/dataconnect\": could not find dataconnect.yaml in `/Users/autoknerd/Desktop/autodrive-dev/dataconnect`\n"}}
[debug] [2026-03-14T11:20:01.758Z] E0314 07:20:01.758466     693 watch.go:40] Failed to load config from "/Users/autoknerd/Desktop/autodrive-dev/dataconnect": could not find dataconnect.yaml in `/Users/autoknerd/Desktop/autodrive-dev/dataconnect`
 {"metadata":{"emulator":{"name":"dataconnect"},"message":"E0314 07:20:01.758466     693 watch.go:40] Failed to load config from \"/Users/autoknerd/Desktop/autodrive-dev/dataconnect\": could not find dataconnect.yaml in `/Users/autoknerd/Desktop/autodrive-dev/dataconnect`\n"}}
[debug] [2026-03-14T11:20:11.759Z] E0314 07:20:11.759329     693 watch.go:40] Failed to load config from "/Users/autoknerd/Desktop/autodrive-dev/dataconnect": could not find dataconnect.yaml in `/Users/autoknerd/Desktop/autodrive-dev/dataconnect`
 {"metadata":{"emulator":{"name":"dataconnect"},"message":"E0314 07:20:11.759329     693 watch.go:40] Failed to load config from \"/Users/autoknerd/Desktop/autodrive-dev/dataconnect\": could not find dataconnect.yaml in `/Users/autoknerd/Desktop/autodrive-dev/dataconnect`\n"}}
[debug] [2026-03-14T11:20:21.758Z] E0314 07:20:21.758518     693 watch.go:40] Failed to load config from "/Users/autoknerd/Desktop/autodrive-dev/dataconnect": could not find dataconnect.yaml in `/Users/autoknerd/Desktop/autodrive-dev/dataconnect`
 {"metadata":{"emulator":{"name":"dataconnect"},"message":"E0314 07:20:21.758518     693 watch.go:40] Failed to load config from \"/Users/autoknerd/Desktop/autodrive-dev/dataconnect\": could not find dataconnect.yaml in `/Users/autoknerd/Desktop/autodrive-dev/dataconnect`\n"}}
[debug] [2026-03-14T11:20:31.758Z] E0314 07:20:31.758563     693 watch.go:40] Failed to load config from "/Users/autoknerd/Desktop/autodrive-dev/dataconnect": could not find dataconnect.yaml in `/Users/autoknerd/Desktop/autodrive-dev/dataconnect`
E0314 07:20:31.758531     693 watch.go:116] watchAllDir unable to walk dir `/Users/autoknerd/Desktop/autodrive-dev/dataconnect`: lstat /Users/autoknerd/Desktop/autodrive-dev/dataconnect: no such file or directory
 {"metadata":{"emulator":{"name":"dataconnect"},"message":"E0314 07:20:31.758563     693 watch.go:40] Failed to load config from \"/Users/autoknerd/Desktop/autodrive-dev/dataconnect\": could not find dataconnect.yaml in `/Users/autoknerd/Desktop/autodrive-dev/dataconnect`\nE0314 07:20:31.758531     693 watch.go:116] watchAllDir unable to walk dir `/Users/autoknerd/Desktop/autodrive-dev/dataconnect`: lstat /Users/autoknerd/Desktop/autodrive-dev/dataconnect: no such file or directory\n"}}
[debug] [2026-03-14T11:20:41.759Z] E0314 07:20:41.759283     693 watch.go:40] Failed to load config from "/Users/autoknerd/Desktop/autodrive-dev/dataconnect": could not find dataconnect.yaml in `/Users/autoknerd/Desktop/autodrive-dev/dataconnect`
 {"metadata":{"emulator":{"name":"dataconnect"},"message":"E0314 07:20:41.759283     693 watch.go:40] Failed to load config from \"/Users/autoknerd/Desktop/autodrive-dev/dataconnect\": could not find dataconnect.yaml in `/Users/autoknerd/Desktop/autodrive-dev/dataconnect`\n"}}
[debug] [2026-03-14T11:20:51.759Z] E0314 07:20:51.759500     693 watch.go:40] Failed to load config from "/Users/autoknerd/Desktop/autodrive-dev/dataconnect": could not find dataconnect.yaml in `/Users/autoknerd/Desktop/autodrive-dev/dataconnect`
 {"metadata":{"emulator":{"name":"dataconnect"},"message":"E0314 07:20:51.759500     693 watch.go:40] Failed to load config from \"/Users/autoknerd/Desktop/autodrive-dev/dataconnect\": could not find dataconnect.yaml in `/Users/autoknerd/Desktop/autodrive-dev/dataconnect`\n"}}
[debug] [2026-03-14T11:21:01.758Z] E0314 07:21:01.758523     693 watch.go:40] Failed to load config from "/Users/autoknerd/Desktop/autodrive-dev/dataconnect": could not find dataconnect.yaml in `/Users/autoknerd/Desktop/autodrive-dev/dataconnect`
 {"metadata":{"emulator":{"name":"dataconnect"},"message":"E0314 07:21:01.758523     693 watch.go:40] Failed to load config from \"/Users/autoknerd/Desktop/autodrive-dev/dataconnect\": could not find dataconnect.yaml in `/Users/autoknerd/Desktop/autodrive-dev/dataconnect`\n"}}
[debug] [2026-03-14T11:21:11.759Z] E0314 07:21:11.759005     693 watch.go:40] Failed to load config from "/Users/autoknerd/Desktop/autodrive-dev/dataconnect": could not find dataconnect.yaml in `/Users/autoknerd/Desktop/autodrive-dev/dataconnect`
 {"metadata":{"emulator":{"name":"dataconnect"},"message":"E0314 07:21:11.759005     693 watch.go:40] Failed to load config from \"/Users/autoknerd/Desktop/autodrive-dev/dataconnect\": could not find dataconnect.yaml in `/Users/autoknerd/Desktop/autodrive-dev/dataconnect`\n"}}
[debug] [2026-03-14T11:21:21.759Z] E0314 07:21:21.759653     693 watch.go:40] Failed to load config from "/Users/autoknerd/Desktop/autodrive-dev/dataconnect": could not find dataconnect.yaml in `/Users/autoknerd/Desktop/autodrive-dev/dataconnect`
 {"metadata":{"emulator":{"name":"dataconnect"},"message":"E0314 07:21:21.759653     693 watch.go:40] Failed to load config from \"/Users/autoknerd/Desktop/autodrive-dev/dataconnect\": could not find dataconnect.yaml in `/Users/autoknerd/Desktop/autodrive-dev/dataconnect`\n"}}
[debug] [2026-03-14T11:21:31.758Z] E0314 07:21:31.758519     693 watch.go:40] Failed to load config from "/Users/autoknerd/Desktop/autodrive-dev/dataconnect": could not find dataconnect.yaml in `/Users/autoknerd/Desktop/autodrive-dev/dataconnect`
E0314 07:21:31.758501     693 watch.go:116] watchAllDir unable to walk dir `/Users/autoknerd/Desktop/autodrive-dev/dataconnect`: lstat /Users/autoknerd/Desktop/autodrive-dev/dataconnect: no such file or directory
 {"metadata":{"emulator":{"name":"dataconnect"},"message":"E0314 07:21:31.758519     693 watch.go:40] Failed to load config from \"/Users/autoknerd/Desktop/autodrive-dev/dataconnect\": could not find dataconnect.yaml in `/Users/autoknerd/Desktop/autodrive-dev/dataconnect`\nE0314 07:21:31.758501     693 watch.go:116] watchAllDir unable to walk dir `/Users/autoknerd/Desktop/autodrive-dev/dataconnect`: lstat /Users/autoknerd/Desktop/autodrive-dev/dataconnect: no such file or directory\n"}}
[debug] [2026-03-14T11:21:41.759Z] E0314 07:21:41.759530     693 watch.go:40] Failed to load config from "/Users/autoknerd/Desktop/autodrive-dev/dataconnect": could not find dataconnect.yaml in `/Users/autoknerd/Desktop/autodrive-dev/dataconnect`
 {"metadata":{"emulator":{"name":"dataconnect"},"message":"E0314 07:21:41.759530     693 watch.go:40] Failed to load config from \"/Users/autoknerd/Desktop/autodrive-dev/dataconnect\": could not find dataconnect.yaml in `/Users/autoknerd/Desktop/autodrive-dev/dataconnect`\n"}}
[debug] [2026-03-14T11:21:51.758Z] E0314 07:21:51.757870     693 watch.go:40] Failed to load config from "/Users/autoknerd/Desktop/autodrive-dev/dataconnect": could not find dataconnect.yaml in `/Users/autoknerd/Desktop/autodrive-dev/dataconnect`
 {"metadata":{"emulator":{"name":"dataconnect"},"message":"E0314 07:21:51.757870     693 watch.go:40] Failed to load config from \"/Users/autoknerd/Desktop/autodrive-dev/dataconnect\": could not find dataconnect.yaml in `/Users/autoknerd/Desktop/autodrive-dev/dataconnect`\n"}}
[debug] [2026-03-14T11:22:01.759Z] E0314 07:22:01.758991     693 watch.go:40] Failed to load config from "/Users/autoknerd/Desktop/autodrive-dev/dataconnect": could not find dataconnect.yaml in `/Users/autoknerd/Desktop/autodrive-dev/dataconnect`
 {"metadata":{"emulator":{"name":"dataconnect"},"message":"E0314 07:22:01.758991     693 watch.go:40] Failed to load config from \"/Users/autoknerd/Desktop/autodrive-dev/dataconnect\": could not find dataconnect.yaml in `/Users/autoknerd/Desktop/autodrive-dev/dataconnect`\n"}}
[debug] [2026-03-14T11:22:11.758Z] E0314 07:22:11.758177     693 watch.go:40] Failed to load config from "/Users/autoknerd/Desktop/autodrive-dev/dataconnect": could not find dataconnect.yaml in `/Users/autoknerd/Desktop/autodrive-dev/dataconnect`
 {"metadata":{"emulator":{"name":"dataconnect"},"message":"E0314 07:22:11.758177     693 watch.go:40] Failed to load config from \"/Users/autoknerd/Desktop/autodrive-dev/dataconnect\": could not find dataconnect.yaml in `/Users/autoknerd/Desktop/autodrive-dev/dataconnect`\n"}}
[debug] [2026-03-14T11:22:21.758Z] E0314 07:22:21.757949     693 watch.go:40] Failed to load config from "/Users/autoknerd/Desktop/autodrive-dev/dataconnect": could not find dataconnect.yaml in `/Users/autoknerd/Desktop/autodrive-dev/dataconnect`
 {"metadata":{"emulator":{"name":"dataconnect"},"message":"E0314 07:22:21.757949     693 watch.go:40] Failed to load config from \"/Users/autoknerd/Desktop/autodrive-dev/dataconnect\": could not find dataconnect.yaml in `/Users/autoknerd/Desktop/autodrive-dev/dataconnect`\n"}}
[debug] [2026-03-14T11:22:31.758Z] E0314 07:22:31.758641     693 watch.go:40] Failed to load config from "/Users/autoknerd/Desktop/autodrive-dev/dataconnect": could not find dataconnect.yaml in `/Users/autoknerd/Desktop/autodrive-dev/dataconnect`
E0314 07:22:31.758648     693 watch.go:116] watchAllDir unable to walk dir `/Users/autoknerd/Desktop/autodrive-dev/dataconnect`: lstat /Users/autoknerd/Desktop/autodrive-dev/dataconnect: no such file or directory
 {"metadata":{"emulator":{"name":"dataconnect"},"message":"E0314 07:22:31.758641     693 watch.go:40] Failed to load config from \"/Users/autoknerd/Desktop/autodrive-dev/dataconnect\": could not find dataconnect.yaml in `/Users/autoknerd/Desktop/autodrive-dev/dataconnect`\nE0314 07:22:31.758648     693 watch.go:116] watchAllDir unable to walk dir `/Users/autoknerd/Desktop/autodrive-dev/dataconnect`: lstat /Users/autoknerd/Desktop/autodrive-dev/dataconnect: no such file or directory\n"}}
[debug] [2026-03-14T11:22:41.758Z] E0314 07:22:41.758611     693 watch.go:40] Failed to load config from "/Users/autoknerd/Desktop/autodrive-dev/dataconnect": could not find dataconnect.yaml in `/Users/autoknerd/Desktop/autodrive-dev/dataconnect`
 {"metadata":{"emulator":{"name":"dataconnect"},"message":"E0314 07:22:41.758611     693 watch.go:40] Failed to load config from \"/Users/autoknerd/Desktop/autodrive-dev/dataconnect\": could not find dataconnect.yaml in `/Users/autoknerd/Desktop/autodrive-dev/dataconnect`\n"}}
[debug] [2026-03-14T11:22:51.759Z] E0314 07:22:51.759126     693 watch.go:40] Failed to load config from "/Users/autoknerd/Desktop/autodrive-dev/dataconnect": could not find dataconnect.yaml in `/Users/autoknerd/Desktop/autodrive-dev/dataconnect`
 {"metadata":{"emulator":{"name":"dataconnect"},"message":"E0314 07:22:51.759126     693 watch.go:40] Failed to load config from \"/Users/autoknerd/Desktop/autodrive-dev/dataconnect\": could not find dataconnect.yaml in `/Users/autoknerd/Desktop/autodrive-dev/dataconnect`\n"}}
[debug] [2026-03-14T11:23:01.759Z] E0314 07:23:01.758759     693 watch.go:40] Failed to load config from "/Users/autoknerd/Desktop/autodrive-dev/dataconnect": could not find dataconnect.yaml in `/Users/autoknerd/Desktop/autodrive-dev/dataconnect`
 {"metadata":{"emulator":{"name":"dataconnect"},"message":"E0314 07:23:01.758759     693 watch.go:40] Failed to load config from \"/Users/autoknerd/Desktop/autodrive-dev/dataconnect\": could not find dataconnect.yaml in `/Users/autoknerd/Desktop/autodrive-dev/dataconnect`\n"}}
[debug] [2026-03-14T11:23:11.759Z] E0314 07:23:11.758910     693 watch.go:40] Failed to load config from "/Users/autoknerd/Desktop/autodrive-dev/dataconnect": could not find dataconnect.yaml in `/Users/autoknerd/Desktop/autodrive-dev/dataconnect`
 {"metadata":{"emulator":{"name":"dataconnect"},"message":"E0314 07:23:11.758910     693 watch.go:40] Failed to load config from \"/Users/autoknerd/Desktop/autodrive-dev/dataconnect\": could not find dataconnect.yaml in `/Users/autoknerd/Desktop/autodrive-dev/dataconnect`\n"}}
[debug] [2026-03-14T11:23:21.760Z] E0314 07:23:21.759925     693 watch.go:40] Failed to load config from "/Users/autoknerd/Desktop/autodrive-dev/dataconnect": could not find dataconnect.yaml in `/Users/autoknerd/Desktop/autodrive-dev/dataconnect`
 {"metadata":{"emulator":{"name":"dataconnect"},"message":"E0314 07:23:21.759925     693 watch.go:40] Failed to load config from \"/Users/autoknerd/Desktop/autodrive-dev/dataconnect\": could not find dataconnect.yaml in `/Users/autoknerd/Desktop/autodrive-dev/dataconnect`\n"}}
[debug] [2026-03-14T11:23:31.758Z] E0314 07:23:31.757703     693 watch.go:40] Failed to load config from "/Users/autoknerd/Desktop/autodrive-dev/dataconnect": could not find dataconnect.yaml in `/Users/autoknerd/Desktop/autodrive-dev/dataconnect`
E0314 07:23:31.757662     693 watch.go:116] watchAllDir unable to walk dir `/Users/autoknerd/Desktop/autodrive-dev/dataconnect`: lstat /Users/autoknerd/Desktop/autodrive-dev/dataconnect: no such file or directory
 {"metadata":{"emulator":{"name":"dataconnect"},"message":"E0314 07:23:31.757703     693 watch.go:40] Failed to load config from \"/Users/autoknerd/Desktop/autodrive-dev/dataconnect\": could not find dataconnect.yaml in `/Users/autoknerd/Desktop/autodrive-dev/dataconnect`\nE0314 07:23:31.757662     693 watch.go:116] watchAllDir unable to walk dir `/Users/autoknerd/Desktop/autodrive-dev/dataconnect`: lstat /Users/autoknerd/Desktop/autodrive-dev/dataconnect: no such file or directory\n"}}
[debug] [2026-03-14T11:23:41.759Z] E0314 07:23:41.759602     693 watch.go:40] Failed to load config from "/Users/autoknerd/Desktop/autodrive-dev/dataconnect": could not find dataconnect.yaml in `/Users/autoknerd/Desktop/autodrive-dev/dataconnect`
 {"metadata":{"emulator":{"name":"dataconnect"},"message":"E0314 07:23:41.759602     693 watch.go:40] Failed to load config from \"/Users/autoknerd/Desktop/autodrive-dev/dataconnect\": could not find dataconnect.yaml in `/Users/autoknerd/Desktop/autodrive-dev/dataconnect`\n"}}
[debug] [2026-03-14T11:23:51.759Z] E0314 07:23:51.758798     693 watch.go:40] Failed to load config from "/Users/autoknerd/Desktop/autodrive-dev/dataconnect": could not find dataconnect.yaml in `/Users/autoknerd/Desktop/autodrive-dev/dataconnect`
 {"metadata":{"emulator":{"name":"dataconnect"},"message":"E0314 07:23:51.758798     693 watch.go:40] Failed to load config from \"/Users/autoknerd/Desktop/autodrive-dev/dataconnect\": could not find dataconnect.yaml in `/Users/autoknerd/Desktop/autodrive-dev/dataconnect`\n"}}
[debug] [2026-03-14T11:24:01.758Z] E0314 07:24:01.758017     693 watch.go:40] Failed to load config from "/Users/autoknerd/Desktop/autodrive-dev/dataconnect": could not find dataconnect.yaml in `/Users/autoknerd/Desktop/autodrive-dev/dataconnect`
 {"metadata":{"emulator":{"name":"dataconnect"},"message":"E0314 07:24:01.758017     693 watch.go:40] Failed to load config from \"/Users/autoknerd/Desktop/autodrive-dev/dataconnect\": could not find dataconnect.yaml in `/Users/autoknerd/Desktop/autodrive-dev/dataconnect`\n"}}
[debug] [2026-03-14T11:24:11.758Z] E0314 07:24:11.758586     693 watch.go:40] Failed to load config from "/Users/autoknerd/Desktop/autodrive-dev/dataconnect": could not find dataconnect.yaml in `/Users/autoknerd/Desktop/autodrive-dev/dataconnect`
 {"metadata":{"emulator":{"name":"dataconnect"},"message":"E0314 07:24:11.758586     693 watch.go:40] Failed to load config from \"/Users/autoknerd/Desktop/autodrive-dev/dataconnect\": could not find dataconnect.yaml in `/Users/autoknerd/Desktop/autodrive-dev/dataconnect`\n"}}
[debug] [2026-03-14T11:24:21.758Z] E0314 07:24:21.758694     693 watch.go:40] Failed to load config from "/Users/autoknerd/Desktop/autodrive-dev/dataconnect": could not find dataconnect.yaml in `/Users/autoknerd/Desktop/autodrive-dev/dataconnect`
 {"metadata":{"emulator":{"name":"dataconnect"},"message":"E0314 07:24:21.758694     693 watch.go:40] Failed to load config from \"/Users/autoknerd/Desktop/autodrive-dev/dataconnect\": could not find dataconnect.yaml in `/Users/autoknerd/Desktop/autodrive-dev/dataconnect`\n"}}
[debug] [2026-03-14T11:24:31.758Z] E0314 07:24:31.758592     693 watch.go:116] watchAllDir unable to walk dir `/Users/autoknerd/Desktop/autodrive-dev/dataconnect`: lstat /Users/autoknerd/Desktop/autodrive-dev/dataconnect: no such file or directory
E0314 07:24:31.758635     693 watch.go:40] Failed to load config from "/Users/autoknerd/Desktop/autodrive-dev/dataconnect": could not find dataconnect.yaml in `/Users/autoknerd/Desktop/autodrive-dev/dataconnect`
 {"metadata":{"emulator":{"name":"dataconnect"},"message":"E0314 07:24:31.758592     693 watch.go:116] watchAllDir unable to walk dir `/Users/autoknerd/Desktop/autodrive-dev/dataconnect`: lstat /Users/autoknerd/Desktop/autodrive-dev/dataconnect: no such file or directory\nE0314 07:24:31.758635     693 watch.go:40] Failed to load config from \"/Users/autoknerd/Desktop/autodrive-dev/dataconnect\": could not find dataconnect.yaml in `/Users/autoknerd/Desktop/autodrive-dev/dataconnect`\n"}}
[debug] [2026-03-14T11:24:41.758Z] E0314 07:24:41.758657     693 watch.go:40] Failed to load config from "/Users/autoknerd/Desktop/autodrive-dev/dataconnect": could not find dataconnect.yaml in `/Users/autoknerd/Desktop/autodrive-dev/dataconnect`
 {"metadata":{"emulator":{"name":"dataconnect"},"message":"E0314 07:24:41.758657     693 watch.go:40] Failed to load config from \"/Users/autoknerd/Desktop/autodrive-dev/dataconnect\": could not find dataconnect.yaml in `/Users/autoknerd/Desktop/autodrive-dev/dataconnect`\n"}}
[debug] [2026-03-14T11:24:51.758Z] E0314 07:24:51.758292     693 watch.go:40] Failed to load config from "/Users/autoknerd/Desktop/autodrive-dev/dataconnect": could not find dataconnect.yaml in `/Users/autoknerd/Desktop/autodrive-dev/dataconnect`
 {"metadata":{"emulator":{"name":"dataconnect"},"message":"E0314 07:24:51.758292     693 watch.go:40] Failed to load config from \"/Users/autoknerd/Desktop/autodrive-dev/dataconnect\": could not find dataconnect.yaml in `/Users/autoknerd/Desktop/autodrive-dev/dataconnect`\n"}}
[debug] [2026-03-14T11:25:01.759Z] E0314 07:25:01.758862     693 watch.go:40] Failed to load config from "/Users/autoknerd/Desktop/autodrive-dev/dataconnect": could not find dataconnect.yaml in `/Users/autoknerd/Desktop/autodrive-dev/dataconnect`
 {"metadata":{"emulator":{"name":"dataconnect"},"message":"E0314 07:25:01.758862     693 watch.go:40] Failed to load config from \"/Users/autoknerd/Desktop/autodrive-dev/dataconnect\": could not find dataconnect.yaml in `/Users/autoknerd/Desktop/autodrive-dev/dataconnect`\n"}}
[debug] [2026-03-14T11:25:11.759Z] E0314 07:25:11.758901     693 watch.go:40] Failed to load config from "/Users/autoknerd/Desktop/autodrive-dev/dataconnect": could not find dataconnect.yaml in `/Users/autoknerd/Desktop/autodrive-dev/dataconnect`
 {"metadata":{"emulator":{"name":"dataconnect"},"message":"E0314 07:25:11.758901     693 watch.go:40] Failed to load config from \"/Users/autoknerd/Desktop/autodrive-dev/dataconnect\": could not find dataconnect.yaml in `/Users/autoknerd/Desktop/autodrive-dev/dataconnect`\n"}}
[debug] [2026-03-14T11:25:21.758Z] E0314 07:25:21.758571     693 watch.go:40] Failed to load config from "/Users/autoknerd/Desktop/autodrive-dev/dataconnect": could not find dataconnect.yaml in `/Users/autoknerd/Desktop/autodrive-dev/dataconnect`
 {"metadata":{"emulator":{"name":"dataconnect"},"message":"E0314 07:25:21.758571     693 watch.go:40] Failed to load config from \"/Users/autoknerd/Desktop/autodrive-dev/dataconnect\": could not find dataconnect.yaml in `/Users/autoknerd/Desktop/autodrive-dev/dataconnect`\n"}}
[debug] [2026-03-14T11:25:31.759Z] E0314 07:25:31.759286     693 watch.go:40] Failed to load config from "/Users/autoknerd/Desktop/autodrive-dev/dataconnect": could not find dataconnect.yaml in `/Users/autoknerd/Desktop/autodrive-dev/dataconnect`
E0314 07:25:31.759258     693 watch.go:116] watchAllDir unable to walk dir `/Users/autoknerd/Desktop/autodrive-dev/dataconnect`: lstat /Users/autoknerd/Desktop/autodrive-dev/dataconnect: no such file or directory
 {"metadata":{"emulator":{"name":"dataconnect"},"message":"E0314 07:25:31.759286     693 watch.go:40] Failed to load config from \"/Users/autoknerd/Desktop/autodrive-dev/dataconnect\": could not find dataconnect.yaml in `/Users/autoknerd/Desktop/autodrive-dev/dataconnect`\nE0314 07:25:31.759258     693 watch.go:116] watchAllDir unable to walk dir `/Users/autoknerd/Desktop/autodrive-dev/dataconnect`: lstat /Users/autoknerd/Desktop/autodrive-dev/dataconnect: no such file or directory\n"}}
[debug] [2026-03-14T11:25:41.759Z] E0314 07:25:41.759709     693 watch.go:40] Failed to load config from "/Users/autoknerd/Desktop/autodrive-dev/dataconnect": could not find dataconnect.yaml in `/Users/autoknerd/Desktop/autodrive-dev/dataconnect`
 {"metadata":{"emulator":{"name":"dataconnect"},"message":"E0314 07:25:41.759709     693 watch.go:40] Failed to load config from \"/Users/autoknerd/Desktop/autodrive-dev/dataconnect\": could not find dataconnect.yaml in `/Users/autoknerd/Desktop/autodrive-dev/dataconnect`\n"}}
[debug] [2026-03-14T11:25:51.759Z] E0314 07:25:51.758878     693 watch.go:40] Failed to load config from "/Users/autoknerd/Desktop/autodrive-dev/dataconnect": could not find dataconnect.yaml in `/Users/autoknerd/Desktop/autodrive-dev/dataconnect`
 {"metadata":{"emulator":{"name":"dataconnect"},"message":"E0314 07:25:51.758878     693 watch.go:40] Failed to load config from \"/Users/autoknerd/Desktop/autodrive-dev/dataconnect\": could not find dataconnect.yaml in `/Users/autoknerd/Desktop/autodrive-dev/dataconnect`\n"}}
[debug] [2026-03-14T11:26:01.759Z] E0314 07:26:01.758954     693 watch.go:40] Failed to load config from "/Users/autoknerd/Desktop/autodrive-dev/dataconnect": could not find dataconnect.yaml in `/Users/autoknerd/Desktop/autodrive-dev/dataconnect`
 {"metadata":{"emulator":{"name":"dataconnect"},"message":"E0314 07:26:01.758954     693 watch.go:40] Failed to load config from \"/Users/autoknerd/Desktop/autodrive-dev/dataconnect\": could not find dataconnect.yaml in `/Users/autoknerd/Desktop/autodrive-dev/dataconnect`\n"}}
[debug] [2026-03-14T11:26:11.759Z] E0314 07:26:11.759730     693 watch.go:40] Failed to load config from "/Users/autoknerd/Desktop/autodrive-dev/dataconnect": could not find dataconnect.yaml in `/Users/autoknerd/Desktop/autodrive-dev/dataconnect`
 {"metadata":{"emulator":{"name":"dataconnect"},"message":"E0314 07:26:11.759730     693 watch.go:40] Failed to load config from \"/Users/autoknerd/Desktop/autodrive-dev/dataconnect\": could not find dataconnect.yaml in `/Users/autoknerd/Desktop/autodrive-dev/dataconnect`\n"}}
[debug] [2026-03-14T11:26:21.759Z] E0314 07:26:21.759718     693 watch.go:40] Failed to load config from "/Users/autoknerd/Desktop/autodrive-dev/dataconnect": could not find dataconnect.yaml in `/Users/autoknerd/Desktop/autodrive-dev/dataconnect`
 {"metadata":{"emulator":{"name":"dataconnect"},"message":"E0314 07:26:21.759718     693 watch.go:40] Failed to load config from \"/Users/autoknerd/Desktop/autodrive-dev/dataconnect\": could not find dataconnect.yaml in `/Users/autoknerd/Desktop/autodrive-dev/dataconnect`\n"}}
[debug] [2026-03-14T11:26:31.758Z] E0314 07:26:31.757997     693 watch.go:116] watchAllDir unable to walk dir `/Users/autoknerd/Desktop/autodrive-dev/dataconnect`: lstat /Users/autoknerd/Desktop/autodrive-dev/dataconnect: no such file or directory
E0314 07:26:31.758037     693 watch.go:40] Failed to load config from "/Users/autoknerd/Desktop/autodrive-dev/dataconnect": could not find dataconnect.yaml in `/Users/autoknerd/Desktop/autodrive-dev/dataconnect`
 {"metadata":{"emulator":{"name":"dataconnect"},"message":"E0314 07:26:31.757997     693 watch.go:116] watchAllDir unable to walk dir `/Users/autoknerd/Desktop/autodrive-dev/dataconnect`: lstat /Users/autoknerd/Desktop/autodrive-dev/dataconnect: no such file or directory\nE0314 07:26:31.758037     693 watch.go:40] Failed to load config from \"/Users/autoknerd/Desktop/autodrive-dev/dataconnect\": could not find dataconnect.yaml in `/Users/autoknerd/Desktop/autodrive-dev/dataconnect`\n"}}
[debug] [2026-03-14T11:26:41.758Z] E0314 07:26:41.758011     693 watch.go:40] Failed to load config from "/Users/autoknerd/Desktop/autodrive-dev/dataconnect": could not find dataconnect.yaml in `/Users/autoknerd/Desktop/autodrive-dev/dataconnect`
 {"metadata":{"emulator":{"name":"dataconnect"},"message":"E0314 07:26:41.758011     693 watch.go:40] Failed to load config from \"/Users/autoknerd/Desktop/autodrive-dev/dataconnect\": could not find dataconnect.yaml in `/Users/autoknerd/Desktop/autodrive-dev/dataconnect`\n"}}
[debug] [2026-03-14T11:26:51.759Z] E0314 07:26:51.759649     693 watch.go:40] Failed to load config from "/Users/autoknerd/Desktop/autodrive-dev/dataconnect": could not find dataconnect.yaml in `/Users/autoknerd/Desktop/autodrive-dev/dataconnect`
 {"metadata":{"emulator":{"name":"dataconnect"},"message":"E0314 07:26:51.759649     693 watch.go:40] Failed to load config from \"/Users/autoknerd/Desktop/autodrive-dev/dataconnect\": could not find dataconnect.yaml in `/Users/autoknerd/Desktop/autodrive-dev/dataconnect`\n"}}
[debug] [2026-03-14T11:27:01.759Z] E0314 07:27:01.758964     693 watch.go:40] Failed to load config from "/Users/autoknerd/Desktop/autodrive-dev/dataconnect": could not find dataconnect.yaml in `/Users/autoknerd/Desktop/autodrive-dev/dataconnect`
 {"metadata":{"emulator":{"name":"dataconnect"},"message":"E0314 07:27:01.758964     693 watch.go:40] Failed to load config from \"/Users/autoknerd/Desktop/autodrive-dev/dataconnect\": could not find dataconnect.yaml in `/Users/autoknerd/Desktop/autodrive-dev/dataconnect`\n"}}
[debug] [2026-03-14T11:27:11.759Z] E0314 07:27:11.759741     693 watch.go:40] Failed to load config from "/Users/autoknerd/Desktop/autodrive-dev/dataconnect": could not find dataconnect.yaml in `/Users/autoknerd/Desktop/autodrive-dev/dataconnect`
 {"metadata":{"emulator":{"name":"dataconnect"},"message":"E0314 07:27:11.759741     693 watch.go:40] Failed to load config from \"/Users/autoknerd/Desktop/autodrive-dev/dataconnect\": could not find dataconnect.yaml in `/Users/autoknerd/Desktop/autodrive-dev/dataconnect`\n"}}
[debug] [2026-03-14T11:27:21.759Z] E0314 07:27:21.759779     693 watch.go:40] Failed to load config from "/Users/autoknerd/Desktop/autodrive-dev/dataconnect": could not find dataconnect.yaml in `/Users/autoknerd/Desktop/autodrive-dev/dataconnect`
 {"metadata":{"emulator":{"name":"dataconnect"},"message":"E0314 07:27:21.759779     693 watch.go:40] Failed to load config from \"/Users/autoknerd/Desktop/autodrive-dev/dataconnect\": could not find dataconnect.yaml in `/Users/autoknerd/Desktop/autodrive-dev/dataconnect`\n"}}
[debug] [2026-03-14T11:27:31.759Z] E0314 07:27:31.759018     693 watch.go:40] Failed to load config from "/Users/autoknerd/Desktop/autodrive-dev/dataconnect": could not find dataconnect.yaml in `/Users/autoknerd/Desktop/autodrive-dev/dataconnect`
E0314 07:27:31.758984     693 watch.go:116] watchAllDir unable to walk dir `/Users/autoknerd/Desktop/autodrive-dev/dataconnect`: lstat /Users/autoknerd/Desktop/autodrive-dev/dataconnect: no such file or directory
 {"metadata":{"emulator":{"name":"dataconnect"},"message":"E0314 07:27:31.759018     693 watch.go:40] Failed to load config from \"/Users/autoknerd/Desktop/autodrive-dev/dataconnect\": could not find dataconnect.yaml in `/Users/autoknerd/Desktop/autodrive-dev/dataconnect`\nE0314 07:27:31.758984     693 watch.go:116] watchAllDir unable to walk dir `/Users/autoknerd/Desktop/autodrive-dev/dataconnect`: lstat /Users/autoknerd/Desktop/autodrive-dev/dataconnect: no such file or directory\n"}}
[debug] [2026-03-14T11:27:41.759Z] E0314 07:27:41.759064     693 watch.go:40] Failed to load config from "/Users/autoknerd/Desktop/autodrive-dev/dataconnect": could not find dataconnect.yaml in `/Users/autoknerd/Desktop/autodrive-dev/dataconnect`
 {"metadata":{"emulator":{"name":"dataconnect"},"message":"E0314 07:27:41.759064     693 watch.go:40] Failed to load config from \"/Users/autoknerd/Desktop/autodrive-dev/dataconnect\": could not find dataconnect.yaml in `/Users/autoknerd/Desktop/autodrive-dev/dataconnect`\n"}}
[debug] [2026-03-14T11:27:51.759Z] E0314 07:27:51.759808     693 watch.go:40] Failed to load config from "/Users/autoknerd/Desktop/autodrive-dev/dataconnect": could not find dataconnect.yaml in `/Users/autoknerd/Desktop/autodrive-dev/dataconnect`
 {"metadata":{"emulator":{"name":"dataconnect"},"message":"E0314 07:27:51.759808     693 watch.go:40] Failed to load config from \"/Users/autoknerd/Desktop/autodrive-dev/dataconnect\": could not find dataconnect.yaml in `/Users/autoknerd/Desktop/autodrive-dev/dataconnect`\n"}}
[debug] [2026-03-14T11:28:01.758Z] E0314 07:28:01.758607     693 watch.go:40] Failed to load config from "/Users/autoknerd/Desktop/autodrive-dev/dataconnect": could not find dataconnect.yaml in `/Users/autoknerd/Desktop/autodrive-dev/dataconnect`
 {"metadata":{"emulator":{"name":"dataconnect"},"message":"E0314 07:28:01.758607     693 watch.go:40] Failed to load config from \"/Users/autoknerd/Desktop/autodrive-dev/dataconnect\": could not find dataconnect.yaml in `/Users/autoknerd/Desktop/autodrive-dev/dataconnect`\n"}}
[debug] [2026-03-14T11:28:11.758Z] E0314 07:28:11.758784     693 watch.go:40] Failed to load config from "/Users/autoknerd/Desktop/autodrive-dev/dataconnect": could not find dataconnect.yaml in `/Users/autoknerd/Desktop/autodrive-dev/dataconnect`
 {"metadata":{"emulator":{"name":"dataconnect"},"message":"E0314 07:28:11.758784     693 watch.go:40] Failed to load config from \"/Users/autoknerd/Desktop/autodrive-dev/dataconnect\": could not find dataconnect.yaml in `/Users/autoknerd/Desktop/autodrive-dev/dataconnect`\n"}}
[debug] [2026-03-14T11:28:21.758Z] E0314 07:28:21.758314     693 watch.go:40] Failed to load config from "/Users/autoknerd/Desktop/autodrive-dev/dataconnect": could not find dataconnect.yaml in `/Users/autoknerd/Desktop/autodrive-dev/dataconnect`
 {"metadata":{"emulator":{"name":"dataconnect"},"message":"E0314 07:28:21.758314     693 watch.go:40] Failed to load config from \"/Users/autoknerd/Desktop/autodrive-dev/dataconnect\": could not find dataconnect.yaml in `/Users/autoknerd/Desktop/autodrive-dev/dataconnect`\n"}}
[debug] [2026-03-14T11:28:31.758Z] E0314 07:28:31.758543     693 watch.go:116] watchAllDir unable to walk dir `/Users/autoknerd/Desktop/autodrive-dev/dataconnect`: lstat /Users/autoknerd/Desktop/autodrive-dev/dataconnect: no such file or directory
E0314 07:28:31.758604     693 watch.go:40] Failed to load config from "/Users/autoknerd/Desktop/autodrive-dev/dataconnect": could not find dataconnect.yaml in `/Users/autoknerd/Desktop/autodrive-dev/dataconnect`
 {"metadata":{"emulator":{"name":"dataconnect"},"message":"E0314 07:28:31.758543     693 watch.go:116] watchAllDir unable to walk dir `/Users/autoknerd/Desktop/autodrive-dev/dataconnect`: lstat /Users/autoknerd/Desktop/autodrive-dev/dataconnect: no such file or directory\nE0314 07:28:31.758604     693 watch.go:40] Failed to load config from \"/Users/autoknerd/Desktop/autodrive-dev/dataconnect\": could not find dataconnect.yaml in `/Users/autoknerd/Desktop/autodrive-dev/dataconnect`\n"}}
[debug] [2026-03-14T11:28:41.759Z] E0314 07:28:41.759782     693 watch.go:40] Failed to load config from "/Users/autoknerd/Desktop/autodrive-dev/dataconnect": could not find dataconnect.yaml in `/Users/autoknerd/Desktop/autodrive-dev/dataconnect`
 {"metadata":{"emulator":{"name":"dataconnect"},"message":"E0314 07:28:41.759782     693 watch.go:40] Failed to load config from \"/Users/autoknerd/Desktop/autodrive-dev/dataconnect\": could not find dataconnect.yaml in `/Users/autoknerd/Desktop/autodrive-dev/dataconnect`\n"}}
[debug] [2026-03-14T11:28:52.022Z] E0314 07:28:52.022450     693 watch.go:40] Failed to load config from "/Users/autoknerd/Desktop/autodrive-dev/dataconnect": could not find dataconnect.yaml in `/Users/autoknerd/Desktop/autodrive-dev/dataconnect`
 {"metadata":{"emulator":{"name":"dataconnect"},"message":"E0314 07:28:52.022450     693 watch.go:40] Failed to load config from \"/Users/autoknerd/Desktop/autodrive-dev/dataconnect\": could not find dataconnect.yaml in `/Users/autoknerd/Desktop/autodrive-dev/dataconnect`\n"}}
[debug] [2026-03-14T11:29:02.021Z] E0314 07:29:02.021426     693 watch.go:40] Failed to load config from "/Users/autoknerd/Desktop/autodrive-dev/dataconnect": could not find dataconnect.yaml in `/Users/autoknerd/Desktop/autodrive-dev/dataconnect`
 {"metadata":{"emulator":{"name":"dataconnect"},"message":"E0314 07:29:02.021426     693 watch.go:40] Failed to load config from \"/Users/autoknerd/Desktop/autodrive-dev/dataconnect\": could not find dataconnect.yaml in `/Users/autoknerd/Desktop/autodrive-dev/dataconnect`\n"}}
[debug] [2026-03-14T11:29:12.022Z] E0314 07:29:12.022171     693 watch.go:40] Failed to load config from "/Users/autoknerd/Desktop/autodrive-dev/dataconnect": could not find dataconnect.yaml in `/Users/autoknerd/Desktop/autodrive-dev/dataconnect`
 {"metadata":{"emulator":{"name":"dataconnect"},"message":"E0314 07:29:12.022171     693 watch.go:40] Failed to load config from \"/Users/autoknerd/Desktop/autodrive-dev/dataconnect\": could not find dataconnect.yaml in `/Users/autoknerd/Desktop/autodrive-dev/dataconnect`\n"}}
[debug] [2026-03-14T11:29:22.022Z] E0314 07:29:22.022305     693 watch.go:40] Failed to load config from "/Users/autoknerd/Desktop/autodrive-dev/dataconnect": could not find dataconnect.yaml in `/Users/autoknerd/Desktop/autodrive-dev/dataconnect`
 {"metadata":{"emulator":{"name":"dataconnect"},"message":"E0314 07:29:22.022305     693 watch.go:40] Failed to load config from \"/Users/autoknerd/Desktop/autodrive-dev/dataconnect\": could not find dataconnect.yaml in `/Users/autoknerd/Desktop/autodrive-dev/dataconnect`\n"}}
[debug] [2026-03-14T11:29:32.021Z] E0314 07:29:32.021373     693 watch.go:40] Failed to load config from "/Users/autoknerd/Desktop/autodrive-dev/dataconnect": could not find dataconnect.yaml in `/Users/autoknerd/Desktop/autodrive-dev/dataconnect`
E0314 07:29:32.021338     693 watch.go:116] watchAllDir unable to walk dir `/Users/autoknerd/Desktop/autodrive-dev/dataconnect`: lstat /Users/autoknerd/Desktop/autodrive-dev/dataconnect: no such file or directory
 {"metadata":{"emulator":{"name":"dataconnect"},"message":"E0314 07:29:32.021373     693 watch.go:40] Failed to load config from \"/Users/autoknerd/Desktop/autodrive-dev/dataconnect\": could not find dataconnect.yaml in `/Users/autoknerd/Desktop/autodrive-dev/dataconnect`\nE0314 07:29:32.021338     693 watch.go:116] watchAllDir unable to walk dir `/Users/autoknerd/Desktop/autodrive-dev/dataconnect`: lstat /Users/autoknerd/Desktop/autodrive-dev/dataconnect: no such file or directory\n"}}
[debug] [2026-03-14T11:29:48.473Z] E0314 07:29:48.473611     693 watch.go:40] Failed to load config from "/Users/autoknerd/Desktop/autodrive-dev/dataconnect": could not find dataconnect.yaml in `/Users/autoknerd/Desktop/autodrive-dev/dataconnect`
 {"metadata":{"emulator":{"name":"dataconnect"},"message":"E0314 07:29:48.473611     693 watch.go:40] Failed to load config from \"/Users/autoknerd/Desktop/autodrive-dev/dataconnect\": could not find dataconnect.yaml in `/Users/autoknerd/Desktop/autodrive-dev/dataconnect`\n"}}
[debug] [2026-03-14T11:29:58.472Z] E0314 07:29:58.472555     693 watch.go:40] Failed to load config from "/Users/autoknerd/Desktop/autodrive-dev/dataconnect": could not find dataconnect.yaml in `/Users/autoknerd/Desktop/autodrive-dev/dataconnect`
 {"metadata":{"emulator":{"name":"dataconnect"},"message":"E0314 07:29:58.472555     693 watch.go:40] Failed to load config from \"/Users/autoknerd/Desktop/autodrive-dev/dataconnect\": could not find dataconnect.yaml in `/Users/autoknerd/Desktop/autodrive-dev/dataconnect`\n"}}
[debug] [2026-03-14T11:30:08.472Z] E0314 07:30:08.472760     693 watch.go:40] Failed to load config from "/Users/autoknerd/Desktop/autodrive-dev/dataconnect": could not find dataconnect.yaml in `/Users/autoknerd/Desktop/autodrive-dev/dataconnect`
 {"metadata":{"emulator":{"name":"dataconnect"},"message":"E0314 07:30:08.472760     693 watch.go:40] Failed to load config from \"/Users/autoknerd/Desktop/autodrive-dev/dataconnect\": could not find dataconnect.yaml in `/Users/autoknerd/Desktop/autodrive-dev/dataconnect`\n"}}
[debug] [2026-03-14T11:30:18.472Z] E0314 07:30:18.472383     693 watch.go:40] Failed to load config from "/Users/autoknerd/Desktop/autodrive-dev/dataconnect": could not find dataconnect.yaml in `/Users/autoknerd/Desktop/autodrive-dev/dataconnect`
 {"metadata":{"emulator":{"name":"dataconnect"},"message":"E0314 07:30:18.472383     693 watch.go:40] Failed to load config from \"/Users/autoknerd/Desktop/autodrive-dev/dataconnect\": could not find dataconnect.yaml in `/Users/autoknerd/Desktop/autodrive-dev/dataconnect`\n"}}
[debug] [2026-03-14T11:30:28.584Z] E0314 07:30:28.584488     693 watch.go:40] Failed to load config from "/Users/autoknerd/Desktop/autodrive-dev/dataconnect": could not find dataconnect.yaml in `/Users/autoknerd/Desktop/autodrive-dev/dataconnect`
 {"metadata":{"emulator":{"name":"dataconnect"},"message":"E0314 07:30:28.584488     693 watch.go:40] Failed to load config from \"/Users/autoknerd/Desktop/autodrive-dev/dataconnect\": could not find dataconnect.yaml in `/Users/autoknerd/Desktop/autodrive-dev/dataconnect`\n"}}
[debug] [2026-03-14T11:30:38.583Z] E0314 07:30:38.583534     693 watch.go:40] Failed to load config from "/Users/autoknerd/Desktop/autodrive-dev/dataconnect": could not find dataconnect.yaml in `/Users/autoknerd/Desktop/autodrive-dev/dataconnect`
E0314 07:30:38.583517     693 watch.go:116] watchAllDir unable to walk dir `/Users/autoknerd/Desktop/autodrive-dev/dataconnect`: lstat /Users/autoknerd/Desktop/autodrive-dev/dataconnect: no such file or directory
 {"metadata":{"emulator":{"name":"dataconnect"},"message":"E0314 07:30:38.583534     693 watch.go:40] Failed to load config from \"/Users/autoknerd/Desktop/autodrive-dev/dataconnect\": could not find dataconnect.yaml in `/Users/autoknerd/Desktop/autodrive-dev/dataconnect`\nE0314 07:30:38.583517     693 watch.go:116] watchAllDir unable to walk dir `/Users/autoknerd/Desktop/autodrive-dev/dataconnect`: lstat /Users/autoknerd/Desktop/autodrive-dev/dataconnect: no such file or directory\n"}}
[debug] [2026-03-14T11:30:48.584Z] E0314 07:30:48.584476     693 watch.go:40] Failed to load config from "/Users/autoknerd/Desktop/autodrive-dev/dataconnect": could not find dataconnect.yaml in `/Users/autoknerd/Desktop/autodrive-dev/dataconnect`
 {"metadata":{"emulator":{"name":"dataconnect"},"message":"E0314 07:30:48.584476     693 watch.go:40] Failed to load config from \"/Users/autoknerd/Desktop/autodrive-dev/dataconnect\": could not find dataconnect.yaml in `/Users/autoknerd/Desktop/autodrive-dev/dataconnect`\n"}}
[debug] [2026-03-14T11:30:58.584Z] E0314 07:30:58.584431     693 watch.go:40] Failed to load config from "/Users/autoknerd/Desktop/autodrive-dev/dataconnect": could not find dataconnect.yaml in `/Users/autoknerd/Desktop/autodrive-dev/dataconnect`
 {"metadata":{"emulator":{"name":"dataconnect"},"message":"E0314 07:30:58.584431     693 watch.go:40] Failed to load config from \"/Users/autoknerd/Desktop/autodrive-dev/dataconnect\": could not find dataconnect.yaml in `/Users/autoknerd/Desktop/autodrive-dev/dataconnect`\n"}}
[debug] [2026-03-14T11:31:08.583Z] E0314 07:31:08.583693     693 watch.go:40] Failed to load config from "/Users/autoknerd/Desktop/autodrive-dev/dataconnect": could not find dataconnect.yaml in `/Users/autoknerd/Desktop/autodrive-dev/dataconnect`
 {"metadata":{"emulator":{"name":"dataconnect"},"message":"E0314 07:31:08.583693     693 watch.go:40] Failed to load config from \"/Users/autoknerd/Desktop/autodrive-dev/dataconnect\": could not find dataconnect.yaml in `/Users/autoknerd/Desktop/autodrive-dev/dataconnect`\n"}}
[debug] [2026-03-14T11:31:18.844Z] E0314 07:31:18.844103     693 watch.go:40] Failed to load config from "/Users/autoknerd/Desktop/autodrive-dev/dataconnect": could not find dataconnect.yaml in `/Users/autoknerd/Desktop/autodrive-dev/dataconnect`
 {"metadata":{"emulator":{"name":"dataconnect"},"message":"E0314 07:31:18.844103     693 watch.go:40] Failed to load config from \"/Users/autoknerd/Desktop/autodrive-dev/dataconnect\": could not find dataconnect.yaml in `/Users/autoknerd/Desktop/autodrive-dev/dataconnect`\n"}}
[debug] [2026-03-14T11:31:28.844Z] E0314 07:31:28.844103     693 watch.go:40] Failed to load config from "/Users/autoknerd/Desktop/autodrive-dev/dataconnect": could not find dataconnect.yaml in `/Users/autoknerd/Desktop/autodrive-dev/dataconnect`
 {"metadata":{"emulator":{"name":"dataconnect"},"message":"E0314 07:31:28.844103     693 watch.go:40] Failed to load config from \"/Users/autoknerd/Desktop/autodrive-dev/dataconnect\": could not find dataconnect.yaml in `/Users/autoknerd/Desktop/autodrive-dev/dataconnect`\n"}}
[debug] [2026-03-14T11:31:38.843Z] E0314 07:31:38.843094     693 watch.go:40] Failed to load config from "/Users/autoknerd/Desktop/autodrive-dev/dataconnect": could not find dataconnect.yaml in `/Users/autoknerd/Desktop/autodrive-dev/dataconnect`
E0314 07:31:38.843072     693 watch.go:116] watchAllDir unable to walk dir `/Users/autoknerd/Desktop/autodrive-dev/dataconnect`: lstat /Users/autoknerd/Desktop/autodrive-dev/dataconnect: no such file or directory
 {"metadata":{"emulator":{"name":"dataconnect"},"message":"E0314 07:31:38.843094     693 watch.go:40] Failed to load config from \"/Users/autoknerd/Desktop/autodrive-dev/dataconnect\": could not find dataconnect.yaml in `/Users/autoknerd/Desktop/autodrive-dev/dataconnect`\nE0314 07:31:38.843072     693 watch.go:116] watchAllDir unable to walk dir `/Users/autoknerd/Desktop/autodrive-dev/dataconnect`: lstat /Users/autoknerd/Desktop/autodrive-dev/dataconnect: no such file or directory\n"}}
[debug] [2026-03-14T11:31:48.844Z] E0314 07:31:48.844137     693 watch.go:40] Failed to load config from "/Users/autoknerd/Desktop/autodrive-dev/dataconnect": could not find dataconnect.yaml in `/Users/autoknerd/Desktop/autodrive-dev/dataconnect`
 {"metadata":{"emulator":{"name":"dataconnect"},"message":"E0314 07:31:48.844137     693 watch.go:40] Failed to load config from \"/Users/autoknerd/Desktop/autodrive-dev/dataconnect\": could not find dataconnect.yaml in `/Users/autoknerd/Desktop/autodrive-dev/dataconnect`\n"}}
[debug] [2026-03-14T11:31:58.844Z] E0314 07:31:58.844132     693 watch.go:40] Failed to load config from "/Users/autoknerd/Desktop/autodrive-dev/dataconnect": could not find dataconnect.yaml in `/Users/autoknerd/Desktop/autodrive-dev/dataconnect`
 {"metadata":{"emulator":{"name":"dataconnect"},"message":"E0314 07:31:58.844132     693 watch.go:40] Failed to load config from \"/Users/autoknerd/Desktop/autodrive-dev/dataconnect\": could not find dataconnect.yaml in `/Users/autoknerd/Desktop/autodrive-dev/dataconnect`\n"}}
[debug] [2026-03-14T11:32:23.986Z] E0314 07:32:23.985853     693 watch.go:40] Failed to load config from "/Users/autoknerd/Desktop/autodrive-dev/dataconnect": could not find dataconnect.yaml in `/Users/autoknerd/Desktop/autodrive-dev/dataconnect`
 {"metadata":{"emulator":{"name":"dataconnect"},"message":"E0314 07:32:23.985853     693 watch.go:40] Failed to load config from \"/Users/autoknerd/Desktop/autodrive-dev/dataconnect\": could not find dataconnect.yaml in `/Users/autoknerd/Desktop/autodrive-dev/dataconnect`\n"}}
[debug] [2026-03-14T11:32:33.987Z] E0314 07:32:33.986871     693 watch.go:40] Failed to load config from "/Users/autoknerd/Desktop/autodrive-dev/dataconnect": could not find dataconnect.yaml in `/Users/autoknerd/Desktop/autodrive-dev/dataconnect`
 {"metadata":{"emulator":{"name":"dataconnect"},"message":"E0314 07:32:33.986871     693 watch.go:40] Failed to load config from \"/Users/autoknerd/Desktop/autodrive-dev/dataconnect\": could not find dataconnect.yaml in `/Users/autoknerd/Desktop/autodrive-dev/dataconnect`\n"}}
[debug] [2026-03-14T11:32:43.985Z] E0314 07:32:43.985069     693 watch.go:40] Failed to load config from "/Users/autoknerd/Desktop/autodrive-dev/dataconnect": could not find dataconnect.yaml in `/Users/autoknerd/Desktop/autodrive-dev/dataconnect`
 {"metadata":{"emulator":{"name":"dataconnect"},"message":"E0314 07:32:43.985069     693 watch.go:40] Failed to load config from \"/Users/autoknerd/Desktop/autodrive-dev/dataconnect\": could not find dataconnect.yaml in `/Users/autoknerd/Desktop/autodrive-dev/dataconnect`\n"}}
[debug] [2026-03-14T11:32:53.986Z] E0314 07:32:53.986074     693 watch.go:40] Failed to load config from "/Users/autoknerd/Desktop/autodrive-dev/dataconnect": could not find dataconnect.yaml in `/Users/autoknerd/Desktop/autodrive-dev/dataconnect`
E0314 07:32:53.986034     693 watch.go:116] watchAllDir unable to walk dir `/Users/autoknerd/Desktop/autodrive-dev/dataconnect`: lstat /Users/autoknerd/Desktop/autodrive-dev/dataconnect: no such file or directory
 {"metadata":{"emulator":{"name":"dataconnect"},"message":"E0314 07:32:53.986074     693 watch.go:40] Failed to load config from \"/Users/autoknerd/Desktop/autodrive-dev/dataconnect\": could not find dataconnect.yaml in `/Users/autoknerd/Desktop/autodrive-dev/dataconnect`\nE0314 07:32:53.986034     693 watch.go:116] watchAllDir unable to walk dir `/Users/autoknerd/Desktop/autodrive-dev/dataconnect`: lstat /Users/autoknerd/Desktop/autodrive-dev/dataconnect: no such file or directory\n"}}
[debug] [2026-03-14T11:33:03.987Z] E0314 07:33:03.986921     693 watch.go:40] Failed to load config from "/Users/autoknerd/Desktop/autodrive-dev/dataconnect": could not find dataconnect.yaml in `/Users/autoknerd/Desktop/autodrive-dev/dataconnect`
 {"metadata":{"emulator":{"name":"dataconnect"},"message":"E0314 07:33:03.986921     693 watch.go:40] Failed to load config from \"/Users/autoknerd/Desktop/autodrive-dev/dataconnect\": could not find dataconnect.yaml in `/Users/autoknerd/Desktop/autodrive-dev/dataconnect`\n"}}
[debug] [2026-03-14T11:34:38.856Z] E0314 07:34:38.856014     693 watch.go:40] Failed to load config from "/Users/autoknerd/Desktop/autodrive-dev/dataconnect": could not find dataconnect.yaml in `/Users/autoknerd/Desktop/autodrive-dev/dataconnect`
 {"metadata":{"emulator":{"name":"dataconnect"},"message":"E0314 07:34:38.856014     693 watch.go:40] Failed to load config from \"/Users/autoknerd/Desktop/autodrive-dev/dataconnect\": could not find dataconnect.yaml in `/Users/autoknerd/Desktop/autodrive-dev/dataconnect`\n"}}
[debug] [2026-03-14T11:34:48.855Z] E0314 07:34:48.855714     693 watch.go:40] Failed to load config from "/Users/autoknerd/Desktop/autodrive-dev/dataconnect": could not find dataconnect.yaml in `/Users/autoknerd/Desktop/autodrive-dev/dataconnect`
 {"metadata":{"emulator":{"name":"dataconnect"},"message":"E0314 07:34:48.855714     693 watch.go:40] Failed to load config from \"/Users/autoknerd/Desktop/autodrive-dev/dataconnect\": could not find dataconnect.yaml in `/Users/autoknerd/Desktop/autodrive-dev/dataconnect`\n"}}
[debug] [2026-03-14T11:34:58.856Z] E0314 07:34:58.856435     693 watch.go:40] Failed to load config from "/Users/autoknerd/Desktop/autodrive-dev/dataconnect": could not find dataconnect.yaml in `/Users/autoknerd/Desktop/autodrive-dev/dataconnect`
 {"metadata":{"emulator":{"name":"dataconnect"},"message":"E0314 07:34:58.856435     693 watch.go:40] Failed to load config from \"/Users/autoknerd/Desktop/autodrive-dev/dataconnect\": could not find dataconnect.yaml in `/Users/autoknerd/Desktop/autodrive-dev/dataconnect`\n"}}
[debug] [2026-03-14T11:35:08.855Z] E0314 07:35:08.855443     693 watch.go:40] Failed to load config from "/Users/autoknerd/Desktop/autodrive-dev/dataconnect": could not find dataconnect.yaml in `/Users/autoknerd/Desktop/autodrive-dev/dataconnect`
 {"metadata":{"emulator":{"name":"dataconnect"},"message":"E0314 07:35:08.855443     693 watch.go:40] Failed to load config from \"/Users/autoknerd/Desktop/autodrive-dev/dataconnect\": could not find dataconnect.yaml in `/Users/autoknerd/Desktop/autodrive-dev/dataconnect`\n"}}
[debug] [2026-03-14T11:35:35.646Z] E0314 07:35:35.646756     693 watch.go:40] Failed to load config from "/Users/autoknerd/Desktop/autodrive-dev/dataconnect": could not find dataconnect.yaml in `/Users/autoknerd/Desktop/autodrive-dev/dataconnect`
E0314 07:35:35.646732     693 watch.go:116] watchAllDir unable to walk dir `/Users/autoknerd/Desktop/autodrive-dev/dataconnect`: lstat /Users/autoknerd/Desktop/autodrive-dev/dataconnect: no such file or directory
 {"metadata":{"emulator":{"name":"dataconnect"},"message":"E0314 07:35:35.646756     693 watch.go:40] Failed to load config from \"/Users/autoknerd/Desktop/autodrive-dev/dataconnect\": could not find dataconnect.yaml in `/Users/autoknerd/Desktop/autodrive-dev/dataconnect`\nE0314 07:35:35.646732     693 watch.go:116] watchAllDir unable to walk dir `/Users/autoknerd/Desktop/autodrive-dev/dataconnect`: lstat /Users/autoknerd/Desktop/autodrive-dev/dataconnect: no such file or directory\n"}}
[debug] [2026-03-14T11:35:45.647Z] E0314 07:35:45.647255     693 watch.go:40] Failed to load config from "/Users/autoknerd/Desktop/autodrive-dev/dataconnect": could not find dataconnect.yaml in `/Users/autoknerd/Desktop/autodrive-dev/dataconnect`
 {"metadata":{"emulator":{"name":"dataconnect"},"message":"E0314 07:35:45.647255     693 watch.go:40] Failed to load config from \"/Users/autoknerd/Desktop/autodrive-dev/dataconnect\": could not find dataconnect.yaml in `/Users/autoknerd/Desktop/autodrive-dev/dataconnect`\n"}}
[debug] [2026-03-14T11:35:55.646Z] E0314 07:35:55.645913     693 watch.go:40] Failed to load config from "/Users/autoknerd/Desktop/autodrive-dev/dataconnect": could not find dataconnect.yaml in `/Users/autoknerd/Desktop/autodrive-dev/dataconnect`
 {"metadata":{"emulator":{"name":"dataconnect"},"message":"E0314 07:35:55.645913     693 watch.go:40] Failed to load config from \"/Users/autoknerd/Desktop/autodrive-dev/dataconnect\": could not find dataconnect.yaml in `/Users/autoknerd/Desktop/autodrive-dev/dataconnect`\n"}}
[debug] [2026-03-14T11:36:05.647Z] E0314 07:36:05.647102     693 watch.go:40] Failed to load config from "/Users/autoknerd/Desktop/autodrive-dev/dataconnect": could not find dataconnect.yaml in `/Users/autoknerd/Desktop/autodrive-dev/dataconnect`
 {"metadata":{"emulator":{"name":"dataconnect"},"message":"E0314 07:36:05.647102     693 watch.go:40] Failed to load config from \"/Users/autoknerd/Desktop/autodrive-dev/dataconnect\": could not find dataconnect.yaml in `/Users/autoknerd/Desktop/autodrive-dev/dataconnect`\n"}}
[debug] [2026-03-14T11:36:15.647Z] E0314 07:36:15.646943     693 watch.go:40] Failed to load config from "/Users/autoknerd/Desktop/autodrive-dev/dataconnect": could not find dataconnect.yaml in `/Users/autoknerd/Desktop/autodrive-dev/dataconnect`
 {"metadata":{"emulator":{"name":"dataconnect"},"message":"E0314 07:36:15.646943     693 watch.go:40] Failed to load config from \"/Users/autoknerd/Desktop/autodrive-dev/dataconnect\": could not find dataconnect.yaml in `/Users/autoknerd/Desktop/autodrive-dev/dataconnect`\n"}}
[debug] [2026-03-14T11:36:40.531Z] E0314 07:36:40.531640     693 watch.go:40] Failed to load config from "/Users/autoknerd/Desktop/autodrive-dev/dataconnect": could not find dataconnect.yaml in `/Users/autoknerd/Desktop/autodrive-dev/dataconnect`
 {"metadata":{"emulator":{"name":"dataconnect"},"message":"E0314 07:36:40.531640     693 watch.go:40] Failed to load config from \"/Users/autoknerd/Desktop/autodrive-dev/dataconnect\": could not find dataconnect.yaml in `/Users/autoknerd/Desktop/autodrive-dev/dataconnect`\n"}}
[debug] [2026-03-14T11:36:50.530Z] E0314 07:36:50.530220     693 watch.go:40] Failed to load config from "/Users/autoknerd/Desktop/autodrive-dev/dataconnect": could not find dataconnect.yaml in `/Users/autoknerd/Desktop/autodrive-dev/dataconnect`
E0314 07:36:50.530182     693 watch.go:116] watchAllDir unable to walk dir `/Users/autoknerd/Desktop/autodrive-dev/dataconnect`: lstat /Users/autoknerd/Desktop/autodrive-dev/dataconnect: no such file or directory
 {"metadata":{"emulator":{"name":"dataconnect"},"message":"E0314 07:36:50.530220     693 watch.go:40] Failed to load config from \"/Users/autoknerd/Desktop/autodrive-dev/dataconnect\": could not find dataconnect.yaml in `/Users/autoknerd/Desktop/autodrive-dev/dataconnect`\nE0314 07:36:50.530182     693 watch.go:116] watchAllDir unable to walk dir `/Users/autoknerd/Desktop/autodrive-dev/dataconnect`: lstat /Users/autoknerd/Desktop/autodrive-dev/dataconnect: no such file or directory\n"}}
[debug] [2026-03-14T11:37:00.531Z] E0314 07:37:00.531678     693 watch.go:40] Failed to load config from "/Users/autoknerd/Desktop/autodrive-dev/dataconnect": could not find dataconnect.yaml in `/Users/autoknerd/Desktop/autodrive-dev/dataconnect`
 {"metadata":{"emulator":{"name":"dataconnect"},"message":"E0314 07:37:00.531678     693 watch.go:40] Failed to load config from \"/Users/autoknerd/Desktop/autodrive-dev/dataconnect\": could not find dataconnect.yaml in `/Users/autoknerd/Desktop/autodrive-dev/dataconnect`\n"}}
[debug] [2026-03-14T11:37:10.530Z] E0314 07:37:10.530717     693 watch.go:40] Failed to load config from "/Users/autoknerd/Desktop/autodrive-dev/dataconnect": could not find dataconnect.yaml in `/Users/autoknerd/Desktop/autodrive-dev/dataconnect`
 {"metadata":{"emulator":{"name":"dataconnect"},"message":"E0314 07:37:10.530717     693 watch.go:40] Failed to load config from \"/Users/autoknerd/Desktop/autodrive-dev/dataconnect\": could not find dataconnect.yaml in `/Users/autoknerd/Desktop/autodrive-dev/dataconnect`\n"}}
[debug] [2026-03-14T11:37:20.531Z] E0314 07:37:20.530682     693 watch.go:40] Failed to load config from "/Users/autoknerd/Desktop/autodrive-dev/dataconnect": could not find dataconnect.yaml in `/Users/autoknerd/Desktop/autodrive-dev/dataconnect`
 {"metadata":{"emulator":{"name":"dataconnect"},"message":"E0314 07:37:20.530682     693 watch.go:40] Failed to load config from \"/Users/autoknerd/Desktop/autodrive-dev/dataconnect\": could not find dataconnect.yaml in `/Users/autoknerd/Desktop/autodrive-dev/dataconnect`\n"}}
[debug] [2026-03-14T11:41:48.609Z] E0314 07:41:48.609219     693 watch.go:40] Failed to load config from "/Users/autoknerd/Desktop/autodrive-dev/dataconnect": could not find dataconnect.yaml in `/Users/autoknerd/Desktop/autodrive-dev/dataconnect`
 {"metadata":{"emulator":{"name":"dataconnect"},"message":"E0314 07:41:48.609219     693 watch.go:40] Failed to load config from \"/Users/autoknerd/Desktop/autodrive-dev/dataconnect\": could not find dataconnect.yaml in `/Users/autoknerd/Desktop/autodrive-dev/dataconnect`\n"}}
[debug] [2026-03-14T11:41:58.608Z] E0314 07:41:58.607870     693 watch.go:40] Failed to load config from "/Users/autoknerd/Desktop/autodrive-dev/dataconnect": could not find dataconnect.yaml in `/Users/autoknerd/Desktop/autodrive-dev/dataconnect`
 {"metadata":{"emulator":{"name":"dataconnect"},"message":"E0314 07:41:58.607870     693 watch.go:40] Failed to load config from \"/Users/autoknerd/Desktop/autodrive-dev/dataconnect\": could not find dataconnect.yaml in `/Users/autoknerd/Desktop/autodrive-dev/dataconnect`\n"}}
[debug] [2026-03-14T11:42:08.608Z] E0314 07:42:08.608276     693 watch.go:40] Failed to load config from "/Users/autoknerd/Desktop/autodrive-dev/dataconnect": could not find dataconnect.yaml in `/Users/autoknerd/Desktop/autodrive-dev/dataconnect`
E0314 07:42:08.608240     693 watch.go:116] watchAllDir unable to walk dir `/Users/autoknerd/Desktop/autodrive-dev/dataconnect`: lstat /Users/autoknerd/Desktop/autodrive-dev/dataconnect: no such file or directory
 {"metadata":{"emulator":{"name":"dataconnect"},"message":"E0314 07:42:08.608276     693 watch.go:40] Failed to load config from \"/Users/autoknerd/Desktop/autodrive-dev/dataconnect\": could not find dataconnect.yaml in `/Users/autoknerd/Desktop/autodrive-dev/dataconnect`\nE0314 07:42:08.608240     693 watch.go:116] watchAllDir unable to walk dir `/Users/autoknerd/Desktop/autodrive-dev/dataconnect`: lstat /Users/autoknerd/Desktop/autodrive-dev/dataconnect: no such file or directory\n"}}
[debug] [2026-03-14T11:42:18.608Z] E0314 07:42:18.608226     693 watch.go:40] Failed to load config from "/Users/autoknerd/Desktop/autodrive-dev/dataconnect": could not find dataconnect.yaml in `/Users/autoknerd/Desktop/autodrive-dev/dataconnect`
 {"metadata":{"emulator":{"name":"dataconnect"},"message":"E0314 07:42:18.608226     693 watch.go:40] Failed to load config from \"/Users/autoknerd/Desktop/autodrive-dev/dataconnect\": could not find dataconnect.yaml in `/Users/autoknerd/Desktop/autodrive-dev/dataconnect`\n"}}
[debug] [2026-03-14T11:42:28.608Z] E0314 07:42:28.608378     693 watch.go:40] Failed to load config from "/Users/autoknerd/Desktop/autodrive-dev/dataconnect": could not find dataconnect.yaml in `/Users/autoknerd/Desktop/autodrive-dev/dataconnect`
 {"metadata":{"emulator":{"name":"dataconnect"},"message":"E0314 07:42:28.608378     693 watch.go:40] Failed to load config from \"/Users/autoknerd/Desktop/autodrive-dev/dataconnect\": could not find dataconnect.yaml in `/Users/autoknerd/Desktop/autodrive-dev/dataconnect`\n"}}
[debug] [2026-03-14T11:42:55.234Z] E0314 07:42:55.234202     693 watch.go:40] Failed to load config from "/Users/autoknerd/Desktop/autodrive-dev/dataconnect": could not find dataconnect.yaml in `/Users/autoknerd/Desktop/autodrive-dev/dataconnect`
 {"metadata":{"emulator":{"name":"dataconnect"},"message":"E0314 07:42:55.234202     693 watch.go:40] Failed to load config from \"/Users/autoknerd/Desktop/autodrive-dev/dataconnect\": could not find dataconnect.yaml in `/Users/autoknerd/Desktop/autodrive-dev/dataconnect`\n"}}
[debug] [2026-03-14T11:43:05.236Z] E0314 07:43:05.236315     693 watch.go:40] Failed to load config from "/Users/autoknerd/Desktop/autodrive-dev/dataconnect": could not find dataconnect.yaml in `/Users/autoknerd/Desktop/autodrive-dev/dataconnect`
 {"metadata":{"emulator":{"name":"dataconnect"},"message":"E0314 07:43:05.236315     693 watch.go:40] Failed to load config from \"/Users/autoknerd/Desktop/autodrive-dev/dataconnect\": could not find dataconnect.yaml in `/Users/autoknerd/Desktop/autodrive-dev/dataconnect`\n"}}
[debug] [2026-03-14T11:43:15.236Z] E0314 07:43:15.236222     693 watch.go:40] Failed to load config from "/Users/autoknerd/Desktop/autodrive-dev/dataconnect": could not find dataconnect.yaml in `/Users/autoknerd/Desktop/autodrive-dev/dataconnect`
 {"metadata":{"emulator":{"name":"dataconnect"},"message":"E0314 07:43:15.236222     693 watch.go:40] Failed to load config from \"/Users/autoknerd/Desktop/autodrive-dev/dataconnect\": could not find dataconnect.yaml in `/Users/autoknerd/Desktop/autodrive-dev/dataconnect`\n"}}
[debug] [2026-03-14T11:43:25.235Z] E0314 07:43:25.235116     693 watch.go:40] Failed to load config from "/Users/autoknerd/Desktop/autodrive-dev/dataconnect": could not find dataconnect.yaml in `/Users/autoknerd/Desktop/autodrive-dev/dataconnect`
E0314 07:43:25.235097     693 watch.go:116] watchAllDir unable to walk dir `/Users/autoknerd/Desktop/autodrive-dev/dataconnect`: lstat /Users/autoknerd/Desktop/autodrive-dev/dataconnect: no such file or directory
 {"metadata":{"emulator":{"name":"dataconnect"},"message":"E0314 07:43:25.235116     693 watch.go:40] Failed to load config from \"/Users/autoknerd/Desktop/autodrive-dev/dataconnect\": could not find dataconnect.yaml in `/Users/autoknerd/Desktop/autodrive-dev/dataconnect`\nE0314 07:43:25.235097     693 watch.go:116] watchAllDir unable to walk dir `/Users/autoknerd/Desktop/autodrive-dev/dataconnect`: lstat /Users/autoknerd/Desktop/autodrive-dev/dataconnect: no such file or directory\n"}}
[debug] [2026-03-14T11:43:35.236Z] E0314 07:43:35.236157     693 watch.go:40] Failed to load config from "/Users/autoknerd/Desktop/autodrive-dev/dataconnect": could not find dataconnect.yaml in `/Users/autoknerd/Desktop/autodrive-dev/dataconnect`
 {"metadata":{"emulator":{"name":"dataconnect"},"message":"E0314 07:43:35.236157     693 watch.go:40] Failed to load config from \"/Users/autoknerd/Desktop/autodrive-dev/dataconnect\": could not find dataconnect.yaml in `/Users/autoknerd/Desktop/autodrive-dev/dataconnect`\n"}}
[debug] [2026-03-14T11:44:07.514Z] E0314 07:44:07.514121     693 watch.go:40] Failed to load config from "/Users/autoknerd/Desktop/autodrive-dev/dataconnect": could not find dataconnect.yaml in `/Users/autoknerd/Desktop/autodrive-dev/dataconnect`
 {"metadata":{"emulator":{"name":"dataconnect"},"message":"E0314 07:44:07.514121     693 watch.go:40] Failed to load config from \"/Users/autoknerd/Desktop/autodrive-dev/dataconnect\": could not find dataconnect.yaml in `/Users/autoknerd/Desktop/autodrive-dev/dataconnect`\n"}}
[debug] [2026-03-14T11:44:17.513Z] E0314 07:44:17.512901     693 watch.go:40] Failed to load config from "/Users/autoknerd/Desktop/autodrive-dev/dataconnect": could not find dataconnect.yaml in `/Users/autoknerd/Desktop/autodrive-dev/dataconnect`
 {"metadata":{"emulator":{"name":"dataconnect"},"message":"E0314 07:44:17.512901     693 watch.go:40] Failed to load config from \"/Users/autoknerd/Desktop/autodrive-dev/dataconnect\": could not find dataconnect.yaml in `/Users/autoknerd/Desktop/autodrive-dev/dataconnect`\n"}}
[debug] [2026-03-14T11:44:27.515Z] E0314 07:44:27.514968     693 watch.go:40] Failed to load config from "/Users/autoknerd/Desktop/autodrive-dev/dataconnect": could not find dataconnect.yaml in `/Users/autoknerd/Desktop/autodrive-dev/dataconnect`
 {"metadata":{"emulator":{"name":"dataconnect"},"message":"E0314 07:44:27.514968     693 watch.go:40] Failed to load config from \"/Users/autoknerd/Desktop/autodrive-dev/dataconnect\": could not find dataconnect.yaml in `/Users/autoknerd/Desktop/autodrive-dev/dataconnect`\n"}}
[debug] [2026-03-14T11:44:37.515Z] E0314 07:44:37.515109     693 watch.go:40] Failed to load config from "/Users/autoknerd/Desktop/autodrive-dev/dataconnect": could not find dataconnect.yaml in `/Users/autoknerd/Desktop/autodrive-dev/dataconnect`
 {"metadata":{"emulator":{"name":"dataconnect"},"message":"E0314 07:44:37.515109     693 watch.go:40] Failed to load config from \"/Users/autoknerd/Desktop/autodrive-dev/dataconnect\": could not find dataconnect.yaml in `/Users/autoknerd/Desktop/autodrive-dev/dataconnect`\n"}}
[debug] [2026-03-14T11:46:19.225Z] E0314 07:46:19.225683     693 watch.go:40] Failed to load config from "/Users/autoknerd/Desktop/autodrive-dev/dataconnect": could not find dataconnect.yaml in `/Users/autoknerd/Desktop/autodrive-dev/dataconnect`
E0314 07:46:19.225653     693 watch.go:116] watchAllDir unable to walk dir `/Users/autoknerd/Desktop/autodrive-dev/dataconnect`: lstat /Users/autoknerd/Desktop/autodrive-dev/dataconnect: no such file or directory
 {"metadata":{"emulator":{"name":"dataconnect"},"message":"E0314 07:46:19.225683     693 watch.go:40] Failed to load config from \"/Users/autoknerd/Desktop/autodrive-dev/dataconnect\": could not find dataconnect.yaml in `/Users/autoknerd/Desktop/autodrive-dev/dataconnect`\nE0314 07:46:19.225653     693 watch.go:116] watchAllDir unable to walk dir `/Users/autoknerd/Desktop/autodrive-dev/dataconnect`: lstat /Users/autoknerd/Desktop/autodrive-dev/dataconnect: no such file or directory\n"}}
[debug] [2026-03-14T11:46:29.226Z] E0314 07:46:29.226736     693 watch.go:40] Failed to load config from "/Users/autoknerd/Desktop/autodrive-dev/dataconnect": could not find dataconnect.yaml in `/Users/autoknerd/Desktop/autodrive-dev/dataconnect`
 {"metadata":{"emulator":{"name":"dataconnect"},"message":"E0314 07:46:29.226736     693 watch.go:40] Failed to load config from \"/Users/autoknerd/Desktop/autodrive-dev/dataconnect\": could not find dataconnect.yaml in `/Users/autoknerd/Desktop/autodrive-dev/dataconnect`\n"}}
[debug] [2026-03-14T11:46:39.226Z] E0314 07:46:39.226077     693 watch.go:40] Failed to load config from "/Users/autoknerd/Desktop/autodrive-dev/dataconnect": could not find dataconnect.yaml in `/Users/autoknerd/Desktop/autodrive-dev/dataconnect`
 {"metadata":{"emulator":{"name":"dataconnect"},"message":"E0314 07:46:39.226077     693 watch.go:40] Failed to load config from \"/Users/autoknerd/Desktop/autodrive-dev/dataconnect\": could not find dataconnect.yaml in `/Users/autoknerd/Desktop/autodrive-dev/dataconnect`\n"}}
[debug] [2026-03-14T11:46:49.226Z] E0314 07:46:49.226032     693 watch.go:40] Failed to load config from "/Users/autoknerd/Desktop/autodrive-dev/dataconnect": could not find dataconnect.yaml in `/Users/autoknerd/Desktop/autodrive-dev/dataconnect`
 {"metadata":{"emulator":{"name":"dataconnect"},"message":"E0314 07:46:49.226032     693 watch.go:40] Failed to load config from \"/Users/autoknerd/Desktop/autodrive-dev/dataconnect\": could not find dataconnect.yaml in `/Users/autoknerd/Desktop/autodrive-dev/dataconnect`\n"}}
[debug] [2026-03-14T11:46:59.227Z] E0314 07:46:59.226819     693 watch.go:40] Failed to load config from "/Users/autoknerd/Desktop/autodrive-dev/dataconnect": could not find dataconnect.yaml in `/Users/autoknerd/Desktop/autodrive-dev/dataconnect`
 {"metadata":{"emulator":{"name":"dataconnect"},"message":"E0314 07:46:59.226819     693 watch.go:40] Failed to load config from \"/Users/autoknerd/Desktop/autodrive-dev/dataconnect\": could not find dataconnect.yaml in `/Users/autoknerd/Desktop/autodrive-dev/dataconnect`\n"}}
[debug] [2026-03-14T11:47:09.226Z] E0314 07:47:09.226336     693 watch.go:40] Failed to load config from "/Users/autoknerd/Desktop/autodrive-dev/dataconnect": could not find dataconnect.yaml in `/Users/autoknerd/Desktop/autodrive-dev/dataconnect`
 {"metadata":{"emulator":{"name":"dataconnect"},"message":"E0314 07:47:09.226336     693 watch.go:40] Failed to load config from \"/Users/autoknerd/Desktop/autodrive-dev/dataconnect\": could not find dataconnect.yaml in `/Users/autoknerd/Desktop/autodrive-dev/dataconnect`\n"}}
[debug] [2026-03-14T11:47:19.225Z] E0314 07:47:19.225753     693 watch.go:40] Failed to load config from "/Users/autoknerd/Desktop/autodrive-dev/dataconnect": could not find dataconnect.yaml in `/Users/autoknerd/Desktop/autodrive-dev/dataconnect`
E0314 07:47:19.225713     693 watch.go:116] watchAllDir unable to walk dir `/Users/autoknerd/Desktop/autodrive-dev/dataconnect`: lstat /Users/autoknerd/Desktop/autodrive-dev/dataconnect: no such file or directory
 {"metadata":{"emulator":{"name":"dataconnect"},"message":"E0314 07:47:19.225753     693 watch.go:40] Failed to load config from \"/Users/autoknerd/Desktop/autodrive-dev/dataconnect\": could not find dataconnect.yaml in `/Users/autoknerd/Desktop/autodrive-dev/dataconnect`\nE0314 07:47:19.225713     693 watch.go:116] watchAllDir unable to walk dir `/Users/autoknerd/Desktop/autodrive-dev/dataconnect`: lstat /Users/autoknerd/Desktop/autodrive-dev/dataconnect: no such file or directory\n"}}
[debug] [2026-03-14T11:47:29.227Z] E0314 07:47:29.226982     693 watch.go:40] Failed to load config from "/Users/autoknerd/Desktop/autodrive-dev/dataconnect": could not find dataconnect.yaml in `/Users/autoknerd/Desktop/autodrive-dev/dataconnect`
 {"metadata":{"emulator":{"name":"dataconnect"},"message":"E0314 07:47:29.226982     693 watch.go:40] Failed to load config from \"/Users/autoknerd/Desktop/autodrive-dev/dataconnect\": could not find dataconnect.yaml in `/Users/autoknerd/Desktop/autodrive-dev/dataconnect`\n"}}
[debug] [2026-03-14T11:47:39.227Z] E0314 07:47:39.227094     693 watch.go:40] Failed to load config from "/Users/autoknerd/Desktop/autodrive-dev/dataconnect": could not find dataconnect.yaml in `/Users/autoknerd/Desktop/autodrive-dev/dataconnect`
 {"metadata":{"emulator":{"name":"dataconnect"},"message":"E0314 07:47:39.227094     693 watch.go:40] Failed to load config from \"/Users/autoknerd/Desktop/autodrive-dev/dataconnect\": could not find dataconnect.yaml in `/Users/autoknerd/Desktop/autodrive-dev/dataconnect`\n"}}
[debug] [2026-03-14T11:47:49.226Z] E0314 07:47:49.226359     693 watch.go:40] Failed to load config from "/Users/autoknerd/Desktop/autodrive-dev/dataconnect": could not find dataconnect.yaml in `/Users/autoknerd/Desktop/autodrive-dev/dataconnect`
 {"metadata":{"emulator":{"name":"dataconnect"},"message":"E0314 07:47:49.226359     693 watch.go:40] Failed to load config from \"/Users/autoknerd/Desktop/autodrive-dev/dataconnect\": could not find dataconnect.yaml in `/Users/autoknerd/Desktop/autodrive-dev/dataconnect`\n"}}
[debug] [2026-03-14T11:47:59.226Z] E0314 07:47:59.226349     693 watch.go:40] Failed to load config from "/Users/autoknerd/Desktop/autodrive-dev/dataconnect": could not find dataconnect.yaml in `/Users/autoknerd/Desktop/autodrive-dev/dataconnect`
 {"metadata":{"emulator":{"name":"dataconnect"},"message":"E0314 07:47:59.226349     693 watch.go:40] Failed to load config from \"/Users/autoknerd/Desktop/autodrive-dev/dataconnect\": could not find dataconnect.yaml in `/Users/autoknerd/Desktop/autodrive-dev/dataconnect`\n"}}
[debug] [2026-03-14T11:48:09.225Z] E0314 07:48:09.225601     693 watch.go:40] Failed to load config from "/Users/autoknerd/Desktop/autodrive-dev/dataconnect": could not find dataconnect.yaml in `/Users/autoknerd/Desktop/autodrive-dev/dataconnect`
 {"metadata":{"emulator":{"name":"dataconnect"},"message":"E0314 07:48:09.225601     693 watch.go:40] Failed to load config from \"/Users/autoknerd/Desktop/autodrive-dev/dataconnect\": could not find dataconnect.yaml in `/Users/autoknerd/Desktop/autodrive-dev/dataconnect`\n"}}
[debug] [2026-03-14T11:48:19.225Z] E0314 07:48:19.225033     693 watch.go:116] watchAllDir unable to walk dir `/Users/autoknerd/Desktop/autodrive-dev/dataconnect`: lstat /Users/autoknerd/Desktop/autodrive-dev/dataconnect: no such file or directory
E0314 07:48:19.225072     693 watch.go:40] Failed to load config from "/Users/autoknerd/Desktop/autodrive-dev/dataconnect": could not find dataconnect.yaml in `/Users/autoknerd/Desktop/autodrive-dev/dataconnect`
 {"metadata":{"emulator":{"name":"dataconnect"},"message":"E0314 07:48:19.225033     693 watch.go:116] watchAllDir unable to walk dir `/Users/autoknerd/Desktop/autodrive-dev/dataconnect`: lstat /Users/autoknerd/Desktop/autodrive-dev/dataconnect: no such file or directory\nE0314 07:48:19.225072     693 watch.go:40] Failed to load config from \"/Users/autoknerd/Desktop/autodrive-dev/dataconnect\": could not find dataconnect.yaml in `/Users/autoknerd/Desktop/autodrive-dev/dataconnect`\n"}}
[debug] [2026-03-14T11:48:29.226Z] E0314 07:48:29.226231     693 watch.go:40] Failed to load config from "/Users/autoknerd/Desktop/autodrive-dev/dataconnect": could not find dataconnect.yaml in `/Users/autoknerd/Desktop/autodrive-dev/dataconnect`
 {"metadata":{"emulator":{"name":"dataconnect"},"message":"E0314 07:48:29.226231     693 watch.go:40] Failed to load config from \"/Users/autoknerd/Desktop/autodrive-dev/dataconnect\": could not find dataconnect.yaml in `/Users/autoknerd/Desktop/autodrive-dev/dataconnect`\n"}}
[debug] [2026-03-14T11:48:39.227Z] E0314 07:48:39.227040     693 watch.go:40] Failed to load config from "/Users/autoknerd/Desktop/autodrive-dev/dataconnect": could not find dataconnect.yaml in `/Users/autoknerd/Desktop/autodrive-dev/dataconnect`
 {"metadata":{"emulator":{"name":"dataconnect"},"message":"E0314 07:48:39.227040     693 watch.go:40] Failed to load config from \"/Users/autoknerd/Desktop/autodrive-dev/dataconnect\": could not find dataconnect.yaml in `/Users/autoknerd/Desktop/autodrive-dev/dataconnect`\n"}}
[debug] [2026-03-14T11:48:49.226Z] E0314 07:48:49.226145     693 watch.go:40] Failed to load config from "/Users/autoknerd/Desktop/autodrive-dev/dataconnect": could not find dataconnect.yaml in `/Users/autoknerd/Desktop/autodrive-dev/dataconnect`
 {"metadata":{"emulator":{"name":"dataconnect"},"message":"E0314 07:48:49.226145     693 watch.go:40] Failed to load config from \"/Users/autoknerd/Desktop/autodrive-dev/dataconnect\": could not find dataconnect.yaml in `/Users/autoknerd/Desktop/autodrive-dev/dataconnect`\n"}}
[debug] [2026-03-14T11:48:59.227Z] E0314 07:48:59.226697     693 watch.go:40] Failed to load config from "/Users/autoknerd/Desktop/autodrive-dev/dataconnect": could not find dataconnect.yaml in `/Users/autoknerd/Desktop/autodrive-dev/dataconnect`
 {"metadata":{"emulator":{"name":"dataconnect"},"message":"E0314 07:48:59.226697     693 watch.go:40] Failed to load config from \"/Users/autoknerd/Desktop/autodrive-dev/dataconnect\": could not find dataconnect.yaml in `/Users/autoknerd/Desktop/autodrive-dev/dataconnect`\n"}}
[debug] [2026-03-14T11:49:09.226Z] E0314 07:49:09.226306     693 watch.go:40] Failed to load config from "/Users/autoknerd/Desktop/autodrive-dev/dataconnect": could not find dataconnect.yaml in `/Users/autoknerd/Desktop/autodrive-dev/dataconnect`
 {"metadata":{"emulator":{"name":"dataconnect"},"message":"E0314 07:49:09.226306     693 watch.go:40] Failed to load config from \"/Users/autoknerd/Desktop/autodrive-dev/dataconnect\": could not find dataconnect.yaml in `/Users/autoknerd/Desktop/autodrive-dev/dataconnect`\n"}}
[debug] [2026-03-14T11:49:19.226Z] E0314 07:49:19.226205     693 watch.go:116] watchAllDir unable to walk dir `/Users/autoknerd/Desktop/autodrive-dev/dataconnect`: lstat /Users/autoknerd/Desktop/autodrive-dev/dataconnect: no such file or directory
E0314 07:49:19.226220     693 watch.go:40] Failed to load config from "/Users/autoknerd/Desktop/autodrive-dev/dataconnect": could not find dataconnect.yaml in `/Users/autoknerd/Desktop/autodrive-dev/dataconnect`
 {"metadata":{"emulator":{"name":"dataconnect"},"message":"E0314 07:49:19.226205     693 watch.go:116] watchAllDir unable to walk dir `/Users/autoknerd/Desktop/autodrive-dev/dataconnect`: lstat /Users/autoknerd/Desktop/autodrive-dev/dataconnect: no such file or directory\nE0314 07:49:19.226220     693 watch.go:40] Failed to load config from \"/Users/autoknerd/Desktop/autodrive-dev/dataconnect\": could not find dataconnect.yaml in `/Users/autoknerd/Desktop/autodrive-dev/dataconnect`\n"}}
[debug] [2026-03-14T11:49:29.227Z] E0314 07:49:29.227102     693 watch.go:40] Failed to load config from "/Users/autoknerd/Desktop/autodrive-dev/dataconnect": could not find dataconnect.yaml in `/Users/autoknerd/Desktop/autodrive-dev/dataconnect`
 {"metadata":{"emulator":{"name":"dataconnect"},"message":"E0314 07:49:29.227102     693 watch.go:40] Failed to load config from \"/Users/autoknerd/Desktop/autodrive-dev/dataconnect\": could not find dataconnect.yaml in `/Users/autoknerd/Desktop/autodrive-dev/dataconnect`\n"}}
[debug] [2026-03-14T11:49:39.225Z] E0314 07:49:39.225486     693 watch.go:40] Failed to load config from "/Users/autoknerd/Desktop/autodrive-dev/dataconnect": could not find dataconnect.yaml in `/Users/autoknerd/Desktop/autodrive-dev/dataconnect`
 {"metadata":{"emulator":{"name":"dataconnect"},"message":"E0314 07:49:39.225486     693 watch.go:40] Failed to load config from \"/Users/autoknerd/Desktop/autodrive-dev/dataconnect\": could not find dataconnect.yaml in `/Users/autoknerd/Desktop/autodrive-dev/dataconnect`\n"}}
[debug] [2026-03-14T11:49:49.226Z] E0314 07:49:49.226357     693 watch.go:40] Failed to load config from "/Users/autoknerd/Desktop/autodrive-dev/dataconnect": could not find dataconnect.yaml in `/Users/autoknerd/Desktop/autodrive-dev/dataconnect`
 {"metadata":{"emulator":{"name":"dataconnect"},"message":"E0314 07:49:49.226357     693 watch.go:40] Failed to load config from \"/Users/autoknerd/Desktop/autodrive-dev/dataconnect\": could not find dataconnect.yaml in `/Users/autoknerd/Desktop/autodrive-dev/dataconnect`\n"}}
[debug] [2026-03-14T11:49:59.227Z] E0314 07:49:59.227125     693 watch.go:40] Failed to load config from "/Users/autoknerd/Desktop/autodrive-dev/dataconnect": could not find dataconnect.yaml in `/Users/autoknerd/Desktop/autodrive-dev/dataconnect`
 {"metadata":{"emulator":{"name":"dataconnect"},"message":"E0314 07:49:59.227125     693 watch.go:40] Failed to load config from \"/Users/autoknerd/Desktop/autodrive-dev/dataconnect\": could not find dataconnect.yaml in `/Users/autoknerd/Desktop/autodrive-dev/dataconnect`\n"}}
[debug] [2026-03-14T11:50:09.227Z] E0314 07:50:09.227230     693 watch.go:40] Failed to load config from "/Users/autoknerd/Desktop/autodrive-dev/dataconnect": could not find dataconnect.yaml in `/Users/autoknerd/Desktop/autodrive-dev/dataconnect`
 {"metadata":{"emulator":{"name":"dataconnect"},"message":"E0314 07:50:09.227230     693 watch.go:40] Failed to load config from \"/Users/autoknerd/Desktop/autodrive-dev/dataconnect\": could not find dataconnect.yaml in `/Users/autoknerd/Desktop/autodrive-dev/dataconnect`\n"}}
[debug] [2026-03-14T11:50:19.226Z] E0314 07:50:19.226190     693 watch.go:116] watchAllDir unable to walk dir `/Users/autoknerd/Desktop/autodrive-dev/dataconnect`: lstat /Users/autoknerd/Desktop/autodrive-dev/dataconnect: no such file or directory
E0314 07:50:19.226232     693 watch.go:40] Failed to load config from "/Users/autoknerd/Desktop/autodrive-dev/dataconnect": could not find dataconnect.yaml in `/Users/autoknerd/Desktop/autodrive-dev/dataconnect`
 {"metadata":{"emulator":{"name":"dataconnect"},"message":"E0314 07:50:19.226190     693 watch.go:116] watchAllDir unable to walk dir `/Users/autoknerd/Desktop/autodrive-dev/dataconnect`: lstat /Users/autoknerd/Desktop/autodrive-dev/dataconnect: no such file or directory\nE0314 07:50:19.226232     693 watch.go:40] Failed to load config from \"/Users/autoknerd/Desktop/autodrive-dev/dataconnect\": could not find dataconnect.yaml in `/Users/autoknerd/Desktop/autodrive-dev/dataconnect`\n"}}
[debug] [2026-03-14T11:50:29.227Z] E0314 07:50:29.227225     693 watch.go:40] Failed to load config from "/Users/autoknerd/Desktop/autodrive-dev/dataconnect": could not find dataconnect.yaml in `/Users/autoknerd/Desktop/autodrive-dev/dataconnect`
 {"metadata":{"emulator":{"name":"dataconnect"},"message":"E0314 07:50:29.227225     693 watch.go:40] Failed to load config from \"/Users/autoknerd/Desktop/autodrive-dev/dataconnect\": could not find dataconnect.yaml in `/Users/autoknerd/Desktop/autodrive-dev/dataconnect`\n"}}
[debug] [2026-03-14T11:50:39.225Z] E0314 07:50:39.225485     693 watch.go:40] Failed to load config from "/Users/autoknerd/Desktop/autodrive-dev/dataconnect": could not find dataconnect.yaml in `/Users/autoknerd/Desktop/autodrive-dev/dataconnect`
 {"metadata":{"emulator":{"name":"dataconnect"},"message":"E0314 07:50:39.225485     693 watch.go:40] Failed to load config from \"/Users/autoknerd/Desktop/autodrive-dev/dataconnect\": could not find dataconnect.yaml in `/Users/autoknerd/Desktop/autodrive-dev/dataconnect`\n"}}
[debug] [2026-03-14T11:50:49.226Z] E0314 07:50:49.226380     693 watch.go:40] Failed to load config from "/Users/autoknerd/Desktop/autodrive-dev/dataconnect": could not find dataconnect.yaml in `/Users/autoknerd/Desktop/autodrive-dev/dataconnect`
 {"metadata":{"emulator":{"name":"dataconnect"},"message":"E0314 07:50:49.226380     693 watch.go:40] Failed to load config from \"/Users/autoknerd/Desktop/autodrive-dev/dataconnect\": could not find dataconnect.yaml in `/Users/autoknerd/Desktop/autodrive-dev/dataconnect`\n"}}
[debug] [2026-03-14T11:50:59.226Z] E0314 07:50:59.226405     693 watch.go:40] Failed to load config from "/Users/autoknerd/Desktop/autodrive-dev/dataconnect": could not find dataconnect.yaml in `/Users/autoknerd/Desktop/autodrive-dev/dataconnect`
 {"metadata":{"emulator":{"name":"dataconnect"},"message":"E0314 07:50:59.226405     693 watch.go:40] Failed to load config from \"/Users/autoknerd/Desktop/autodrive-dev/dataconnect\": could not find dataconnect.yaml in `/Users/autoknerd/Desktop/autodrive-dev/dataconnect`\n"}}
[debug] [2026-03-14T11:51:09.226Z] E0314 07:51:09.226432     693 watch.go:40] Failed to load config from "/Users/autoknerd/Desktop/autodrive-dev/dataconnect": could not find dataconnect.yaml in `/Users/autoknerd/Desktop/autodrive-dev/dataconnect`
 {"metadata":{"emulator":{"name":"dataconnect"},"message":"E0314 07:51:09.226432     693 watch.go:40] Failed to load config from \"/Users/autoknerd/Desktop/autodrive-dev/dataconnect\": could not find dataconnect.yaml in `/Users/autoknerd/Desktop/autodrive-dev/dataconnect`\n"}}
[debug] [2026-03-14T11:51:19.227Z] E0314 07:51:19.226564     693 watch.go:116] watchAllDir unable to walk dir `/Users/autoknerd/Desktop/autodrive-dev/dataconnect`: lstat /Users/autoknerd/Desktop/autodrive-dev/dataconnect: no such file or directory
E0314 07:51:19.226811     693 watch.go:40] Failed to load config from "/Users/autoknerd/Desktop/autodrive-dev/dataconnect": could not find dataconnect.yaml in `/Users/autoknerd/Desktop/autodrive-dev/dataconnect`
 {"metadata":{"emulator":{"name":"dataconnect"},"message":"E0314 07:51:19.226564     693 watch.go:116] watchAllDir unable to walk dir `/Users/autoknerd/Desktop/autodrive-dev/dataconnect`: lstat /Users/autoknerd/Desktop/autodrive-dev/dataconnect: no such file or directory\nE0314 07:51:19.226811     693 watch.go:40] Failed to load config from \"/Users/autoknerd/Desktop/autodrive-dev/dataconnect\": could not find dataconnect.yaml in `/Users/autoknerd/Desktop/autodrive-dev/dataconnect`\n"}}
[debug] [2026-03-14T11:51:29.226Z] E0314 07:51:29.226432     693 watch.go:40] Failed to load config from "/Users/autoknerd/Desktop/autodrive-dev/dataconnect": could not find dataconnect.yaml in `/Users/autoknerd/Desktop/autodrive-dev/dataconnect`
 {"metadata":{"emulator":{"name":"dataconnect"},"message":"E0314 07:51:29.226432     693 watch.go:40] Failed to load config from \"/Users/autoknerd/Desktop/autodrive-dev/dataconnect\": could not find dataconnect.yaml in `/Users/autoknerd/Desktop/autodrive-dev/dataconnect`\n"}}
[debug] [2026-03-14T11:51:39.226Z] E0314 07:51:39.226325     693 watch.go:40] Failed to load config from "/Users/autoknerd/Desktop/autodrive-dev/dataconnect": could not find dataconnect.yaml in `/Users/autoknerd/Desktop/autodrive-dev/dataconnect`
 {"metadata":{"emulator":{"name":"dataconnect"},"message":"E0314 07:51:39.226325     693 watch.go:40] Failed to load config from \"/Users/autoknerd/Desktop/autodrive-dev/dataconnect\": could not find dataconnect.yaml in `/Users/autoknerd/Desktop/autodrive-dev/dataconnect`\n"}}
[debug] [2026-03-14T11:51:49.226Z] E0314 07:51:49.226517     693 watch.go:40] Failed to load config from "/Users/autoknerd/Desktop/autodrive-dev/dataconnect": could not find dataconnect.yaml in `/Users/autoknerd/Desktop/autodrive-dev/dataconnect`
 {"metadata":{"emulator":{"name":"dataconnect"},"message":"E0314 07:51:49.226517     693 watch.go:40] Failed to load config from \"/Users/autoknerd/Desktop/autodrive-dev/dataconnect\": could not find dataconnect.yaml in `/Users/autoknerd/Desktop/autodrive-dev/dataconnect`\n"}}
[debug] [2026-03-14T11:51:59.227Z] E0314 07:51:59.227388     693 watch.go:40] Failed to load config from "/Users/autoknerd/Desktop/autodrive-dev/dataconnect": could not find dataconnect.yaml in `/Users/autoknerd/Desktop/autodrive-dev/dataconnect`
 {"metadata":{"emulator":{"name":"dataconnect"},"message":"E0314 07:51:59.227388     693 watch.go:40] Failed to load config from \"/Users/autoknerd/Desktop/autodrive-dev/dataconnect\": could not find dataconnect.yaml in `/Users/autoknerd/Desktop/autodrive-dev/dataconnect`\n"}}
[debug] [2026-03-14T11:52:09.227Z] E0314 07:52:09.227146     693 watch.go:40] Failed to load config from "/Users/autoknerd/Desktop/autodrive-dev/dataconnect": could not find dataconnect.yaml in `/Users/autoknerd/Desktop/autodrive-dev/dataconnect`
 {"metadata":{"emulator":{"name":"dataconnect"},"message":"E0314 07:52:09.227146     693 watch.go:40] Failed to load config from \"/Users/autoknerd/Desktop/autodrive-dev/dataconnect\": could not find dataconnect.yaml in `/Users/autoknerd/Desktop/autodrive-dev/dataconnect`\n"}}
[debug] [2026-03-14T11:52:19.226Z] E0314 07:52:19.226284     693 watch.go:40] Failed to load config from "/Users/autoknerd/Desktop/autodrive-dev/dataconnect": could not find dataconnect.yaml in `/Users/autoknerd/Desktop/autodrive-dev/dataconnect`
E0314 07:52:19.226260     693 watch.go:116] watchAllDir unable to walk dir `/Users/autoknerd/Desktop/autodrive-dev/dataconnect`: lstat /Users/autoknerd/Desktop/autodrive-dev/dataconnect: no such file or directory
 {"metadata":{"emulator":{"name":"dataconnect"},"message":"E0314 07:52:19.226284     693 watch.go:40] Failed to load config from \"/Users/autoknerd/Desktop/autodrive-dev/dataconnect\": could not find dataconnect.yaml in `/Users/autoknerd/Desktop/autodrive-dev/dataconnect`\nE0314 07:52:19.226260     693 watch.go:116] watchAllDir unable to walk dir `/Users/autoknerd/Desktop/autodrive-dev/dataconnect`: lstat /Users/autoknerd/Desktop/autodrive-dev/dataconnect: no such file or directory\n"}}
[debug] [2026-03-14T11:52:29.227Z] E0314 07:52:29.226693     693 watch.go:40] Failed to load config from "/Users/autoknerd/Desktop/autodrive-dev/dataconnect": could not find dataconnect.yaml in `/Users/autoknerd/Desktop/autodrive-dev/dataconnect`
 {"metadata":{"emulator":{"name":"dataconnect"},"message":"E0314 07:52:29.226693     693 watch.go:40] Failed to load config from \"/Users/autoknerd/Desktop/autodrive-dev/dataconnect\": could not find dataconnect.yaml in `/Users/autoknerd/Desktop/autodrive-dev/dataconnect`\n"}}
[debug] [2026-03-14T11:52:39.227Z] E0314 07:52:39.227566     693 watch.go:40] Failed to load config from "/Users/autoknerd/Desktop/autodrive-dev/dataconnect": could not find dataconnect.yaml in `/Users/autoknerd/Desktop/autodrive-dev/dataconnect`
 {"metadata":{"emulator":{"name":"dataconnect"},"message":"E0314 07:52:39.227566     693 watch.go:40] Failed to load config from \"/Users/autoknerd/Desktop/autodrive-dev/dataconnect\": could not find dataconnect.yaml in `/Users/autoknerd/Desktop/autodrive-dev/dataconnect`\n"}}
[debug] [2026-03-14T11:52:49.227Z] E0314 07:52:49.226659     693 watch.go:40] Failed to load config from "/Users/autoknerd/Desktop/autodrive-dev/dataconnect": could not find dataconnect.yaml in `/Users/autoknerd/Desktop/autodrive-dev/dataconnect`
 {"metadata":{"emulator":{"name":"dataconnect"},"message":"E0314 07:52:49.226659     693 watch.go:40] Failed to load config from \"/Users/autoknerd/Desktop/autodrive-dev/dataconnect\": could not find dataconnect.yaml in `/Users/autoknerd/Desktop/autodrive-dev/dataconnect`\n"}}
[debug] [2026-03-14T11:52:59.227Z] E0314 07:52:59.227460     693 watch.go:40] Failed to load config from "/Users/autoknerd/Desktop/autodrive-dev/dataconnect": could not find dataconnect.yaml in `/Users/autoknerd/Desktop/autodrive-dev/dataconnect`
 {"metadata":{"emulator":{"name":"dataconnect"},"message":"E0314 07:52:59.227460     693 watch.go:40] Failed to load config from \"/Users/autoknerd/Desktop/autodrive-dev/dataconnect\": could not find dataconnect.yaml in `/Users/autoknerd/Desktop/autodrive-dev/dataconnect`\n"}}
[debug] [2026-03-14T11:53:09.227Z] E0314 07:53:09.227486     693 watch.go:40] Failed to load config from "/Users/autoknerd/Desktop/autodrive-dev/dataconnect": could not find dataconnect.yaml in `/Users/autoknerd/Desktop/autodrive-dev/dataconnect`
 {"metadata":{"emulator":{"name":"dataconnect"},"message":"E0314 07:53:09.227486     693 watch.go:40] Failed to load config from \"/Users/autoknerd/Desktop/autodrive-dev/dataconnect\": could not find dataconnect.yaml in `/Users/autoknerd/Desktop/autodrive-dev/dataconnect`\n"}}
[debug] [2026-03-14T11:53:19.226Z] E0314 07:53:19.226491     693 watch.go:116] watchAllDir unable to walk dir `/Users/autoknerd/Desktop/autodrive-dev/dataconnect`: lstat /Users/autoknerd/Desktop/autodrive-dev/dataconnect: no such file or directory
E0314 07:53:19.226518     693 watch.go:40] Failed to load config from "/Users/autoknerd/Desktop/autodrive-dev/dataconnect": could not find dataconnect.yaml in `/Users/autoknerd/Desktop/autodrive-dev/dataconnect`
 {"metadata":{"emulator":{"name":"dataconnect"},"message":"E0314 07:53:19.226491     693 watch.go:116] watchAllDir unable to walk dir `/Users/autoknerd/Desktop/autodrive-dev/dataconnect`: lstat /Users/autoknerd/Desktop/autodrive-dev/dataconnect: no such file or directory\nE0314 07:53:19.226518     693 watch.go:40] Failed to load config from \"/Users/autoknerd/Desktop/autodrive-dev/dataconnect\": could not find dataconnect.yaml in `/Users/autoknerd/Desktop/autodrive-dev/dataconnect`\n"}}
[debug] [2026-03-14T11:53:29.228Z] E0314 07:53:29.227750     693 watch.go:40] Failed to load config from "/Users/autoknerd/Desktop/autodrive-dev/dataconnect": could not find dataconnect.yaml in `/Users/autoknerd/Desktop/autodrive-dev/dataconnect`
 {"metadata":{"emulator":{"name":"dataconnect"},"message":"E0314 07:53:29.227750     693 watch.go:40] Failed to load config from \"/Users/autoknerd/Desktop/autodrive-dev/dataconnect\": could not find dataconnect.yaml in `/Users/autoknerd/Desktop/autodrive-dev/dataconnect`\n"}}
[debug] [2026-03-14T11:53:39.227Z] E0314 07:53:39.227505     693 watch.go:40] Failed to load config from "/Users/autoknerd/Desktop/autodrive-dev/dataconnect": could not find dataconnect.yaml in `/Users/autoknerd/Desktop/autodrive-dev/dataconnect`
 {"metadata":{"emulator":{"name":"dataconnect"},"message":"E0314 07:53:39.227505     693 watch.go:40] Failed to load config from \"/Users/autoknerd/Desktop/autodrive-dev/dataconnect\": could not find dataconnect.yaml in `/Users/autoknerd/Desktop/autodrive-dev/dataconnect`\n"}}
[debug] [2026-03-14T11:53:49.226Z] E0314 07:53:49.226623     693 watch.go:40] Failed to load config from "/Users/autoknerd/Desktop/autodrive-dev/dataconnect": could not find dataconnect.yaml in `/Users/autoknerd/Desktop/autodrive-dev/dataconnect`
 {"metadata":{"emulator":{"name":"dataconnect"},"message":"E0314 07:53:49.226623     693 watch.go:40] Failed to load config from \"/Users/autoknerd/Desktop/autodrive-dev/dataconnect\": could not find dataconnect.yaml in `/Users/autoknerd/Desktop/autodrive-dev/dataconnect`\n"}}
[debug] [2026-03-14T11:53:59.227Z] E0314 07:53:59.227530     693 watch.go:40] Failed to load config from "/Users/autoknerd/Desktop/autodrive-dev/dataconnect": could not find dataconnect.yaml in `/Users/autoknerd/Desktop/autodrive-dev/dataconnect`
 {"metadata":{"emulator":{"name":"dataconnect"},"message":"E0314 07:53:59.227530     693 watch.go:40] Failed to load config from \"/Users/autoknerd/Desktop/autodrive-dev/dataconnect\": could not find dataconnect.yaml in `/Users/autoknerd/Desktop/autodrive-dev/dataconnect`\n"}}
[debug] [2026-03-14T11:54:09.227Z] E0314 07:54:09.227010     693 watch.go:40] Failed to load config from "/Users/autoknerd/Desktop/autodrive-dev/dataconnect": could not find dataconnect.yaml in `/Users/autoknerd/Desktop/autodrive-dev/dataconnect`
 {"metadata":{"emulator":{"name":"dataconnect"},"message":"E0314 07:54:09.227010     693 watch.go:40] Failed to load config from \"/Users/autoknerd/Desktop/autodrive-dev/dataconnect\": could not find dataconnect.yaml in `/Users/autoknerd/Desktop/autodrive-dev/dataconnect`\n"}}
[debug] [2026-03-14T11:54:19.227Z] E0314 07:54:19.226565     693 watch.go:40] Failed to load config from "/Users/autoknerd/Desktop/autodrive-dev/dataconnect": could not find dataconnect.yaml in `/Users/autoknerd/Desktop/autodrive-dev/dataconnect`
E0314 07:54:19.226575     693 watch.go:116] watchAllDir unable to walk dir `/Users/autoknerd/Desktop/autodrive-dev/dataconnect`: lstat /Users/autoknerd/Desktop/autodrive-dev/dataconnect: no such file or directory
 {"metadata":{"emulator":{"name":"dataconnect"},"message":"E0314 07:54:19.226565     693 watch.go:40] Failed to load config from \"/Users/autoknerd/Desktop/autodrive-dev/dataconnect\": could not find dataconnect.yaml in `/Users/autoknerd/Desktop/autodrive-dev/dataconnect`\nE0314 07:54:19.226575     693 watch.go:116] watchAllDir unable to walk dir `/Users/autoknerd/Desktop/autodrive-dev/dataconnect`: lstat /Users/autoknerd/Desktop/autodrive-dev/dataconnect: no such file or directory\n"}}
[debug] [2026-03-14T11:54:29.227Z] E0314 07:54:29.227633     693 watch.go:40] Failed to load config from "/Users/autoknerd/Desktop/autodrive-dev/dataconnect": could not find dataconnect.yaml in `/Users/autoknerd/Desktop/autodrive-dev/dataconnect`
 {"metadata":{"emulator":{"name":"dataconnect"},"message":"E0314 07:54:29.227633     693 watch.go:40] Failed to load config from \"/Users/autoknerd/Desktop/autodrive-dev/dataconnect\": could not find dataconnect.yaml in `/Users/autoknerd/Desktop/autodrive-dev/dataconnect`\n"}}
[debug] [2026-03-14T11:54:39.226Z] E0314 07:54:39.225837     693 watch.go:40] Failed to load config from "/Users/autoknerd/Desktop/autodrive-dev/dataconnect": could not find dataconnect.yaml in `/Users/autoknerd/Desktop/autodrive-dev/dataconnect`
 {"metadata":{"emulator":{"name":"dataconnect"},"message":"E0314 07:54:39.225837     693 watch.go:40] Failed to load config from \"/Users/autoknerd/Desktop/autodrive-dev/dataconnect\": could not find dataconnect.yaml in `/Users/autoknerd/Desktop/autodrive-dev/dataconnect`\n"}}
[debug] [2026-03-14T11:54:49.226Z] E0314 07:54:49.225886     693 watch.go:40] Failed to load config from "/Users/autoknerd/Desktop/autodrive-dev/dataconnect": could not find dataconnect.yaml in `/Users/autoknerd/Desktop/autodrive-dev/dataconnect`
 {"metadata":{"emulator":{"name":"dataconnect"},"message":"E0314 07:54:49.225886     693 watch.go:40] Failed to load config from \"/Users/autoknerd/Desktop/autodrive-dev/dataconnect\": could not find dataconnect.yaml in `/Users/autoknerd/Desktop/autodrive-dev/dataconnect`\n"}}
[debug] [2026-03-14T11:54:59.227Z] E0314 07:54:59.227679     693 watch.go:40] Failed to load config from "/Users/autoknerd/Desktop/autodrive-dev/dataconnect": could not find dataconnect.yaml in `/Users/autoknerd/Desktop/autodrive-dev/dataconnect`
 {"metadata":{"emulator":{"name":"dataconnect"},"message":"E0314 07:54:59.227679     693 watch.go:40] Failed to load config from \"/Users/autoknerd/Desktop/autodrive-dev/dataconnect\": could not find dataconnect.yaml in `/Users/autoknerd/Desktop/autodrive-dev/dataconnect`\n"}}
[debug] [2026-03-14T11:55:09.227Z] E0314 07:55:09.227226     693 watch.go:40] Failed to load config from "/Users/autoknerd/Desktop/autodrive-dev/dataconnect": could not find dataconnect.yaml in `/Users/autoknerd/Desktop/autodrive-dev/dataconnect`
 {"metadata":{"emulator":{"name":"dataconnect"},"message":"E0314 07:55:09.227226     693 watch.go:40] Failed to load config from \"/Users/autoknerd/Desktop/autodrive-dev/dataconnect\": could not find dataconnect.yaml in `/Users/autoknerd/Desktop/autodrive-dev/dataconnect`\n"}}
[debug] [2026-03-14T11:55:19.226Z] E0314 07:55:19.226665     693 watch.go:40] Failed to load config from "/Users/autoknerd/Desktop/autodrive-dev/dataconnect": could not find dataconnect.yaml in `/Users/autoknerd/Desktop/autodrive-dev/dataconnect`
E0314 07:55:19.226644     693 watch.go:116] watchAllDir unable to walk dir `/Users/autoknerd/Desktop/autodrive-dev/dataconnect`: lstat /Users/autoknerd/Desktop/autodrive-dev/dataconnect: no such file or directory
 {"metadata":{"emulator":{"name":"dataconnect"},"message":"E0314 07:55:19.226665     693 watch.go:40] Failed to load config from \"/Users/autoknerd/Desktop/autodrive-dev/dataconnect\": could not find dataconnect.yaml in `/Users/autoknerd/Desktop/autodrive-dev/dataconnect`\nE0314 07:55:19.226644     693 watch.go:116] watchAllDir unable to walk dir `/Users/autoknerd/Desktop/autodrive-dev/dataconnect`: lstat /Users/autoknerd/Desktop/autodrive-dev/dataconnect: no such file or directory\n"}}
[debug] [2026-03-14T11:55:29.228Z] E0314 07:55:29.227707     693 watch.go:40] Failed to load config from "/Users/autoknerd/Desktop/autodrive-dev/dataconnect": could not find dataconnect.yaml in `/Users/autoknerd/Desktop/autodrive-dev/dataconnect`
 {"metadata":{"emulator":{"name":"dataconnect"},"message":"E0314 07:55:29.227707     693 watch.go:40] Failed to load config from \"/Users/autoknerd/Desktop/autodrive-dev/dataconnect\": could not find dataconnect.yaml in `/Users/autoknerd/Desktop/autodrive-dev/dataconnect`\n"}}
[debug] [2026-03-14T11:55:39.228Z] E0314 07:55:39.227837     693 watch.go:40] Failed to load config from "/Users/autoknerd/Desktop/autodrive-dev/dataconnect": could not find dataconnect.yaml in `/Users/autoknerd/Desktop/autodrive-dev/dataconnect`
 {"metadata":{"emulator":{"name":"dataconnect"},"message":"E0314 07:55:39.227837     693 watch.go:40] Failed to load config from \"/Users/autoknerd/Desktop/autodrive-dev/dataconnect\": could not find dataconnect.yaml in `/Users/autoknerd/Desktop/autodrive-dev/dataconnect`\n"}}
[debug] [2026-03-14T11:55:49.226Z] E0314 07:55:49.226135     693 watch.go:40] Failed to load config from "/Users/autoknerd/Desktop/autodrive-dev/dataconnect": could not find dataconnect.yaml in `/Users/autoknerd/Desktop/autodrive-dev/dataconnect`
 {"metadata":{"emulator":{"name":"dataconnect"},"message":"E0314 07:55:49.226135     693 watch.go:40] Failed to load config from \"/Users/autoknerd/Desktop/autodrive-dev/dataconnect\": could not find dataconnect.yaml in `/Users/autoknerd/Desktop/autodrive-dev/dataconnect`\n"}}
[debug] [2026-03-14T11:55:59.228Z] E0314 07:55:59.227795     693 watch.go:40] Failed to load config from "/Users/autoknerd/Desktop/autodrive-dev/dataconnect": could not find dataconnect.yaml in `/Users/autoknerd/Desktop/autodrive-dev/dataconnect`
 {"metadata":{"emulator":{"name":"dataconnect"},"message":"E0314 07:55:59.227795     693 watch.go:40] Failed to load config from \"/Users/autoknerd/Desktop/autodrive-dev/dataconnect\": could not find dataconnect.yaml in `/Users/autoknerd/Desktop/autodrive-dev/dataconnect`\n"}}
[debug] [2026-03-14T11:56:09.227Z] E0314 07:56:09.227714     693 watch.go:40] Failed to load config from "/Users/autoknerd/Desktop/autodrive-dev/dataconnect": could not find dataconnect.yaml in `/Users/autoknerd/Desktop/autodrive-dev/dataconnect`
 {"metadata":{"emulator":{"name":"dataconnect"},"message":"E0314 07:56:09.227714     693 watch.go:40] Failed to load config from \"/Users/autoknerd/Desktop/autodrive-dev/dataconnect\": could not find dataconnect.yaml in `/Users/autoknerd/Desktop/autodrive-dev/dataconnect`\n"}}
[debug] [2026-03-14T11:56:19.227Z] E0314 07:56:19.226872     693 watch.go:40] Failed to load config from "/Users/autoknerd/Desktop/autodrive-dev/dataconnect": could not find dataconnect.yaml in `/Users/autoknerd/Desktop/autodrive-dev/dataconnect`
E0314 07:56:19.226834     693 watch.go:116] watchAllDir unable to walk dir `/Users/autoknerd/Desktop/autodrive-dev/dataconnect`: lstat /Users/autoknerd/Desktop/autodrive-dev/dataconnect: no such file or directory
 {"metadata":{"emulator":{"name":"dataconnect"},"message":"E0314 07:56:19.226872     693 watch.go:40] Failed to load config from \"/Users/autoknerd/Desktop/autodrive-dev/dataconnect\": could not find dataconnect.yaml in `/Users/autoknerd/Desktop/autodrive-dev/dataconnect`\nE0314 07:56:19.226834     693 watch.go:116] watchAllDir unable to walk dir `/Users/autoknerd/Desktop/autodrive-dev/dataconnect`: lstat /Users/autoknerd/Desktop/autodrive-dev/dataconnect: no such file or directory\n"}}
[debug] [2026-03-14T11:56:29.226Z] E0314 07:56:29.226513     693 watch.go:40] Failed to load config from "/Users/autoknerd/Desktop/autodrive-dev/dataconnect": could not find dataconnect.yaml in `/Users/autoknerd/Desktop/autodrive-dev/dataconnect`
 {"metadata":{"emulator":{"name":"dataconnect"},"message":"E0314 07:56:29.226513     693 watch.go:40] Failed to load config from \"/Users/autoknerd/Desktop/autodrive-dev/dataconnect\": could not find dataconnect.yaml in `/Users/autoknerd/Desktop/autodrive-dev/dataconnect`\n"}}
[debug] [2026-03-14T11:56:39.227Z] E0314 07:56:39.227137     693 watch.go:40] Failed to load config from "/Users/autoknerd/Desktop/autodrive-dev/dataconnect": could not find dataconnect.yaml in `/Users/autoknerd/Desktop/autodrive-dev/dataconnect`
 {"metadata":{"emulator":{"name":"dataconnect"},"message":"E0314 07:56:39.227137     693 watch.go:40] Failed to load config from \"/Users/autoknerd/Desktop/autodrive-dev/dataconnect\": could not find dataconnect.yaml in `/Users/autoknerd/Desktop/autodrive-dev/dataconnect`\n"}}
[debug] [2026-03-14T11:56:49.227Z] E0314 07:56:49.227107     693 watch.go:40] Failed to load config from "/Users/autoknerd/Desktop/autodrive-dev/dataconnect": could not find dataconnect.yaml in `/Users/autoknerd/Desktop/autodrive-dev/dataconnect`
 {"metadata":{"emulator":{"name":"dataconnect"},"message":"E0314 07:56:49.227107     693 watch.go:40] Failed to load config from \"/Users/autoknerd/Desktop/autodrive-dev/dataconnect\": could not find dataconnect.yaml in `/Users/autoknerd/Desktop/autodrive-dev/dataconnect`\n"}}
[debug] [2026-03-14T11:56:59.227Z] E0314 07:56:59.227763     693 watch.go:40] Failed to load config from "/Users/autoknerd/Desktop/autodrive-dev/dataconnect": could not find dataconnect.yaml in `/Users/autoknerd/Desktop/autodrive-dev/dataconnect`
 {"metadata":{"emulator":{"name":"dataconnect"},"message":"E0314 07:56:59.227763     693 watch.go:40] Failed to load config from \"/Users/autoknerd/Desktop/autodrive-dev/dataconnect\": could not find dataconnect.yaml in `/Users/autoknerd/Desktop/autodrive-dev/dataconnect`\n"}}
[debug] [2026-03-14T11:57:09.227Z] E0314 07:57:09.227003     693 watch.go:40] Failed to load config from "/Users/autoknerd/Desktop/autodrive-dev/dataconnect": could not find dataconnect.yaml in `/Users/autoknerd/Desktop/autodrive-dev/dataconnect`
 {"metadata":{"emulator":{"name":"dataconnect"},"message":"E0314 07:57:09.227003     693 watch.go:40] Failed to load config from \"/Users/autoknerd/Desktop/autodrive-dev/dataconnect\": could not find dataconnect.yaml in `/Users/autoknerd/Desktop/autodrive-dev/dataconnect`\n"}}
[debug] [2026-03-14T11:57:19.227Z] E0314 07:57:19.226949     693 watch.go:40] Failed to load config from "/Users/autoknerd/Desktop/autodrive-dev/dataconnect": could not find dataconnect.yaml in `/Users/autoknerd/Desktop/autodrive-dev/dataconnect`
E0314 07:57:19.226923     693 watch.go:116] watchAllDir unable to walk dir `/Users/autoknerd/Desktop/autodrive-dev/dataconnect`: lstat /Users/autoknerd/Desktop/autodrive-dev/dataconnect: no such file or directory
 {"metadata":{"emulator":{"name":"dataconnect"},"message":"E0314 07:57:19.226949     693 watch.go:40] Failed to load config from \"/Users/autoknerd/Desktop/autodrive-dev/dataconnect\": could not find dataconnect.yaml in `/Users/autoknerd/Desktop/autodrive-dev/dataconnect`\nE0314 07:57:19.226923     693 watch.go:116] watchAllDir unable to walk dir `/Users/autoknerd/Desktop/autodrive-dev/dataconnect`: lstat /Users/autoknerd/Desktop/autodrive-dev/dataconnect: no such file or directory\n"}}
[debug] [2026-03-14T11:57:29.226Z] E0314 07:57:29.225891     693 watch.go:40] Failed to load config from "/Users/autoknerd/Desktop/autodrive-dev/dataconnect": could not find dataconnect.yaml in `/Users/autoknerd/Desktop/autodrive-dev/dataconnect`
 {"metadata":{"emulator":{"name":"dataconnect"},"message":"E0314 07:57:29.225891     693 watch.go:40] Failed to load config from \"/Users/autoknerd/Desktop/autodrive-dev/dataconnect\": could not find dataconnect.yaml in `/Users/autoknerd/Desktop/autodrive-dev/dataconnect`\n"}}
[debug] [2026-03-14T11:57:39.227Z] E0314 07:57:39.227175     693 watch.go:40] Failed to load config from "/Users/autoknerd/Desktop/autodrive-dev/dataconnect": could not find dataconnect.yaml in `/Users/autoknerd/Desktop/autodrive-dev/dataconnect`
 {"metadata":{"emulator":{"name":"dataconnect"},"message":"E0314 07:57:39.227175     693 watch.go:40] Failed to load config from \"/Users/autoknerd/Desktop/autodrive-dev/dataconnect\": could not find dataconnect.yaml in `/Users/autoknerd/Desktop/autodrive-dev/dataconnect`\n"}}
[debug] [2026-03-14T11:57:49.226Z] E0314 07:57:49.225869     693 watch.go:40] Failed to load config from "/Users/autoknerd/Desktop/autodrive-dev/dataconnect": could not find dataconnect.yaml in `/Users/autoknerd/Desktop/autodrive-dev/dataconnect`
 {"metadata":{"emulator":{"name":"dataconnect"},"message":"E0314 07:57:49.225869     693 watch.go:40] Failed to load config from \"/Users/autoknerd/Desktop/autodrive-dev/dataconnect\": could not find dataconnect.yaml in `/Users/autoknerd/Desktop/autodrive-dev/dataconnect`\n"}}
[debug] [2026-03-14T11:57:59.228Z] E0314 07:57:59.227913     693 watch.go:40] Failed to load config from "/Users/autoknerd/Desktop/autodrive-dev/dataconnect": could not find dataconnect.yaml in `/Users/autoknerd/Desktop/autodrive-dev/dataconnect`
 {"metadata":{"emulator":{"name":"dataconnect"},"message":"E0314 07:57:59.227913     693 watch.go:40] Failed to load config from \"/Users/autoknerd/Desktop/autodrive-dev/dataconnect\": could not find dataconnect.yaml in `/Users/autoknerd/Desktop/autodrive-dev/dataconnect`\n"}}
[debug] [2026-03-14T11:58:09.226Z] E0314 07:58:09.225955     693 watch.go:40] Failed to load config from "/Users/autoknerd/Desktop/autodrive-dev/dataconnect": could not find dataconnect.yaml in `/Users/autoknerd/Desktop/autodrive-dev/dataconnect`
 {"metadata":{"emulator":{"name":"dataconnect"},"message":"E0314 07:58:09.225955     693 watch.go:40] Failed to load config from \"/Users/autoknerd/Desktop/autodrive-dev/dataconnect\": could not find dataconnect.yaml in `/Users/autoknerd/Desktop/autodrive-dev/dataconnect`\n"}}
[debug] [2026-03-14T11:58:19.226Z] E0314 07:58:19.225962     693 watch.go:40] Failed to load config from "/Users/autoknerd/Desktop/autodrive-dev/dataconnect": could not find dataconnect.yaml in `/Users/autoknerd/Desktop/autodrive-dev/dataconnect`
E0314 07:58:19.225946     693 watch.go:116] watchAllDir unable to walk dir `/Users/autoknerd/Desktop/autodrive-dev/dataconnect`: lstat /Users/autoknerd/Desktop/autodrive-dev/dataconnect: no such file or directory
 {"metadata":{"emulator":{"name":"dataconnect"},"message":"E0314 07:58:19.225962     693 watch.go:40] Failed to load config from \"/Users/autoknerd/Desktop/autodrive-dev/dataconnect\": could not find dataconnect.yaml in `/Users/autoknerd/Desktop/autodrive-dev/dataconnect`\nE0314 07:58:19.225946     693 watch.go:116] watchAllDir unable to walk dir `/Users/autoknerd/Desktop/autodrive-dev/dataconnect`: lstat /Users/autoknerd/Desktop/autodrive-dev/dataconnect: no such file or directory\n"}}
[debug] [2026-03-14T11:58:29.226Z] E0314 07:58:29.226415     693 watch.go:40] Failed to load config from "/Users/autoknerd/Desktop/autodrive-dev/dataconnect": could not find dataconnect.yaml in `/Users/autoknerd/Desktop/autodrive-dev/dataconnect`
 {"metadata":{"emulator":{"name":"dataconnect"},"message":"E0314 07:58:29.226415     693 watch.go:40] Failed to load config from \"/Users/autoknerd/Desktop/autodrive-dev/dataconnect\": could not find dataconnect.yaml in `/Users/autoknerd/Desktop/autodrive-dev/dataconnect`\n"}}
[debug] [2026-03-14T11:58:39.227Z] E0314 07:58:39.227081     693 watch.go:40] Failed to load config from "/Users/autoknerd/Desktop/autodrive-dev/dataconnect": could not find dataconnect.yaml in `/Users/autoknerd/Desktop/autodrive-dev/dataconnect`
 {"metadata":{"emulator":{"name":"dataconnect"},"message":"E0314 07:58:39.227081     693 watch.go:40] Failed to load config from \"/Users/autoknerd/Desktop/autodrive-dev/dataconnect\": could not find dataconnect.yaml in `/Users/autoknerd/Desktop/autodrive-dev/dataconnect`\n"}}
[debug] [2026-03-14T11:58:49.227Z] E0314 07:58:49.227349     693 watch.go:40] Failed to load config from "/Users/autoknerd/Desktop/autodrive-dev/dataconnect": could not find dataconnect.yaml in `/Users/autoknerd/Desktop/autodrive-dev/dataconnect`
 {"metadata":{"emulator":{"name":"dataconnect"},"message":"E0314 07:58:49.227349     693 watch.go:40] Failed to load config from \"/Users/autoknerd/Desktop/autodrive-dev/dataconnect\": could not find dataconnect.yaml in `/Users/autoknerd/Desktop/autodrive-dev/dataconnect`\n"}}
[debug] [2026-03-14T11:58:59.226Z] E0314 07:58:59.226550     693 watch.go:40] Failed to load config from "/Users/autoknerd/Desktop/autodrive-dev/dataconnect": could not find dataconnect.yaml in `/Users/autoknerd/Desktop/autodrive-dev/dataconnect`
 {"metadata":{"emulator":{"name":"dataconnect"},"message":"E0314 07:58:59.226550     693 watch.go:40] Failed to load config from \"/Users/autoknerd/Desktop/autodrive-dev/dataconnect\": could not find dataconnect.yaml in `/Users/autoknerd/Desktop/autodrive-dev/dataconnect`\n"}}
[debug] [2026-03-14T11:59:09.227Z] E0314 07:59:09.227098     693 watch.go:40] Failed to load config from "/Users/autoknerd/Desktop/autodrive-dev/dataconnect": could not find dataconnect.yaml in `/Users/autoknerd/Desktop/autodrive-dev/dataconnect`
 {"metadata":{"emulator":{"name":"dataconnect"},"message":"E0314 07:59:09.227098     693 watch.go:40] Failed to load config from \"/Users/autoknerd/Desktop/autodrive-dev/dataconnect\": could not find dataconnect.yaml in `/Users/autoknerd/Desktop/autodrive-dev/dataconnect`\n"}}
[debug] [2026-03-14T11:59:19.227Z] E0314 07:59:19.227145     693 watch.go:40] Failed to load config from "/Users/autoknerd/Desktop/autodrive-dev/dataconnect": could not find dataconnect.yaml in `/Users/autoknerd/Desktop/autodrive-dev/dataconnect`
E0314 07:59:19.227104     693 watch.go:116] watchAllDir unable to walk dir `/Users/autoknerd/Desktop/autodrive-dev/dataconnect`: lstat /Users/autoknerd/Desktop/autodrive-dev/dataconnect: no such file or directory
 {"metadata":{"emulator":{"name":"dataconnect"},"message":"E0314 07:59:19.227145     693 watch.go:40] Failed to load config from \"/Users/autoknerd/Desktop/autodrive-dev/dataconnect\": could not find dataconnect.yaml in `/Users/autoknerd/Desktop/autodrive-dev/dataconnect`\nE0314 07:59:19.227104     693 watch.go:116] watchAllDir unable to walk dir `/Users/autoknerd/Desktop/autodrive-dev/dataconnect`: lstat /Users/autoknerd/Desktop/autodrive-dev/dataconnect: no such file or directory\n"}}
[debug] [2026-03-14T11:59:29.228Z] E0314 07:59:29.228201     693 watch.go:40] Failed to load config from "/Users/autoknerd/Desktop/autodrive-dev/dataconnect": could not find dataconnect.yaml in `/Users/autoknerd/Desktop/autodrive-dev/dataconnect`
 {"metadata":{"emulator":{"name":"dataconnect"},"message":"E0314 07:59:29.228201     693 watch.go:40] Failed to load config from \"/Users/autoknerd/Desktop/autodrive-dev/dataconnect\": could not find dataconnect.yaml in `/Users/autoknerd/Desktop/autodrive-dev/dataconnect`\n"}}
[debug] [2026-03-14T11:59:39.227Z] E0314 07:59:39.227454     693 watch.go:40] Failed to load config from "/Users/autoknerd/Desktop/autodrive-dev/dataconnect": could not find dataconnect.yaml in `/Users/autoknerd/Desktop/autodrive-dev/dataconnect`
 {"metadata":{"emulator":{"name":"dataconnect"},"message":"E0314 07:59:39.227454     693 watch.go:40] Failed to load config from \"/Users/autoknerd/Desktop/autodrive-dev/dataconnect\": could not find dataconnect.yaml in `/Users/autoknerd/Desktop/autodrive-dev/dataconnect`\n"}}
[debug] [2026-03-14T11:59:49.227Z] E0314 07:59:49.227511     693 watch.go:40] Failed to load config from "/Users/autoknerd/Desktop/autodrive-dev/dataconnect": could not find dataconnect.yaml in `/Users/autoknerd/Desktop/autodrive-dev/dataconnect`
 {"metadata":{"emulator":{"name":"dataconnect"},"message":"E0314 07:59:49.227511     693 watch.go:40] Failed to load config from \"/Users/autoknerd/Desktop/autodrive-dev/dataconnect\": could not find dataconnect.yaml in `/Users/autoknerd/Desktop/autodrive-dev/dataconnect`\n"}}
[debug] [2026-03-14T11:59:59.227Z] E0314 07:59:59.227198     693 watch.go:40] Failed to load config from "/Users/autoknerd/Desktop/autodrive-dev/dataconnect": could not find dataconnect.yaml in `/Users/autoknerd/Desktop/autodrive-dev/dataconnect`
 {"metadata":{"emulator":{"name":"dataconnect"},"message":"E0314 07:59:59.227198     693 watch.go:40] Failed to load config from \"/Users/autoknerd/Desktop/autodrive-dev/dataconnect\": could not find dataconnect.yaml in `/Users/autoknerd/Desktop/autodrive-dev/dataconnect`\n"}}
[debug] [2026-03-14T12:00:09.226Z] E0314 08:00:09.226449     693 watch.go:40] Failed to load config from "/Users/autoknerd/Desktop/autodrive-dev/dataconnect": could not find dataconnect.yaml in `/Users/autoknerd/Desktop/autodrive-dev/dataconnect`
 {"metadata":{"emulator":{"name":"dataconnect"},"message":"E0314 08:00:09.226449     693 watch.go:40] Failed to load config from \"/Users/autoknerd/Desktop/autodrive-dev/dataconnect\": could not find dataconnect.yaml in `/Users/autoknerd/Desktop/autodrive-dev/dataconnect`\n"}}
[debug] [2026-03-14T12:00:19.227Z] E0314 08:00:19.227305     693 watch.go:40] Failed to load config from "/Users/autoknerd/Desktop/autodrive-dev/dataconnect": could not find dataconnect.yaml in `/Users/autoknerd/Desktop/autodrive-dev/dataconnect`
E0314 08:00:19.227290     693 watch.go:116] watchAllDir unable to walk dir `/Users/autoknerd/Desktop/autodrive-dev/dataconnect`: lstat /Users/autoknerd/Desktop/autodrive-dev/dataconnect: no such file or directory
 {"metadata":{"emulator":{"name":"dataconnect"},"message":"E0314 08:00:19.227305     693 watch.go:40] Failed to load config from \"/Users/autoknerd/Desktop/autodrive-dev/dataconnect\": could not find dataconnect.yaml in `/Users/autoknerd/Desktop/autodrive-dev/dataconnect`\nE0314 08:00:19.227290     693 watch.go:116] watchAllDir unable to walk dir `/Users/autoknerd/Desktop/autodrive-dev/dataconnect`: lstat /Users/autoknerd/Desktop/autodrive-dev/dataconnect: no such file or directory\n"}}
[debug] [2026-03-14T12:00:29.228Z] E0314 08:00:29.228217     693 watch.go:40] Failed to load config from "/Users/autoknerd/Desktop/autodrive-dev/dataconnect": could not find dataconnect.yaml in `/Users/autoknerd/Desktop/autodrive-dev/dataconnect`
 {"metadata":{"emulator":{"name":"dataconnect"},"message":"E0314 08:00:29.228217     693 watch.go:40] Failed to load config from \"/Users/autoknerd/Desktop/autodrive-dev/dataconnect\": could not find dataconnect.yaml in `/Users/autoknerd/Desktop/autodrive-dev/dataconnect`\n"}}
[debug] [2026-03-14T12:00:39.228Z] E0314 08:00:39.228297     693 watch.go:40] Failed to load config from "/Users/autoknerd/Desktop/autodrive-dev/dataconnect": could not find dataconnect.yaml in `/Users/autoknerd/Desktop/autodrive-dev/dataconnect`
 {"metadata":{"emulator":{"name":"dataconnect"},"message":"E0314 08:00:39.228297     693 watch.go:40] Failed to load config from \"/Users/autoknerd/Desktop/autodrive-dev/dataconnect\": could not find dataconnect.yaml in `/Users/autoknerd/Desktop/autodrive-dev/dataconnect`\n"}}
[debug] [2026-03-14T12:00:49.227Z] E0314 08:00:49.227616     693 watch.go:40] Failed to load config from "/Users/autoknerd/Desktop/autodrive-dev/dataconnect": could not find dataconnect.yaml in `/Users/autoknerd/Desktop/autodrive-dev/dataconnect`
 {"metadata":{"emulator":{"name":"dataconnect"},"message":"E0314 08:00:49.227616     693 watch.go:40] Failed to load config from \"/Users/autoknerd/Desktop/autodrive-dev/dataconnect\": could not find dataconnect.yaml in `/Users/autoknerd/Desktop/autodrive-dev/dataconnect`\n"}}
[debug] [2026-03-14T12:00:59.227Z] E0314 08:00:59.227091     693 watch.go:40] Failed to load config from "/Users/autoknerd/Desktop/autodrive-dev/dataconnect": could not find dataconnect.yaml in `/Users/autoknerd/Desktop/autodrive-dev/dataconnect`
 {"metadata":{"emulator":{"name":"dataconnect"},"message":"E0314 08:00:59.227091     693 watch.go:40] Failed to load config from \"/Users/autoknerd/Desktop/autodrive-dev/dataconnect\": could not find dataconnect.yaml in `/Users/autoknerd/Desktop/autodrive-dev/dataconnect`\n"}}
[debug] [2026-03-14T12:01:09.228Z] E0314 08:01:09.228315     693 watch.go:40] Failed to load config from "/Users/autoknerd/Desktop/autodrive-dev/dataconnect": could not find dataconnect.yaml in `/Users/autoknerd/Desktop/autodrive-dev/dataconnect`
 {"metadata":{"emulator":{"name":"dataconnect"},"message":"E0314 08:01:09.228315     693 watch.go:40] Failed to load config from \"/Users/autoknerd/Desktop/autodrive-dev/dataconnect\": could not find dataconnect.yaml in `/Users/autoknerd/Desktop/autodrive-dev/dataconnect`\n"}}
[debug] [2026-03-14T12:01:19.227Z] E0314 08:01:19.227366     693 watch.go:116] watchAllDir unable to walk dir `/Users/autoknerd/Desktop/autodrive-dev/dataconnect`: lstat /Users/autoknerd/Desktop/autodrive-dev/dataconnect: no such file or directory
E0314 08:01:19.227394     693 watch.go:40] Failed to load config from "/Users/autoknerd/Desktop/autodrive-dev/dataconnect": could not find dataconnect.yaml in `/Users/autoknerd/Desktop/autodrive-dev/dataconnect`
 {"metadata":{"emulator":{"name":"dataconnect"},"message":"E0314 08:01:19.227366     693 watch.go:116] watchAllDir unable to walk dir `/Users/autoknerd/Desktop/autodrive-dev/dataconnect`: lstat /Users/autoknerd/Desktop/autodrive-dev/dataconnect: no such file or directory\nE0314 08:01:19.227394     693 watch.go:40] Failed to load config from \"/Users/autoknerd/Desktop/autodrive-dev/dataconnect\": could not find dataconnect.yaml in `/Users/autoknerd/Desktop/autodrive-dev/dataconnect`\n"}}
[debug] [2026-03-14T12:01:29.227Z] E0314 08:01:29.227559     693 watch.go:40] Failed to load config from "/Users/autoknerd/Desktop/autodrive-dev/dataconnect": could not find dataconnect.yaml in `/Users/autoknerd/Desktop/autodrive-dev/dataconnect`
 {"metadata":{"emulator":{"name":"dataconnect"},"message":"E0314 08:01:29.227559     693 watch.go:40] Failed to load config from \"/Users/autoknerd/Desktop/autodrive-dev/dataconnect\": could not find dataconnect.yaml in `/Users/autoknerd/Desktop/autodrive-dev/dataconnect`\n"}}
[debug] [2026-03-14T12:01:39.228Z] E0314 08:01:39.228338     693 watch.go:40] Failed to load config from "/Users/autoknerd/Desktop/autodrive-dev/dataconnect": could not find dataconnect.yaml in `/Users/autoknerd/Desktop/autodrive-dev/dataconnect`
 {"metadata":{"emulator":{"name":"dataconnect"},"message":"E0314 08:01:39.228338     693 watch.go:40] Failed to load config from \"/Users/autoknerd/Desktop/autodrive-dev/dataconnect\": could not find dataconnect.yaml in `/Users/autoknerd/Desktop/autodrive-dev/dataconnect`\n"}}
[debug] [2026-03-14T12:01:49.227Z] E0314 08:01:49.227548     693 watch.go:40] Failed to load config from "/Users/autoknerd/Desktop/autodrive-dev/dataconnect": could not find dataconnect.yaml in `/Users/autoknerd/Desktop/autodrive-dev/dataconnect`
 {"metadata":{"emulator":{"name":"dataconnect"},"message":"E0314 08:01:49.227548     693 watch.go:40] Failed to load config from \"/Users/autoknerd/Desktop/autodrive-dev/dataconnect\": could not find dataconnect.yaml in `/Users/autoknerd/Desktop/autodrive-dev/dataconnect`\n"}}
[debug] [2026-03-14T12:01:59.228Z] E0314 08:01:59.227787     693 watch.go:40] Failed to load config from "/Users/autoknerd/Desktop/autodrive-dev/dataconnect": could not find dataconnect.yaml in `/Users/autoknerd/Desktop/autodrive-dev/dataconnect`
 {"metadata":{"emulator":{"name":"dataconnect"},"message":"E0314 08:01:59.227787     693 watch.go:40] Failed to load config from \"/Users/autoknerd/Desktop/autodrive-dev/dataconnect\": could not find dataconnect.yaml in `/Users/autoknerd/Desktop/autodrive-dev/dataconnect`\n"}}
[debug] [2026-03-14T12:02:09.228Z] E0314 08:02:09.228343     693 watch.go:40] Failed to load config from "/Users/autoknerd/Desktop/autodrive-dev/dataconnect": could not find dataconnect.yaml in `/Users/autoknerd/Desktop/autodrive-dev/dataconnect`
 {"metadata":{"emulator":{"name":"dataconnect"},"message":"E0314 08:02:09.228343     693 watch.go:40] Failed to load config from \"/Users/autoknerd/Desktop/autodrive-dev/dataconnect\": could not find dataconnect.yaml in `/Users/autoknerd/Desktop/autodrive-dev/dataconnect`\n"}}
[debug] [2026-03-14T12:02:19.227Z] E0314 08:02:19.227663     693 watch.go:40] Failed to load config from "/Users/autoknerd/Desktop/autodrive-dev/dataconnect": could not find dataconnect.yaml in `/Users/autoknerd/Desktop/autodrive-dev/dataconnect`
E0314 08:02:19.227637     693 watch.go:116] watchAllDir unable to walk dir `/Users/autoknerd/Desktop/autodrive-dev/dataconnect`: lstat /Users/autoknerd/Desktop/autodrive-dev/dataconnect: no such file or directory
 {"metadata":{"emulator":{"name":"dataconnect"},"message":"E0314 08:02:19.227663     693 watch.go:40] Failed to load config from \"/Users/autoknerd/Desktop/autodrive-dev/dataconnect\": could not find dataconnect.yaml in `/Users/autoknerd/Desktop/autodrive-dev/dataconnect`\nE0314 08:02:19.227637     693 watch.go:116] watchAllDir unable to walk dir `/Users/autoknerd/Desktop/autodrive-dev/dataconnect`: lstat /Users/autoknerd/Desktop/autodrive-dev/dataconnect: no such file or directory\n"}}
[debug] [2026-03-14T12:02:29.228Z] E0314 08:02:29.227936     693 watch.go:40] Failed to load config from "/Users/autoknerd/Desktop/autodrive-dev/dataconnect": could not find dataconnect.yaml in `/Users/autoknerd/Desktop/autodrive-dev/dataconnect`
 {"metadata":{"emulator":{"name":"dataconnect"},"message":"E0314 08:02:29.227936     693 watch.go:40] Failed to load config from \"/Users/autoknerd/Desktop/autodrive-dev/dataconnect\": could not find dataconnect.yaml in `/Users/autoknerd/Desktop/autodrive-dev/dataconnect`\n"}}
[debug] [2026-03-14T12:02:39.227Z] E0314 08:02:39.227610     693 watch.go:40] Failed to load config from "/Users/autoknerd/Desktop/autodrive-dev/dataconnect": could not find dataconnect.yaml in `/Users/autoknerd/Desktop/autodrive-dev/dataconnect`
 {"metadata":{"emulator":{"name":"dataconnect"},"message":"E0314 08:02:39.227610     693 watch.go:40] Failed to load config from \"/Users/autoknerd/Desktop/autodrive-dev/dataconnect\": could not find dataconnect.yaml in `/Users/autoknerd/Desktop/autodrive-dev/dataconnect`\n"}}
[debug] [2026-03-14T12:02:49.228Z] E0314 08:02:49.227689     693 watch.go:40] Failed to load config from "/Users/autoknerd/Desktop/autodrive-dev/dataconnect": could not find dataconnect.yaml in `/Users/autoknerd/Desktop/autodrive-dev/dataconnect`
 {"metadata":{"emulator":{"name":"dataconnect"},"message":"E0314 08:02:49.227689     693 watch.go:40] Failed to load config from \"/Users/autoknerd/Desktop/autodrive-dev/dataconnect\": could not find dataconnect.yaml in `/Users/autoknerd/Desktop/autodrive-dev/dataconnect`\n"}}
[debug] [2026-03-14T12:02:59.228Z] E0314 08:02:59.228452     693 watch.go:40] Failed to load config from "/Users/autoknerd/Desktop/autodrive-dev/dataconnect": could not find dataconnect.yaml in `/Users/autoknerd/Desktop/autodrive-dev/dataconnect`
 {"metadata":{"emulator":{"name":"dataconnect"},"message":"E0314 08:02:59.228452     693 watch.go:40] Failed to load config from \"/Users/autoknerd/Desktop/autodrive-dev/dataconnect\": could not find dataconnect.yaml in `/Users/autoknerd/Desktop/autodrive-dev/dataconnect`\n"}}
[debug] [2026-03-14T12:03:09.227Z] E0314 08:03:09.226850     693 watch.go:40] Failed to load config from "/Users/autoknerd/Desktop/autodrive-dev/dataconnect": could not find dataconnect.yaml in `/Users/autoknerd/Desktop/autodrive-dev/dataconnect`
 {"metadata":{"emulator":{"name":"dataconnect"},"message":"E0314 08:03:09.226850     693 watch.go:40] Failed to load config from \"/Users/autoknerd/Desktop/autodrive-dev/dataconnect\": could not find dataconnect.yaml in `/Users/autoknerd/Desktop/autodrive-dev/dataconnect`\n"}}
[debug] [2026-03-14T12:03:19.227Z] E0314 08:03:19.227769     693 watch.go:116] watchAllDir unable to walk dir `/Users/autoknerd/Desktop/autodrive-dev/dataconnect`: lstat /Users/autoknerd/Desktop/autodrive-dev/dataconnect: no such file or directory
E0314 08:03:19.227822     693 watch.go:40] Failed to load config from "/Users/autoknerd/Desktop/autodrive-dev/dataconnect": could not find dataconnect.yaml in `/Users/autoknerd/Desktop/autodrive-dev/dataconnect`
 {"metadata":{"emulator":{"name":"dataconnect"},"message":"E0314 08:03:19.227769     693 watch.go:116] watchAllDir unable to walk dir `/Users/autoknerd/Desktop/autodrive-dev/dataconnect`: lstat /Users/autoknerd/Desktop/autodrive-dev/dataconnect: no such file or directory\nE0314 08:03:19.227822     693 watch.go:40] Failed to load config from \"/Users/autoknerd/Desktop/autodrive-dev/dataconnect\": could not find dataconnect.yaml in `/Users/autoknerd/Desktop/autodrive-dev/dataconnect`\n"}}
[debug] [2026-03-14T12:03:29.228Z] E0314 08:03:29.227788     693 watch.go:40] Failed to load config from "/Users/autoknerd/Desktop/autodrive-dev/dataconnect": could not find dataconnect.yaml in `/Users/autoknerd/Desktop/autodrive-dev/dataconnect`
 {"metadata":{"emulator":{"name":"dataconnect"},"message":"E0314 08:03:29.227788     693 watch.go:40] Failed to load config from \"/Users/autoknerd/Desktop/autodrive-dev/dataconnect\": could not find dataconnect.yaml in `/Users/autoknerd/Desktop/autodrive-dev/dataconnect`\n"}}
[debug] [2026-03-14T12:03:39.227Z] E0314 08:03:39.227369     693 watch.go:40] Failed to load config from "/Users/autoknerd/Desktop/autodrive-dev/dataconnect": could not find dataconnect.yaml in `/Users/autoknerd/Desktop/autodrive-dev/dataconnect`
 {"metadata":{"emulator":{"name":"dataconnect"},"message":"E0314 08:03:39.227369     693 watch.go:40] Failed to load config from \"/Users/autoknerd/Desktop/autodrive-dev/dataconnect\": could not find dataconnect.yaml in `/Users/autoknerd/Desktop/autodrive-dev/dataconnect`\n"}}
[debug] [2026-03-14T12:03:49.227Z] E0314 08:03:49.227677     693 watch.go:40] Failed to load config from "/Users/autoknerd/Desktop/autodrive-dev/dataconnect": could not find dataconnect.yaml in `/Users/autoknerd/Desktop/autodrive-dev/dataconnect`
 {"metadata":{"emulator":{"name":"dataconnect"},"message":"E0314 08:03:49.227677     693 watch.go:40] Failed to load config from \"/Users/autoknerd/Desktop/autodrive-dev/dataconnect\": could not find dataconnect.yaml in `/Users/autoknerd/Desktop/autodrive-dev/dataconnect`\n"}}
[debug] [2026-03-14T12:03:59.228Z] E0314 08:03:59.228544     693 watch.go:40] Failed to load config from "/Users/autoknerd/Desktop/autodrive-dev/dataconnect": could not find dataconnect.yaml in `/Users/autoknerd/Desktop/autodrive-dev/dataconnect`
 {"metadata":{"emulator":{"name":"dataconnect"},"message":"E0314 08:03:59.228544     693 watch.go:40] Failed to load config from \"/Users/autoknerd/Desktop/autodrive-dev/dataconnect\": could not find dataconnect.yaml in `/Users/autoknerd/Desktop/autodrive-dev/dataconnect`\n"}}
[debug] [2026-03-14T12:04:09.229Z] E0314 08:04:09.229157     693 watch.go:40] Failed to load config from "/Users/autoknerd/Desktop/autodrive-dev/dataconnect": could not find dataconnect.yaml in `/Users/autoknerd/Desktop/autodrive-dev/dataconnect`
 {"metadata":{"emulator":{"name":"dataconnect"},"message":"E0314 08:04:09.229157     693 watch.go:40] Failed to load config from \"/Users/autoknerd/Desktop/autodrive-dev/dataconnect\": could not find dataconnect.yaml in `/Users/autoknerd/Desktop/autodrive-dev/dataconnect`\n"}}
[debug] [2026-03-14T12:04:19.227Z] E0314 08:04:19.227352     693 watch.go:116] watchAllDir unable to walk dir `/Users/autoknerd/Desktop/autodrive-dev/dataconnect`: lstat /Users/autoknerd/Desktop/autodrive-dev/dataconnect: no such file or directory
E0314 08:04:19.227409     693 watch.go:40] Failed to load config from "/Users/autoknerd/Desktop/autodrive-dev/dataconnect": could not find dataconnect.yaml in `/Users/autoknerd/Desktop/autodrive-dev/dataconnect`
 {"metadata":{"emulator":{"name":"dataconnect"},"message":"E0314 08:04:19.227352     693 watch.go:116] watchAllDir unable to walk dir `/Users/autoknerd/Desktop/autodrive-dev/dataconnect`: lstat /Users/autoknerd/Desktop/autodrive-dev/dataconnect: no such file or directory\nE0314 08:04:19.227409     693 watch.go:40] Failed to load config from \"/Users/autoknerd/Desktop/autodrive-dev/dataconnect\": could not find dataconnect.yaml in `/Users/autoknerd/Desktop/autodrive-dev/dataconnect`\n"}}
[debug] [2026-03-14T12:04:29.227Z] E0314 08:04:29.226861     693 watch.go:40] Failed to load config from "/Users/autoknerd/Desktop/autodrive-dev/dataconnect": could not find dataconnect.yaml in `/Users/autoknerd/Desktop/autodrive-dev/dataconnect`
 {"metadata":{"emulator":{"name":"dataconnect"},"message":"E0314 08:04:29.226861     693 watch.go:40] Failed to load config from \"/Users/autoknerd/Desktop/autodrive-dev/dataconnect\": could not find dataconnect.yaml in `/Users/autoknerd/Desktop/autodrive-dev/dataconnect`\n"}}
[debug] [2026-03-14T12:04:39.228Z] E0314 08:04:39.228618     693 watch.go:40] Failed to load config from "/Users/autoknerd/Desktop/autodrive-dev/dataconnect": could not find dataconnect.yaml in `/Users/autoknerd/Desktop/autodrive-dev/dataconnect`
 {"metadata":{"emulator":{"name":"dataconnect"},"message":"E0314 08:04:39.228618     693 watch.go:40] Failed to load config from \"/Users/autoknerd/Desktop/autodrive-dev/dataconnect\": could not find dataconnect.yaml in `/Users/autoknerd/Desktop/autodrive-dev/dataconnect`\n"}}
[debug] [2026-03-14T12:04:49.226Z] E0314 08:04:49.226738     693 watch.go:40] Failed to load config from "/Users/autoknerd/Desktop/autodrive-dev/dataconnect": could not find dataconnect.yaml in `/Users/autoknerd/Desktop/autodrive-dev/dataconnect`
 {"metadata":{"emulator":{"name":"dataconnect"},"message":"E0314 08:04:49.226738     693 watch.go:40] Failed to load config from \"/Users/autoknerd/Desktop/autodrive-dev/dataconnect\": could not find dataconnect.yaml in `/Users/autoknerd/Desktop/autodrive-dev/dataconnect`\n"}}
[debug] [2026-03-14T12:04:59.227Z] E0314 08:04:59.226883     693 watch.go:40] Failed to load config from "/Users/autoknerd/Desktop/autodrive-dev/dataconnect": could not find dataconnect.yaml in `/Users/autoknerd/Desktop/autodrive-dev/dataconnect`
 {"metadata":{"emulator":{"name":"dataconnect"},"message":"E0314 08:04:59.226883     693 watch.go:40] Failed to load config from \"/Users/autoknerd/Desktop/autodrive-dev/dataconnect\": could not find dataconnect.yaml in `/Users/autoknerd/Desktop/autodrive-dev/dataconnect`\n"}}
[debug] [2026-03-14T12:05:09.228Z] E0314 08:05:09.228635     693 watch.go:40] Failed to load config from "/Users/autoknerd/Desktop/autodrive-dev/dataconnect": could not find dataconnect.yaml in `/Users/autoknerd/Desktop/autodrive-dev/dataconnect`
 {"metadata":{"emulator":{"name":"dataconnect"},"message":"E0314 08:05:09.228635     693 watch.go:40] Failed to load config from \"/Users/autoknerd/Desktop/autodrive-dev/dataconnect\": could not find dataconnect.yaml in `/Users/autoknerd/Desktop/autodrive-dev/dataconnect`\n"}}
[debug] [2026-03-14T12:05:19.227Z] E0314 08:05:19.227827     693 watch.go:40] Failed to load config from "/Users/autoknerd/Desktop/autodrive-dev/dataconnect": could not find dataconnect.yaml in `/Users/autoknerd/Desktop/autodrive-dev/dataconnect`
E0314 08:05:19.227813     693 watch.go:116] watchAllDir unable to walk dir `/Users/autoknerd/Desktop/autodrive-dev/dataconnect`: lstat /Users/autoknerd/Desktop/autodrive-dev/dataconnect: no such file or directory
 {"metadata":{"emulator":{"name":"dataconnect"},"message":"E0314 08:05:19.227827     693 watch.go:40] Failed to load config from \"/Users/autoknerd/Desktop/autodrive-dev/dataconnect\": could not find dataconnect.yaml in `/Users/autoknerd/Desktop/autodrive-dev/dataconnect`\nE0314 08:05:19.227813     693 watch.go:116] watchAllDir unable to walk dir `/Users/autoknerd/Desktop/autodrive-dev/dataconnect`: lstat /Users/autoknerd/Desktop/autodrive-dev/dataconnect: no such file or directory\n"}}
[debug] [2026-03-14T12:05:29.227Z] E0314 08:05:29.227519     693 watch.go:40] Failed to load config from "/Users/autoknerd/Desktop/autodrive-dev/dataconnect": could not find dataconnect.yaml in `/Users/autoknerd/Desktop/autodrive-dev/dataconnect`
 {"metadata":{"emulator":{"name":"dataconnect"},"message":"E0314 08:05:29.227519     693 watch.go:40] Failed to load config from \"/Users/autoknerd/Desktop/autodrive-dev/dataconnect\": could not find dataconnect.yaml in `/Users/autoknerd/Desktop/autodrive-dev/dataconnect`\n"}}
[debug] [2026-03-14T12:05:39.229Z] E0314 08:05:39.228778     693 watch.go:40] Failed to load config from "/Users/autoknerd/Desktop/autodrive-dev/dataconnect": could not find dataconnect.yaml in `/Users/autoknerd/Desktop/autodrive-dev/dataconnect`
 {"metadata":{"emulator":{"name":"dataconnect"},"message":"E0314 08:05:39.228778     693 watch.go:40] Failed to load config from \"/Users/autoknerd/Desktop/autodrive-dev/dataconnect\": could not find dataconnect.yaml in `/Users/autoknerd/Desktop/autodrive-dev/dataconnect`\n"}}
[debug] [2026-03-14T12:05:49.227Z] E0314 08:05:49.227695     693 watch.go:40] Failed to load config from "/Users/autoknerd/Desktop/autodrive-dev/dataconnect": could not find dataconnect.yaml in `/Users/autoknerd/Desktop/autodrive-dev/dataconnect`
 {"metadata":{"emulator":{"name":"dataconnect"},"message":"E0314 08:05:49.227695     693 watch.go:40] Failed to load config from \"/Users/autoknerd/Desktop/autodrive-dev/dataconnect\": could not find dataconnect.yaml in `/Users/autoknerd/Desktop/autodrive-dev/dataconnect`\n"}}
[debug] [2026-03-14T12:05:59.229Z] E0314 08:05:59.228774     693 watch.go:40] Failed to load config from "/Users/autoknerd/Desktop/autodrive-dev/dataconnect": could not find dataconnect.yaml in `/Users/autoknerd/Desktop/autodrive-dev/dataconnect`
 {"metadata":{"emulator":{"name":"dataconnect"},"message":"E0314 08:05:59.228774     693 watch.go:40] Failed to load config from \"/Users/autoknerd/Desktop/autodrive-dev/dataconnect\": could not find dataconnect.yaml in `/Users/autoknerd/Desktop/autodrive-dev/dataconnect`\n"}}
[debug] [2026-03-14T12:06:09.228Z] E0314 08:06:09.228117     693 watch.go:40] Failed to load config from "/Users/autoknerd/Desktop/autodrive-dev/dataconnect": could not find dataconnect.yaml in `/Users/autoknerd/Desktop/autodrive-dev/dataconnect`
 {"metadata":{"emulator":{"name":"dataconnect"},"message":"E0314 08:06:09.228117     693 watch.go:40] Failed to load config from \"/Users/autoknerd/Desktop/autodrive-dev/dataconnect\": could not find dataconnect.yaml in `/Users/autoknerd/Desktop/autodrive-dev/dataconnect`\n"}}
[debug] [2026-03-14T12:06:19.228Z] E0314 08:06:19.228289     693 watch.go:40] Failed to load config from "/Users/autoknerd/Desktop/autodrive-dev/dataconnect": could not find dataconnect.yaml in `/Users/autoknerd/Desktop/autodrive-dev/dataconnect`
E0314 08:06:19.228323     693 watch.go:116] watchAllDir unable to walk dir `/Users/autoknerd/Desktop/autodrive-dev/dataconnect`: lstat /Users/autoknerd/Desktop/autodrive-dev/dataconnect: no such file or directory
 {"metadata":{"emulator":{"name":"dataconnect"},"message":"E0314 08:06:19.228289     693 watch.go:40] Failed to load config from \"/Users/autoknerd/Desktop/autodrive-dev/dataconnect\": could not find dataconnect.yaml in `/Users/autoknerd/Desktop/autodrive-dev/dataconnect`\nE0314 08:06:19.228323     693 watch.go:116] watchAllDir unable to walk dir `/Users/autoknerd/Desktop/autodrive-dev/dataconnect`: lstat /Users/autoknerd/Desktop/autodrive-dev/dataconnect: no such file or directory\n"}}
[debug] [2026-03-14T12:06:29.229Z] E0314 08:06:29.228900     693 watch.go:40] Failed to load config from "/Users/autoknerd/Desktop/autodrive-dev/dataconnect": could not find dataconnect.yaml in `/Users/autoknerd/Desktop/autodrive-dev/dataconnect`
 {"metadata":{"emulator":{"name":"dataconnect"},"message":"E0314 08:06:29.228900     693 watch.go:40] Failed to load config from \"/Users/autoknerd/Desktop/autodrive-dev/dataconnect\": could not find dataconnect.yaml in `/Users/autoknerd/Desktop/autodrive-dev/dataconnect`\n"}}
[debug] [2026-03-14T12:06:39.229Z] E0314 08:06:39.228818     693 watch.go:40] Failed to load config from "/Users/autoknerd/Desktop/autodrive-dev/dataconnect": could not find dataconnect.yaml in `/Users/autoknerd/Desktop/autodrive-dev/dataconnect`
 {"metadata":{"emulator":{"name":"dataconnect"},"message":"E0314 08:06:39.228818     693 watch.go:40] Failed to load config from \"/Users/autoknerd/Desktop/autodrive-dev/dataconnect\": could not find dataconnect.yaml in `/Users/autoknerd/Desktop/autodrive-dev/dataconnect`\n"}}
[debug] [2026-03-14T12:06:49.227Z] E0314 08:06:49.227167     693 watch.go:40] Failed to load config from "/Users/autoknerd/Desktop/autodrive-dev/dataconnect": could not find dataconnect.yaml in `/Users/autoknerd/Desktop/autodrive-dev/dataconnect`
 {"metadata":{"emulator":{"name":"dataconnect"},"message":"E0314 08:06:49.227167     693 watch.go:40] Failed to load config from \"/Users/autoknerd/Desktop/autodrive-dev/dataconnect\": could not find dataconnect.yaml in `/Users/autoknerd/Desktop/autodrive-dev/dataconnect`\n"}}
[debug] [2026-03-14T12:06:59.227Z] E0314 08:06:59.227641     693 watch.go:40] Failed to load config from "/Users/autoknerd/Desktop/autodrive-dev/dataconnect": could not find dataconnect.yaml in `/Users/autoknerd/Desktop/autodrive-dev/dataconnect`
 {"metadata":{"emulator":{"name":"dataconnect"},"message":"E0314 08:06:59.227641     693 watch.go:40] Failed to load config from \"/Users/autoknerd/Desktop/autodrive-dev/dataconnect\": could not find dataconnect.yaml in `/Users/autoknerd/Desktop/autodrive-dev/dataconnect`\n"}}
[debug] [2026-03-14T12:07:09.228Z] E0314 08:07:09.227869     693 watch.go:40] Failed to load config from "/Users/autoknerd/Desktop/autodrive-dev/dataconnect": could not find dataconnect.yaml in `/Users/autoknerd/Desktop/autodrive-dev/dataconnect`
 {"metadata":{"emulator":{"name":"dataconnect"},"message":"E0314 08:07:09.227869     693 watch.go:40] Failed to load config from \"/Users/autoknerd/Desktop/autodrive-dev/dataconnect\": could not find dataconnect.yaml in `/Users/autoknerd/Desktop/autodrive-dev/dataconnect`\n"}}
[debug] [2026-03-14T12:07:19.228Z] E0314 08:07:19.228042     693 watch.go:116] watchAllDir unable to walk dir `/Users/autoknerd/Desktop/autodrive-dev/dataconnect`: lstat /Users/autoknerd/Desktop/autodrive-dev/dataconnect: no such file or directory
E0314 08:07:19.228060     693 watch.go:40] Failed to load config from "/Users/autoknerd/Desktop/autodrive-dev/dataconnect": could not find dataconnect.yaml in `/Users/autoknerd/Desktop/autodrive-dev/dataconnect`
 {"metadata":{"emulator":{"name":"dataconnect"},"message":"E0314 08:07:19.228042     693 watch.go:116] watchAllDir unable to walk dir `/Users/autoknerd/Desktop/autodrive-dev/dataconnect`: lstat /Users/autoknerd/Desktop/autodrive-dev/dataconnect: no such file or directory\nE0314 08:07:19.228060     693 watch.go:40] Failed to load config from \"/Users/autoknerd/Desktop/autodrive-dev/dataconnect\": could not find dataconnect.yaml in `/Users/autoknerd/Desktop/autodrive-dev/dataconnect`\n"}}
[debug] [2026-03-14T12:07:29.229Z] E0314 08:07:29.228815     693 watch.go:40] Failed to load config from "/Users/autoknerd/Desktop/autodrive-dev/dataconnect": could not find dataconnect.yaml in `/Users/autoknerd/Desktop/autodrive-dev/dataconnect`
 {"metadata":{"emulator":{"name":"dataconnect"},"message":"E0314 08:07:29.228815     693 watch.go:40] Failed to load config from \"/Users/autoknerd/Desktop/autodrive-dev/dataconnect\": could not find dataconnect.yaml in `/Users/autoknerd/Desktop/autodrive-dev/dataconnect`\n"}}
[debug] [2026-03-14T12:07:39.229Z] E0314 08:07:39.228841     693 watch.go:40] Failed to load config from "/Users/autoknerd/Desktop/autodrive-dev/dataconnect": could not find dataconnect.yaml in `/Users/autoknerd/Desktop/autodrive-dev/dataconnect`
 {"metadata":{"emulator":{"name":"dataconnect"},"message":"E0314 08:07:39.228841     693 watch.go:40] Failed to load config from \"/Users/autoknerd/Desktop/autodrive-dev/dataconnect\": could not find dataconnect.yaml in `/Users/autoknerd/Desktop/autodrive-dev/dataconnect`\n"}}
[debug] [2026-03-14T12:07:49.227Z] E0314 08:07:49.227307     693 watch.go:40] Failed to load config from "/Users/autoknerd/Desktop/autodrive-dev/dataconnect": could not find dataconnect.yaml in `/Users/autoknerd/Desktop/autodrive-dev/dataconnect`
 {"metadata":{"emulator":{"name":"dataconnect"},"message":"E0314 08:07:49.227307     693 watch.go:40] Failed to load config from \"/Users/autoknerd/Desktop/autodrive-dev/dataconnect\": could not find dataconnect.yaml in `/Users/autoknerd/Desktop/autodrive-dev/dataconnect`\n"}}
[debug] [2026-03-14T12:07:59.227Z] E0314 08:07:59.227527     693 watch.go:40] Failed to load config from "/Users/autoknerd/Desktop/autodrive-dev/dataconnect": could not find dataconnect.yaml in `/Users/autoknerd/Desktop/autodrive-dev/dataconnect`
 {"metadata":{"emulator":{"name":"dataconnect"},"message":"E0314 08:07:59.227527     693 watch.go:40] Failed to load config from \"/Users/autoknerd/Desktop/autodrive-dev/dataconnect\": could not find dataconnect.yaml in `/Users/autoknerd/Desktop/autodrive-dev/dataconnect`\n"}}
[debug] [2026-03-14T12:08:09.228Z] E0314 08:08:09.228204     693 watch.go:40] Failed to load config from "/Users/autoknerd/Desktop/autodrive-dev/dataconnect": could not find dataconnect.yaml in `/Users/autoknerd/Desktop/autodrive-dev/dataconnect`
 {"metadata":{"emulator":{"name":"dataconnect"},"message":"E0314 08:08:09.228204     693 watch.go:40] Failed to load config from \"/Users/autoknerd/Desktop/autodrive-dev/dataconnect\": could not find dataconnect.yaml in `/Users/autoknerd/Desktop/autodrive-dev/dataconnect`\n"}}
[debug] [2026-03-14T12:08:19.228Z] E0314 08:08:19.228198     693 watch.go:116] watchAllDir unable to walk dir `/Users/autoknerd/Desktop/autodrive-dev/dataconnect`: lstat /Users/autoknerd/Desktop/autodrive-dev/dataconnect: no such file or directory
E0314 08:08:19.228218     693 watch.go:40] Failed to load config from "/Users/autoknerd/Desktop/autodrive-dev/dataconnect": could not find dataconnect.yaml in `/Users/autoknerd/Desktop/autodrive-dev/dataconnect`
 {"metadata":{"emulator":{"name":"dataconnect"},"message":"E0314 08:08:19.228198     693 watch.go:116] watchAllDir unable to walk dir `/Users/autoknerd/Desktop/autodrive-dev/dataconnect`: lstat /Users/autoknerd/Desktop/autodrive-dev/dataconnect: no such file or directory\nE0314 08:08:19.228218     693 watch.go:40] Failed to load config from \"/Users/autoknerd/Desktop/autodrive-dev/dataconnect\": could not find dataconnect.yaml in `/Users/autoknerd/Desktop/autodrive-dev/dataconnect`\n"}}
[debug] [2026-03-14T12:08:29.229Z] E0314 08:08:29.228653     693 watch.go:40] Failed to load config from "/Users/autoknerd/Desktop/autodrive-dev/dataconnect": could not find dataconnect.yaml in `/Users/autoknerd/Desktop/autodrive-dev/dataconnect`
 {"metadata":{"emulator":{"name":"dataconnect"},"message":"E0314 08:08:29.228653     693 watch.go:40] Failed to load config from \"/Users/autoknerd/Desktop/autodrive-dev/dataconnect\": could not find dataconnect.yaml in `/Users/autoknerd/Desktop/autodrive-dev/dataconnect`\n"}}
[debug] [2026-03-14T12:08:39.229Z] E0314 08:08:39.229250     693 watch.go:40] Failed to load config from "/Users/autoknerd/Desktop/autodrive-dev/dataconnect": could not find dataconnect.yaml in `/Users/autoknerd/Desktop/autodrive-dev/dataconnect`
 {"metadata":{"emulator":{"name":"dataconnect"},"message":"E0314 08:08:39.229250     693 watch.go:40] Failed to load config from \"/Users/autoknerd/Desktop/autodrive-dev/dataconnect\": could not find dataconnect.yaml in `/Users/autoknerd/Desktop/autodrive-dev/dataconnect`\n"}}
[debug] [2026-03-14T12:08:49.228Z] E0314 08:08:49.228216     693 watch.go:40] Failed to load config from "/Users/autoknerd/Desktop/autodrive-dev/dataconnect": could not find dataconnect.yaml in `/Users/autoknerd/Desktop/autodrive-dev/dataconnect`
 {"metadata":{"emulator":{"name":"dataconnect"},"message":"E0314 08:08:49.228216     693 watch.go:40] Failed to load config from \"/Users/autoknerd/Desktop/autodrive-dev/dataconnect\": could not find dataconnect.yaml in `/Users/autoknerd/Desktop/autodrive-dev/dataconnect`\n"}}
[debug] [2026-03-14T12:08:59.228Z] E0314 08:08:59.227913     693 watch.go:40] Failed to load config from "/Users/autoknerd/Desktop/autodrive-dev/dataconnect": could not find dataconnect.yaml in `/Users/autoknerd/Desktop/autodrive-dev/dataconnect`
 {"metadata":{"emulator":{"name":"dataconnect"},"message":"E0314 08:08:59.227913     693 watch.go:40] Failed to load config from \"/Users/autoknerd/Desktop/autodrive-dev/dataconnect\": could not find dataconnect.yaml in `/Users/autoknerd/Desktop/autodrive-dev/dataconnect`\n"}}
[debug] [2026-03-14T12:09:09.229Z] E0314 08:09:09.228998     693 watch.go:40] Failed to load config from "/Users/autoknerd/Desktop/autodrive-dev/dataconnect": could not find dataconnect.yaml in `/Users/autoknerd/Desktop/autodrive-dev/dataconnect`
 {"metadata":{"emulator":{"name":"dataconnect"},"message":"E0314 08:09:09.228998     693 watch.go:40] Failed to load config from \"/Users/autoknerd/Desktop/autodrive-dev/dataconnect\": could not find dataconnect.yaml in `/Users/autoknerd/Desktop/autodrive-dev/dataconnect`\n"}}
[debug] [2026-03-14T12:09:19.227Z] E0314 08:09:19.227689     693 watch.go:40] Failed to load config from "/Users/autoknerd/Desktop/autodrive-dev/dataconnect": could not find dataconnect.yaml in `/Users/autoknerd/Desktop/autodrive-dev/dataconnect`
E0314 08:09:19.227662     693 watch.go:116] watchAllDir unable to walk dir `/Users/autoknerd/Desktop/autodrive-dev/dataconnect`: lstat /Users/autoknerd/Desktop/autodrive-dev/dataconnect: no such file or directory
 {"metadata":{"emulator":{"name":"dataconnect"},"message":"E0314 08:09:19.227689     693 watch.go:40] Failed to load config from \"/Users/autoknerd/Desktop/autodrive-dev/dataconnect\": could not find dataconnect.yaml in `/Users/autoknerd/Desktop/autodrive-dev/dataconnect`\nE0314 08:09:19.227662     693 watch.go:116] watchAllDir unable to walk dir `/Users/autoknerd/Desktop/autodrive-dev/dataconnect`: lstat /Users/autoknerd/Desktop/autodrive-dev/dataconnect: no such file or directory\n"}}
[debug] [2026-03-14T12:09:29.229Z] E0314 08:09:29.229047     693 watch.go:40] Failed to load config from "/Users/autoknerd/Desktop/autodrive-dev/dataconnect": could not find dataconnect.yaml in `/Users/autoknerd/Desktop/autodrive-dev/dataconnect`
 {"metadata":{"emulator":{"name":"dataconnect"},"message":"E0314 08:09:29.229047     693 watch.go:40] Failed to load config from \"/Users/autoknerd/Desktop/autodrive-dev/dataconnect\": could not find dataconnect.yaml in `/Users/autoknerd/Desktop/autodrive-dev/dataconnect`\n"}}
[debug] [2026-03-14T12:09:39.229Z] E0314 08:09:39.229069     693 watch.go:40] Failed to load config from "/Users/autoknerd/Desktop/autodrive-dev/dataconnect": could not find dataconnect.yaml in `/Users/autoknerd/Desktop/autodrive-dev/dataconnect`
 {"metadata":{"emulator":{"name":"dataconnect"},"message":"E0314 08:09:39.229069     693 watch.go:40] Failed to load config from \"/Users/autoknerd/Desktop/autodrive-dev/dataconnect\": could not find dataconnect.yaml in `/Users/autoknerd/Desktop/autodrive-dev/dataconnect`\n"}}
[debug] [2026-03-14T12:09:49.228Z] E0314 08:09:49.228173     693 watch.go:40] Failed to load config from "/Users/autoknerd/Desktop/autodrive-dev/dataconnect": could not find dataconnect.yaml in `/Users/autoknerd/Desktop/autodrive-dev/dataconnect`
 {"metadata":{"emulator":{"name":"dataconnect"},"message":"E0314 08:09:49.228173     693 watch.go:40] Failed to load config from \"/Users/autoknerd/Desktop/autodrive-dev/dataconnect\": could not find dataconnect.yaml in `/Users/autoknerd/Desktop/autodrive-dev/dataconnect`\n"}}
[debug] [2026-03-14T12:09:59.228Z] E0314 08:09:59.228259     693 watch.go:40] Failed to load config from "/Users/autoknerd/Desktop/autodrive-dev/dataconnect": could not find dataconnect.yaml in `/Users/autoknerd/Desktop/autodrive-dev/dataconnect`
 {"metadata":{"emulator":{"name":"dataconnect"},"message":"E0314 08:09:59.228259     693 watch.go:40] Failed to load config from \"/Users/autoknerd/Desktop/autodrive-dev/dataconnect\": could not find dataconnect.yaml in `/Users/autoknerd/Desktop/autodrive-dev/dataconnect`\n"}}
[debug] [2026-03-14T12:10:09.228Z] E0314 08:10:09.228324     693 watch.go:40] Failed to load config from "/Users/autoknerd/Desktop/autodrive-dev/dataconnect": could not find dataconnect.yaml in `/Users/autoknerd/Desktop/autodrive-dev/dataconnect`
 {"metadata":{"emulator":{"name":"dataconnect"},"message":"E0314 08:10:09.228324     693 watch.go:40] Failed to load config from \"/Users/autoknerd/Desktop/autodrive-dev/dataconnect\": could not find dataconnect.yaml in `/Users/autoknerd/Desktop/autodrive-dev/dataconnect`\n"}}
[debug] [2026-03-14T12:10:19.228Z] E0314 08:10:19.228117     693 watch.go:116] watchAllDir unable to walk dir `/Users/autoknerd/Desktop/autodrive-dev/dataconnect`: lstat /Users/autoknerd/Desktop/autodrive-dev/dataconnect: no such file or directory
E0314 08:10:19.228135     693 watch.go:40] Failed to load config from "/Users/autoknerd/Desktop/autodrive-dev/dataconnect": could not find dataconnect.yaml in `/Users/autoknerd/Desktop/autodrive-dev/dataconnect`
 {"metadata":{"emulator":{"name":"dataconnect"},"message":"E0314 08:10:19.228117     693 watch.go:116] watchAllDir unable to walk dir `/Users/autoknerd/Desktop/autodrive-dev/dataconnect`: lstat /Users/autoknerd/Desktop/autodrive-dev/dataconnect: no such file or directory\nE0314 08:10:19.228135     693 watch.go:40] Failed to load config from \"/Users/autoknerd/Desktop/autodrive-dev/dataconnect\": could not find dataconnect.yaml in `/Users/autoknerd/Desktop/autodrive-dev/dataconnect`\n"}}
[debug] [2026-03-14T12:10:29.229Z] E0314 08:10:29.229095     693 watch.go:40] Failed to load config from "/Users/autoknerd/Desktop/autodrive-dev/dataconnect": could not find dataconnect.yaml in `/Users/autoknerd/Desktop/autodrive-dev/dataconnect`
 {"metadata":{"emulator":{"name":"dataconnect"},"message":"E0314 08:10:29.229095     693 watch.go:40] Failed to load config from \"/Users/autoknerd/Desktop/autodrive-dev/dataconnect\": could not find dataconnect.yaml in `/Users/autoknerd/Desktop/autodrive-dev/dataconnect`\n"}}
[debug] [2026-03-14T12:10:39.227Z] E0314 08:10:39.227282     693 watch.go:40] Failed to load config from "/Users/autoknerd/Desktop/autodrive-dev/dataconnect": could not find dataconnect.yaml in `/Users/autoknerd/Desktop/autodrive-dev/dataconnect`
 {"metadata":{"emulator":{"name":"dataconnect"},"message":"E0314 08:10:39.227282     693 watch.go:40] Failed to load config from \"/Users/autoknerd/Desktop/autodrive-dev/dataconnect\": could not find dataconnect.yaml in `/Users/autoknerd/Desktop/autodrive-dev/dataconnect`\n"}}
[debug] [2026-03-14T12:10:49.228Z] E0314 08:10:49.227763     693 watch.go:40] Failed to load config from "/Users/autoknerd/Desktop/autodrive-dev/dataconnect": could not find dataconnect.yaml in `/Users/autoknerd/Desktop/autodrive-dev/dataconnect`
 {"metadata":{"emulator":{"name":"dataconnect"},"message":"E0314 08:10:49.227763     693 watch.go:40] Failed to load config from \"/Users/autoknerd/Desktop/autodrive-dev/dataconnect\": could not find dataconnect.yaml in `/Users/autoknerd/Desktop/autodrive-dev/dataconnect`\n"}}
[debug] [2026-03-14T12:10:59.229Z] E0314 08:10:59.229323     693 watch.go:40] Failed to load config from "/Users/autoknerd/Desktop/autodrive-dev/dataconnect": could not find dataconnect.yaml in `/Users/autoknerd/Desktop/autodrive-dev/dataconnect`
 {"metadata":{"emulator":{"name":"dataconnect"},"message":"E0314 08:10:59.229323     693 watch.go:40] Failed to load config from \"/Users/autoknerd/Desktop/autodrive-dev/dataconnect\": could not find dataconnect.yaml in `/Users/autoknerd/Desktop/autodrive-dev/dataconnect`\n"}}
[debug] [2026-03-14T12:11:09.229Z] E0314 08:11:09.229326     693 watch.go:40] Failed to load config from "/Users/autoknerd/Desktop/autodrive-dev/dataconnect": could not find dataconnect.yaml in `/Users/autoknerd/Desktop/autodrive-dev/dataconnect`
 {"metadata":{"emulator":{"name":"dataconnect"},"message":"E0314 08:11:09.229326     693 watch.go:40] Failed to load config from \"/Users/autoknerd/Desktop/autodrive-dev/dataconnect\": could not find dataconnect.yaml in `/Users/autoknerd/Desktop/autodrive-dev/dataconnect`\n"}}
[debug] [2026-03-14T12:11:19.228Z] E0314 08:11:19.228315     693 watch.go:40] Failed to load config from "/Users/autoknerd/Desktop/autodrive-dev/dataconnect": could not find dataconnect.yaml in `/Users/autoknerd/Desktop/autodrive-dev/dataconnect`
E0314 08:11:19.228278     693 watch.go:116] watchAllDir unable to walk dir `/Users/autoknerd/Desktop/autodrive-dev/dataconnect`: lstat /Users/autoknerd/Desktop/autodrive-dev/dataconnect: no such file or directory
 {"metadata":{"emulator":{"name":"dataconnect"},"message":"E0314 08:11:19.228315     693 watch.go:40] Failed to load config from \"/Users/autoknerd/Desktop/autodrive-dev/dataconnect\": could not find dataconnect.yaml in `/Users/autoknerd/Desktop/autodrive-dev/dataconnect`\nE0314 08:11:19.228278     693 watch.go:116] watchAllDir unable to walk dir `/Users/autoknerd/Desktop/autodrive-dev/dataconnect`: lstat /Users/autoknerd/Desktop/autodrive-dev/dataconnect: no such file or directory\n"}}
[debug] [2026-03-14T12:11:29.229Z] E0314 08:11:29.229331     693 watch.go:40] Failed to load config from "/Users/autoknerd/Desktop/autodrive-dev/dataconnect": could not find dataconnect.yaml in `/Users/autoknerd/Desktop/autodrive-dev/dataconnect`
 {"metadata":{"emulator":{"name":"dataconnect"},"message":"E0314 08:11:29.229331     693 watch.go:40] Failed to load config from \"/Users/autoknerd/Desktop/autodrive-dev/dataconnect\": could not find dataconnect.yaml in `/Users/autoknerd/Desktop/autodrive-dev/dataconnect`\n"}}
[debug] [2026-03-14T12:11:39.229Z] E0314 08:11:39.229256     693 watch.go:40] Failed to load config from "/Users/autoknerd/Desktop/autodrive-dev/dataconnect": could not find dataconnect.yaml in `/Users/autoknerd/Desktop/autodrive-dev/dataconnect`
 {"metadata":{"emulator":{"name":"dataconnect"},"message":"E0314 08:11:39.229256     693 watch.go:40] Failed to load config from \"/Users/autoknerd/Desktop/autodrive-dev/dataconnect\": could not find dataconnect.yaml in `/Users/autoknerd/Desktop/autodrive-dev/dataconnect`\n"}}
[debug] [2026-03-14T12:11:49.228Z] E0314 08:11:49.228499     693 watch.go:40] Failed to load config from "/Users/autoknerd/Desktop/autodrive-dev/dataconnect": could not find dataconnect.yaml in `/Users/autoknerd/Desktop/autodrive-dev/dataconnect`
 {"metadata":{"emulator":{"name":"dataconnect"},"message":"E0314 08:11:49.228499     693 watch.go:40] Failed to load config from \"/Users/autoknerd/Desktop/autodrive-dev/dataconnect\": could not find dataconnect.yaml in `/Users/autoknerd/Desktop/autodrive-dev/dataconnect`\n"}}
[debug] [2026-03-14T12:11:59.228Z] E0314 08:11:59.228586     693 watch.go:40] Failed to load config from "/Users/autoknerd/Desktop/autodrive-dev/dataconnect": could not find dataconnect.yaml in `/Users/autoknerd/Desktop/autodrive-dev/dataconnect`
 {"metadata":{"emulator":{"name":"dataconnect"},"message":"E0314 08:11:59.228586     693 watch.go:40] Failed to load config from \"/Users/autoknerd/Desktop/autodrive-dev/dataconnect\": could not find dataconnect.yaml in `/Users/autoknerd/Desktop/autodrive-dev/dataconnect`\n"}}
[debug] [2026-03-14T12:12:09.229Z] E0314 08:12:09.229441     693 watch.go:40] Failed to load config from "/Users/autoknerd/Desktop/autodrive-dev/dataconnect": could not find dataconnect.yaml in `/Users/autoknerd/Desktop/autodrive-dev/dataconnect`
 {"metadata":{"emulator":{"name":"dataconnect"},"message":"E0314 08:12:09.229441     693 watch.go:40] Failed to load config from \"/Users/autoknerd/Desktop/autodrive-dev/dataconnect\": could not find dataconnect.yaml in `/Users/autoknerd/Desktop/autodrive-dev/dataconnect`\n"}}
[debug] [2026-03-14T12:12:19.228Z] E0314 08:12:19.228285     693 watch.go:116] watchAllDir unable to walk dir `/Users/autoknerd/Desktop/autodrive-dev/dataconnect`: lstat /Users/autoknerd/Desktop/autodrive-dev/dataconnect: no such file or directory
E0314 08:12:19.228347     693 watch.go:40] Failed to load config from "/Users/autoknerd/Desktop/autodrive-dev/dataconnect": could not find dataconnect.yaml in `/Users/autoknerd/Desktop/autodrive-dev/dataconnect`
 {"metadata":{"emulator":{"name":"dataconnect"},"message":"E0314 08:12:19.228285     693 watch.go:116] watchAllDir unable to walk dir `/Users/autoknerd/Desktop/autodrive-dev/dataconnect`: lstat /Users/autoknerd/Desktop/autodrive-dev/dataconnect: no such file or directory\nE0314 08:12:19.228347     693 watch.go:40] Failed to load config from \"/Users/autoknerd/Desktop/autodrive-dev/dataconnect\": could not find dataconnect.yaml in `/Users/autoknerd/Desktop/autodrive-dev/dataconnect`\n"}}
[debug] [2026-03-14T12:12:29.228Z] E0314 08:12:29.228293     693 watch.go:40] Failed to load config from "/Users/autoknerd/Desktop/autodrive-dev/dataconnect": could not find dataconnect.yaml in `/Users/autoknerd/Desktop/autodrive-dev/dataconnect`
 {"metadata":{"emulator":{"name":"dataconnect"},"message":"E0314 08:12:29.228293     693 watch.go:40] Failed to load config from \"/Users/autoknerd/Desktop/autodrive-dev/dataconnect\": could not find dataconnect.yaml in `/Users/autoknerd/Desktop/autodrive-dev/dataconnect`\n"}}
[debug] [2026-03-14T12:12:39.228Z] E0314 08:12:39.227758     693 watch.go:40] Failed to load config from "/Users/autoknerd/Desktop/autodrive-dev/dataconnect": could not find dataconnect.yaml in `/Users/autoknerd/Desktop/autodrive-dev/dataconnect`
 {"metadata":{"emulator":{"name":"dataconnect"},"message":"E0314 08:12:39.227758     693 watch.go:40] Failed to load config from \"/Users/autoknerd/Desktop/autodrive-dev/dataconnect\": could not find dataconnect.yaml in `/Users/autoknerd/Desktop/autodrive-dev/dataconnect`\n"}}
[debug] [2026-03-14T12:12:49.228Z] E0314 08:12:49.228702     693 watch.go:40] Failed to load config from "/Users/autoknerd/Desktop/autodrive-dev/dataconnect": could not find dataconnect.yaml in `/Users/autoknerd/Desktop/autodrive-dev/dataconnect`
 {"metadata":{"emulator":{"name":"dataconnect"},"message":"E0314 08:12:49.228702     693 watch.go:40] Failed to load config from \"/Users/autoknerd/Desktop/autodrive-dev/dataconnect\": could not find dataconnect.yaml in `/Users/autoknerd/Desktop/autodrive-dev/dataconnect`\n"}}
[debug] [2026-03-14T12:12:59.228Z] E0314 08:12:59.228573     693 watch.go:40] Failed to load config from "/Users/autoknerd/Desktop/autodrive-dev/dataconnect": could not find dataconnect.yaml in `/Users/autoknerd/Desktop/autodrive-dev/dataconnect`
 {"metadata":{"emulator":{"name":"dataconnect"},"message":"E0314 08:12:59.228573     693 watch.go:40] Failed to load config from \"/Users/autoknerd/Desktop/autodrive-dev/dataconnect\": could not find dataconnect.yaml in `/Users/autoknerd/Desktop/autodrive-dev/dataconnect`\n"}}
[debug] [2026-03-14T12:13:09.229Z] E0314 08:13:09.229476     693 watch.go:40] Failed to load config from "/Users/autoknerd/Desktop/autodrive-dev/dataconnect": could not find dataconnect.yaml in `/Users/autoknerd/Desktop/autodrive-dev/dataconnect`
 {"metadata":{"emulator":{"name":"dataconnect"},"message":"E0314 08:13:09.229476     693 watch.go:40] Failed to load config from \"/Users/autoknerd/Desktop/autodrive-dev/dataconnect\": could not find dataconnect.yaml in `/Users/autoknerd/Desktop/autodrive-dev/dataconnect`\n"}}
[debug] [2026-03-14T12:13:19.228Z] E0314 08:13:19.228423     693 watch.go:116] watchAllDir unable to walk dir `/Users/autoknerd/Desktop/autodrive-dev/dataconnect`: lstat /Users/autoknerd/Desktop/autodrive-dev/dataconnect: no such file or directory
E0314 08:13:19.228440     693 watch.go:40] Failed to load config from "/Users/autoknerd/Desktop/autodrive-dev/dataconnect": could not find dataconnect.yaml in `/Users/autoknerd/Desktop/autodrive-dev/dataconnect`
 {"metadata":{"emulator":{"name":"dataconnect"},"message":"E0314 08:13:19.228423     693 watch.go:116] watchAllDir unable to walk dir `/Users/autoknerd/Desktop/autodrive-dev/dataconnect`: lstat /Users/autoknerd/Desktop/autodrive-dev/dataconnect: no such file or directory\nE0314 08:13:19.228440     693 watch.go:40] Failed to load config from \"/Users/autoknerd/Desktop/autodrive-dev/dataconnect\": could not find dataconnect.yaml in `/Users/autoknerd/Desktop/autodrive-dev/dataconnect`\n"}}
[debug] [2026-03-14T12:13:29.229Z] E0314 08:13:29.229415     693 watch.go:40] Failed to load config from "/Users/autoknerd/Desktop/autodrive-dev/dataconnect": could not find dataconnect.yaml in `/Users/autoknerd/Desktop/autodrive-dev/dataconnect`
 {"metadata":{"emulator":{"name":"dataconnect"},"message":"E0314 08:13:29.229415     693 watch.go:40] Failed to load config from \"/Users/autoknerd/Desktop/autodrive-dev/dataconnect\": could not find dataconnect.yaml in `/Users/autoknerd/Desktop/autodrive-dev/dataconnect`\n"}}
[debug] [2026-03-14T12:13:39.228Z] E0314 08:13:39.228243     693 watch.go:40] Failed to load config from "/Users/autoknerd/Desktop/autodrive-dev/dataconnect": could not find dataconnect.yaml in `/Users/autoknerd/Desktop/autodrive-dev/dataconnect`
 {"metadata":{"emulator":{"name":"dataconnect"},"message":"E0314 08:13:39.228243     693 watch.go:40] Failed to load config from \"/Users/autoknerd/Desktop/autodrive-dev/dataconnect\": could not find dataconnect.yaml in `/Users/autoknerd/Desktop/autodrive-dev/dataconnect`\n"}}
[debug] [2026-03-14T12:13:49.228Z] E0314 08:13:49.228535     693 watch.go:40] Failed to load config from "/Users/autoknerd/Desktop/autodrive-dev/dataconnect": could not find dataconnect.yaml in `/Users/autoknerd/Desktop/autodrive-dev/dataconnect`
 {"metadata":{"emulator":{"name":"dataconnect"},"message":"E0314 08:13:49.228535     693 watch.go:40] Failed to load config from \"/Users/autoknerd/Desktop/autodrive-dev/dataconnect\": could not find dataconnect.yaml in `/Users/autoknerd/Desktop/autodrive-dev/dataconnect`\n"}}
[debug] [2026-03-14T12:13:59.230Z] E0314 08:13:59.229536     693 watch.go:40] Failed to load config from "/Users/autoknerd/Desktop/autodrive-dev/dataconnect": could not find dataconnect.yaml in `/Users/autoknerd/Desktop/autodrive-dev/dataconnect`
 {"metadata":{"emulator":{"name":"dataconnect"},"message":"E0314 08:13:59.229536     693 watch.go:40] Failed to load config from \"/Users/autoknerd/Desktop/autodrive-dev/dataconnect\": could not find dataconnect.yaml in `/Users/autoknerd/Desktop/autodrive-dev/dataconnect`\n"}}
[debug] [2026-03-14T12:14:09.229Z] E0314 08:14:09.229572     693 watch.go:40] Failed to load config from "/Users/autoknerd/Desktop/autodrive-dev/dataconnect": could not find dataconnect.yaml in `/Users/autoknerd/Desktop/autodrive-dev/dataconnect`
 {"metadata":{"emulator":{"name":"dataconnect"},"message":"E0314 08:14:09.229572     693 watch.go:40] Failed to load config from \"/Users/autoknerd/Desktop/autodrive-dev/dataconnect\": could not find dataconnect.yaml in `/Users/autoknerd/Desktop/autodrive-dev/dataconnect`\n"}}
[debug] [2026-03-14T12:14:19.228Z] E0314 08:14:19.227908     693 watch.go:40] Failed to load config from "/Users/autoknerd/Desktop/autodrive-dev/dataconnect": could not find dataconnect.yaml in `/Users/autoknerd/Desktop/autodrive-dev/dataconnect`
E0314 08:14:19.227880     693 watch.go:116] watchAllDir unable to walk dir `/Users/autoknerd/Desktop/autodrive-dev/dataconnect`: lstat /Users/autoknerd/Desktop/autodrive-dev/dataconnect: no such file or directory
 {"metadata":{"emulator":{"name":"dataconnect"},"message":"E0314 08:14:19.227908     693 watch.go:40] Failed to load config from \"/Users/autoknerd/Desktop/autodrive-dev/dataconnect\": could not find dataconnect.yaml in `/Users/autoknerd/Desktop/autodrive-dev/dataconnect`\nE0314 08:14:19.227880     693 watch.go:116] watchAllDir unable to walk dir `/Users/autoknerd/Desktop/autodrive-dev/dataconnect`: lstat /Users/autoknerd/Desktop/autodrive-dev/dataconnect: no such file or directory\n"}}
[debug] [2026-03-14T12:14:29.229Z] E0314 08:14:29.228907     693 watch.go:40] Failed to load config from "/Users/autoknerd/Desktop/autodrive-dev/dataconnect": could not find dataconnect.yaml in `/Users/autoknerd/Desktop/autodrive-dev/dataconnect`
 {"metadata":{"emulator":{"name":"dataconnect"},"message":"E0314 08:14:29.228907     693 watch.go:40] Failed to load config from \"/Users/autoknerd/Desktop/autodrive-dev/dataconnect\": could not find dataconnect.yaml in `/Users/autoknerd/Desktop/autodrive-dev/dataconnect`\n"}}
[debug] [2026-03-14T12:14:39.229Z] E0314 08:14:39.228766     693 watch.go:40] Failed to load config from "/Users/autoknerd/Desktop/autodrive-dev/dataconnect": could not find dataconnect.yaml in `/Users/autoknerd/Desktop/autodrive-dev/dataconnect`
 {"metadata":{"emulator":{"name":"dataconnect"},"message":"E0314 08:14:39.228766     693 watch.go:40] Failed to load config from \"/Users/autoknerd/Desktop/autodrive-dev/dataconnect\": could not find dataconnect.yaml in `/Users/autoknerd/Desktop/autodrive-dev/dataconnect`\n"}}
[debug] [2026-03-14T12:14:49.229Z] E0314 08:14:49.228990     693 watch.go:40] Failed to load config from "/Users/autoknerd/Desktop/autodrive-dev/dataconnect": could not find dataconnect.yaml in `/Users/autoknerd/Desktop/autodrive-dev/dataconnect`
 {"metadata":{"emulator":{"name":"dataconnect"},"message":"E0314 08:14:49.228990     693 watch.go:40] Failed to load config from \"/Users/autoknerd/Desktop/autodrive-dev/dataconnect\": could not find dataconnect.yaml in `/Users/autoknerd/Desktop/autodrive-dev/dataconnect`\n"}}
[debug] [2026-03-14T12:14:59.229Z] E0314 08:14:59.229374     693 watch.go:40] Failed to load config from "/Users/autoknerd/Desktop/autodrive-dev/dataconnect": could not find dataconnect.yaml in `/Users/autoknerd/Desktop/autodrive-dev/dataconnect`
 {"metadata":{"emulator":{"name":"dataconnect"},"message":"E0314 08:14:59.229374     693 watch.go:40] Failed to load config from \"/Users/autoknerd/Desktop/autodrive-dev/dataconnect\": could not find dataconnect.yaml in `/Users/autoknerd/Desktop/autodrive-dev/dataconnect`\n"}}
[debug] [2026-03-14T12:15:09.229Z] E0314 08:15:09.229589     693 watch.go:40] Failed to load config from "/Users/autoknerd/Desktop/autodrive-dev/dataconnect": could not find dataconnect.yaml in `/Users/autoknerd/Desktop/autodrive-dev/dataconnect`
 {"metadata":{"emulator":{"name":"dataconnect"},"message":"E0314 08:15:09.229589     693 watch.go:40] Failed to load config from \"/Users/autoknerd/Desktop/autodrive-dev/dataconnect\": could not find dataconnect.yaml in `/Users/autoknerd/Desktop/autodrive-dev/dataconnect`\n"}}
[debug] [2026-03-14T12:15:19.228Z] E0314 08:15:19.227784     693 watch.go:40] Failed to load config from "/Users/autoknerd/Desktop/autodrive-dev/dataconnect": could not find dataconnect.yaml in `/Users/autoknerd/Desktop/autodrive-dev/dataconnect`
E0314 08:15:19.227743     693 watch.go:116] watchAllDir unable to walk dir `/Users/autoknerd/Desktop/autodrive-dev/dataconnect`: lstat /Users/autoknerd/Desktop/autodrive-dev/dataconnect: no such file or directory
 {"metadata":{"emulator":{"name":"dataconnect"},"message":"E0314 08:15:19.227784     693 watch.go:40] Failed to load config from \"/Users/autoknerd/Desktop/autodrive-dev/dataconnect\": could not find dataconnect.yaml in `/Users/autoknerd/Desktop/autodrive-dev/dataconnect`\nE0314 08:15:19.227743     693 watch.go:116] watchAllDir unable to walk dir `/Users/autoknerd/Desktop/autodrive-dev/dataconnect`: lstat /Users/autoknerd/Desktop/autodrive-dev/dataconnect: no such file or directory\n"}}
[debug] [2026-03-14T12:15:29.227Z] E0314 08:15:29.227537     693 watch.go:40] Failed to load config from "/Users/autoknerd/Desktop/autodrive-dev/dataconnect": could not find dataconnect.yaml in `/Users/autoknerd/Desktop/autodrive-dev/dataconnect`
 {"metadata":{"emulator":{"name":"dataconnect"},"message":"E0314 08:15:29.227537     693 watch.go:40] Failed to load config from \"/Users/autoknerd/Desktop/autodrive-dev/dataconnect\": could not find dataconnect.yaml in `/Users/autoknerd/Desktop/autodrive-dev/dataconnect`\n"}}
[debug] [2026-03-14T12:15:39.227Z] E0314 08:15:39.226986     693 watch.go:40] Failed to load config from "/Users/autoknerd/Desktop/autodrive-dev/dataconnect": could not find dataconnect.yaml in `/Users/autoknerd/Desktop/autodrive-dev/dataconnect`
 {"metadata":{"emulator":{"name":"dataconnect"},"message":"E0314 08:15:39.226986     693 watch.go:40] Failed to load config from \"/Users/autoknerd/Desktop/autodrive-dev/dataconnect\": could not find dataconnect.yaml in `/Users/autoknerd/Desktop/autodrive-dev/dataconnect`\n"}}
[debug] [2026-03-14T12:15:49.226Z] E0314 08:15:49.225988     693 watch.go:40] Failed to load config from "/Users/autoknerd/Desktop/autodrive-dev/dataconnect": could not find dataconnect.yaml in `/Users/autoknerd/Desktop/autodrive-dev/dataconnect`
 {"metadata":{"emulator":{"name":"dataconnect"},"message":"E0314 08:15:49.225988     693 watch.go:40] Failed to load config from \"/Users/autoknerd/Desktop/autodrive-dev/dataconnect\": could not find dataconnect.yaml in `/Users/autoknerd/Desktop/autodrive-dev/dataconnect`\n"}}
[debug] [2026-03-14T12:15:59.226Z] E0314 08:15:59.226487     693 watch.go:40] Failed to load config from "/Users/autoknerd/Desktop/autodrive-dev/dataconnect": could not find dataconnect.yaml in `/Users/autoknerd/Desktop/autodrive-dev/dataconnect`
 {"metadata":{"emulator":{"name":"dataconnect"},"message":"E0314 08:15:59.226487     693 watch.go:40] Failed to load config from \"/Users/autoknerd/Desktop/autodrive-dev/dataconnect\": could not find dataconnect.yaml in `/Users/autoknerd/Desktop/autodrive-dev/dataconnect`\n"}}
[debug] [2026-03-14T12:16:09.224Z] E0314 08:16:09.224449     693 watch.go:40] Failed to load config from "/Users/autoknerd/Desktop/autodrive-dev/dataconnect": could not find dataconnect.yaml in `/Users/autoknerd/Desktop/autodrive-dev/dataconnect`
 {"metadata":{"emulator":{"name":"dataconnect"},"message":"E0314 08:16:09.224449     693 watch.go:40] Failed to load config from \"/Users/autoknerd/Desktop/autodrive-dev/dataconnect\": could not find dataconnect.yaml in `/Users/autoknerd/Desktop/autodrive-dev/dataconnect`\n"}}
[debug] [2026-03-14T12:16:19.225Z] E0314 08:16:19.225366     693 watch.go:116] watchAllDir unable to walk dir `/Users/autoknerd/Desktop/autodrive-dev/dataconnect`: lstat /Users/autoknerd/Desktop/autodrive-dev/dataconnect: no such file or directory
E0314 08:16:19.225402     693 watch.go:40] Failed to load config from "/Users/autoknerd/Desktop/autodrive-dev/dataconnect": could not find dataconnect.yaml in `/Users/autoknerd/Desktop/autodrive-dev/dataconnect`
 {"metadata":{"emulator":{"name":"dataconnect"},"message":"E0314 08:16:19.225366     693 watch.go:116] watchAllDir unable to walk dir `/Users/autoknerd/Desktop/autodrive-dev/dataconnect`: lstat /Users/autoknerd/Desktop/autodrive-dev/dataconnect: no such file or directory\nE0314 08:16:19.225402     693 watch.go:40] Failed to load config from \"/Users/autoknerd/Desktop/autodrive-dev/dataconnect\": could not find dataconnect.yaml in `/Users/autoknerd/Desktop/autodrive-dev/dataconnect`\n"}}
[debug] [2026-03-14T12:16:29.226Z] E0314 08:16:29.226314     693 watch.go:40] Failed to load config from "/Users/autoknerd/Desktop/autodrive-dev/dataconnect": could not find dataconnect.yaml in `/Users/autoknerd/Desktop/autodrive-dev/dataconnect`
 {"metadata":{"emulator":{"name":"dataconnect"},"message":"E0314 08:16:29.226314     693 watch.go:40] Failed to load config from \"/Users/autoknerd/Desktop/autodrive-dev/dataconnect\": could not find dataconnect.yaml in `/Users/autoknerd/Desktop/autodrive-dev/dataconnect`\n"}}
[debug] [2026-03-14T12:16:39.225Z] E0314 08:16:39.225527     693 watch.go:40] Failed to load config from "/Users/autoknerd/Desktop/autodrive-dev/dataconnect": could not find dataconnect.yaml in `/Users/autoknerd/Desktop/autodrive-dev/dataconnect`
 {"metadata":{"emulator":{"name":"dataconnect"},"message":"E0314 08:16:39.225527     693 watch.go:40] Failed to load config from \"/Users/autoknerd/Desktop/autodrive-dev/dataconnect\": could not find dataconnect.yaml in `/Users/autoknerd/Desktop/autodrive-dev/dataconnect`\n"}}
[debug] [2026-03-14T12:16:49.225Z] E0314 08:16:49.224848     693 watch.go:40] Failed to load config from "/Users/autoknerd/Desktop/autodrive-dev/dataconnect": could not find dataconnect.yaml in `/Users/autoknerd/Desktop/autodrive-dev/dataconnect`
 {"metadata":{"emulator":{"name":"dataconnect"},"message":"E0314 08:16:49.224848     693 watch.go:40] Failed to load config from \"/Users/autoknerd/Desktop/autodrive-dev/dataconnect\": could not find dataconnect.yaml in `/Users/autoknerd/Desktop/autodrive-dev/dataconnect`\n"}}
[debug] [2026-03-14T12:16:59.225Z] E0314 08:16:59.225247     693 watch.go:40] Failed to load config from "/Users/autoknerd/Desktop/autodrive-dev/dataconnect": could not find dataconnect.yaml in `/Users/autoknerd/Desktop/autodrive-dev/dataconnect`
 {"metadata":{"emulator":{"name":"dataconnect"},"message":"E0314 08:16:59.225247     693 watch.go:40] Failed to load config from \"/Users/autoknerd/Desktop/autodrive-dev/dataconnect\": could not find dataconnect.yaml in `/Users/autoknerd/Desktop/autodrive-dev/dataconnect`\n"}}
[debug] [2026-03-14T12:17:09.225Z] E0314 08:17:09.225524     693 watch.go:40] Failed to load config from "/Users/autoknerd/Desktop/autodrive-dev/dataconnect": could not find dataconnect.yaml in `/Users/autoknerd/Desktop/autodrive-dev/dataconnect`
 {"metadata":{"emulator":{"name":"dataconnect"},"message":"E0314 08:17:09.225524     693 watch.go:40] Failed to load config from \"/Users/autoknerd/Desktop/autodrive-dev/dataconnect\": could not find dataconnect.yaml in `/Users/autoknerd/Desktop/autodrive-dev/dataconnect`\n"}}
[debug] [2026-03-14T12:17:19.225Z] E0314 08:17:19.225661     693 watch.go:40] Failed to load config from "/Users/autoknerd/Desktop/autodrive-dev/dataconnect": could not find dataconnect.yaml in `/Users/autoknerd/Desktop/autodrive-dev/dataconnect`
E0314 08:17:19.225629     693 watch.go:116] watchAllDir unable to walk dir `/Users/autoknerd/Desktop/autodrive-dev/dataconnect`: lstat /Users/autoknerd/Desktop/autodrive-dev/dataconnect: no such file or directory
 {"metadata":{"emulator":{"name":"dataconnect"},"message":"E0314 08:17:19.225661     693 watch.go:40] Failed to load config from \"/Users/autoknerd/Desktop/autodrive-dev/dataconnect\": could not find dataconnect.yaml in `/Users/autoknerd/Desktop/autodrive-dev/dataconnect`\nE0314 08:17:19.225629     693 watch.go:116] watchAllDir unable to walk dir `/Users/autoknerd/Desktop/autodrive-dev/dataconnect`: lstat /Users/autoknerd/Desktop/autodrive-dev/dataconnect: no such file or directory\n"}}
[debug] [2026-03-14T12:17:29.225Z] E0314 08:17:29.225442     693 watch.go:40] Failed to load config from "/Users/autoknerd/Desktop/autodrive-dev/dataconnect": could not find dataconnect.yaml in `/Users/autoknerd/Desktop/autodrive-dev/dataconnect`
 {"metadata":{"emulator":{"name":"dataconnect"},"message":"E0314 08:17:29.225442     693 watch.go:40] Failed to load config from \"/Users/autoknerd/Desktop/autodrive-dev/dataconnect\": could not find dataconnect.yaml in `/Users/autoknerd/Desktop/autodrive-dev/dataconnect`\n"}}
[debug] [2026-03-14T12:17:39.226Z] E0314 08:17:39.226365     693 watch.go:40] Failed to load config from "/Users/autoknerd/Desktop/autodrive-dev/dataconnect": could not find dataconnect.yaml in `/Users/autoknerd/Desktop/autodrive-dev/dataconnect`
 {"metadata":{"emulator":{"name":"dataconnect"},"message":"E0314 08:17:39.226365     693 watch.go:40] Failed to load config from \"/Users/autoknerd/Desktop/autodrive-dev/dataconnect\": could not find dataconnect.yaml in `/Users/autoknerd/Desktop/autodrive-dev/dataconnect`\n"}}
[debug] [2026-03-14T12:17:49.225Z] E0314 08:17:49.225660     693 watch.go:40] Failed to load config from "/Users/autoknerd/Desktop/autodrive-dev/dataconnect": could not find dataconnect.yaml in `/Users/autoknerd/Desktop/autodrive-dev/dataconnect`
 {"metadata":{"emulator":{"name":"dataconnect"},"message":"E0314 08:17:49.225660     693 watch.go:40] Failed to load config from \"/Users/autoknerd/Desktop/autodrive-dev/dataconnect\": could not find dataconnect.yaml in `/Users/autoknerd/Desktop/autodrive-dev/dataconnect`\n"}}
[debug] [2026-03-14T12:17:59.226Z] E0314 08:17:59.226319     693 watch.go:40] Failed to load config from "/Users/autoknerd/Desktop/autodrive-dev/dataconnect": could not find dataconnect.yaml in `/Users/autoknerd/Desktop/autodrive-dev/dataconnect`
 {"metadata":{"emulator":{"name":"dataconnect"},"message":"E0314 08:17:59.226319     693 watch.go:40] Failed to load config from \"/Users/autoknerd/Desktop/autodrive-dev/dataconnect\": could not find dataconnect.yaml in `/Users/autoknerd/Desktop/autodrive-dev/dataconnect`\n"}}
[debug] [2026-03-14T12:18:09.226Z] E0314 08:18:09.226346     693 watch.go:40] Failed to load config from "/Users/autoknerd/Desktop/autodrive-dev/dataconnect": could not find dataconnect.yaml in `/Users/autoknerd/Desktop/autodrive-dev/dataconnect`
 {"metadata":{"emulator":{"name":"dataconnect"},"message":"E0314 08:18:09.226346     693 watch.go:40] Failed to load config from \"/Users/autoknerd/Desktop/autodrive-dev/dataconnect\": could not find dataconnect.yaml in `/Users/autoknerd/Desktop/autodrive-dev/dataconnect`\n"}}
[debug] [2026-03-14T12:18:19.225Z] E0314 08:18:19.225026     693 watch.go:116] watchAllDir unable to walk dir `/Users/autoknerd/Desktop/autodrive-dev/dataconnect`: lstat /Users/autoknerd/Desktop/autodrive-dev/dataconnect: no such file or directory
E0314 08:18:19.225069     693 watch.go:40] Failed to load config from "/Users/autoknerd/Desktop/autodrive-dev/dataconnect": could not find dataconnect.yaml in `/Users/autoknerd/Desktop/autodrive-dev/dataconnect`
 {"metadata":{"emulator":{"name":"dataconnect"},"message":"E0314 08:18:19.225026     693 watch.go:116] watchAllDir unable to walk dir `/Users/autoknerd/Desktop/autodrive-dev/dataconnect`: lstat /Users/autoknerd/Desktop/autodrive-dev/dataconnect: no such file or directory\nE0314 08:18:19.225069     693 watch.go:40] Failed to load config from \"/Users/autoknerd/Desktop/autodrive-dev/dataconnect\": could not find dataconnect.yaml in `/Users/autoknerd/Desktop/autodrive-dev/dataconnect`\n"}}
[debug] [2026-03-14T12:18:29.226Z] E0314 08:18:29.226433     693 watch.go:40] Failed to load config from "/Users/autoknerd/Desktop/autodrive-dev/dataconnect": could not find dataconnect.yaml in `/Users/autoknerd/Desktop/autodrive-dev/dataconnect`
 {"metadata":{"emulator":{"name":"dataconnect"},"message":"E0314 08:18:29.226433     693 watch.go:40] Failed to load config from \"/Users/autoknerd/Desktop/autodrive-dev/dataconnect\": could not find dataconnect.yaml in `/Users/autoknerd/Desktop/autodrive-dev/dataconnect`\n"}}
[debug] [2026-03-14T12:18:39.226Z] E0314 08:18:39.226492     693 watch.go:40] Failed to load config from "/Users/autoknerd/Desktop/autodrive-dev/dataconnect": could not find dataconnect.yaml in `/Users/autoknerd/Desktop/autodrive-dev/dataconnect`
 {"metadata":{"emulator":{"name":"dataconnect"},"message":"E0314 08:18:39.226492     693 watch.go:40] Failed to load config from \"/Users/autoknerd/Desktop/autodrive-dev/dataconnect\": could not find dataconnect.yaml in `/Users/autoknerd/Desktop/autodrive-dev/dataconnect`\n"}}
[debug] [2026-03-14T12:18:49.225Z] E0314 08:18:49.225566     693 watch.go:40] Failed to load config from "/Users/autoknerd/Desktop/autodrive-dev/dataconnect": could not find dataconnect.yaml in `/Users/autoknerd/Desktop/autodrive-dev/dataconnect`
 {"metadata":{"emulator":{"name":"dataconnect"},"message":"E0314 08:18:49.225566     693 watch.go:40] Failed to load config from \"/Users/autoknerd/Desktop/autodrive-dev/dataconnect\": could not find dataconnect.yaml in `/Users/autoknerd/Desktop/autodrive-dev/dataconnect`\n"}}
[debug] [2026-03-14T12:18:59.226Z] E0314 08:18:59.226590     693 watch.go:40] Failed to load config from "/Users/autoknerd/Desktop/autodrive-dev/dataconnect": could not find dataconnect.yaml in `/Users/autoknerd/Desktop/autodrive-dev/dataconnect`
 {"metadata":{"emulator":{"name":"dataconnect"},"message":"E0314 08:18:59.226590     693 watch.go:40] Failed to load config from \"/Users/autoknerd/Desktop/autodrive-dev/dataconnect\": could not find dataconnect.yaml in `/Users/autoknerd/Desktop/autodrive-dev/dataconnect`\n"}}
[debug] [2026-03-14T12:19:09.226Z] E0314 08:19:09.226429     693 watch.go:40] Failed to load config from "/Users/autoknerd/Desktop/autodrive-dev/dataconnect": could not find dataconnect.yaml in `/Users/autoknerd/Desktop/autodrive-dev/dataconnect`
 {"metadata":{"emulator":{"name":"dataconnect"},"message":"E0314 08:19:09.226429     693 watch.go:40] Failed to load config from \"/Users/autoknerd/Desktop/autodrive-dev/dataconnect\": could not find dataconnect.yaml in `/Users/autoknerd/Desktop/autodrive-dev/dataconnect`\n"}}
[debug] [2026-03-14T12:19:19.225Z] E0314 08:19:19.225727     693 watch.go:40] Failed to load config from "/Users/autoknerd/Desktop/autodrive-dev/dataconnect": could not find dataconnect.yaml in `/Users/autoknerd/Desktop/autodrive-dev/dataconnect`
E0314 08:19:19.225696     693 watch.go:116] watchAllDir unable to walk dir `/Users/autoknerd/Desktop/autodrive-dev/dataconnect`: lstat /Users/autoknerd/Desktop/autodrive-dev/dataconnect: no such file or directory
 {"metadata":{"emulator":{"name":"dataconnect"},"message":"E0314 08:19:19.225727     693 watch.go:40] Failed to load config from \"/Users/autoknerd/Desktop/autodrive-dev/dataconnect\": could not find dataconnect.yaml in `/Users/autoknerd/Desktop/autodrive-dev/dataconnect`\nE0314 08:19:19.225696     693 watch.go:116] watchAllDir unable to walk dir `/Users/autoknerd/Desktop/autodrive-dev/dataconnect`: lstat /Users/autoknerd/Desktop/autodrive-dev/dataconnect: no such file or directory\n"}}
[debug] [2026-03-14T12:19:29.226Z] E0314 08:19:29.226478     693 watch.go:40] Failed to load config from "/Users/autoknerd/Desktop/autodrive-dev/dataconnect": could not find dataconnect.yaml in `/Users/autoknerd/Desktop/autodrive-dev/dataconnect`
 {"metadata":{"emulator":{"name":"dataconnect"},"message":"E0314 08:19:29.226478     693 watch.go:40] Failed to load config from \"/Users/autoknerd/Desktop/autodrive-dev/dataconnect\": could not find dataconnect.yaml in `/Users/autoknerd/Desktop/autodrive-dev/dataconnect`\n"}}
[debug] [2026-03-14T12:19:39.226Z] E0314 08:19:39.226528     693 watch.go:40] Failed to load config from "/Users/autoknerd/Desktop/autodrive-dev/dataconnect": could not find dataconnect.yaml in `/Users/autoknerd/Desktop/autodrive-dev/dataconnect`
 {"metadata":{"emulator":{"name":"dataconnect"},"message":"E0314 08:19:39.226528     693 watch.go:40] Failed to load config from \"/Users/autoknerd/Desktop/autodrive-dev/dataconnect\": could not find dataconnect.yaml in `/Users/autoknerd/Desktop/autodrive-dev/dataconnect`\n"}}
[debug] [2026-03-14T12:19:49.226Z] E0314 08:19:49.225836     693 watch.go:40] Failed to load config from "/Users/autoknerd/Desktop/autodrive-dev/dataconnect": could not find dataconnect.yaml in `/Users/autoknerd/Desktop/autodrive-dev/dataconnect`
 {"metadata":{"emulator":{"name":"dataconnect"},"message":"E0314 08:19:49.225836     693 watch.go:40] Failed to load config from \"/Users/autoknerd/Desktop/autodrive-dev/dataconnect\": could not find dataconnect.yaml in `/Users/autoknerd/Desktop/autodrive-dev/dataconnect`\n"}}
[debug] [2026-03-14T12:19:59.226Z] E0314 08:19:59.226484     693 watch.go:40] Failed to load config from "/Users/autoknerd/Desktop/autodrive-dev/dataconnect": could not find dataconnect.yaml in `/Users/autoknerd/Desktop/autodrive-dev/dataconnect`
 {"metadata":{"emulator":{"name":"dataconnect"},"message":"E0314 08:19:59.226484     693 watch.go:40] Failed to load config from \"/Users/autoknerd/Desktop/autodrive-dev/dataconnect\": could not find dataconnect.yaml in `/Users/autoknerd/Desktop/autodrive-dev/dataconnect`\n"}}
[debug] [2026-03-14T12:20:09.226Z] E0314 08:20:09.226458     693 watch.go:40] Failed to load config from "/Users/autoknerd/Desktop/autodrive-dev/dataconnect": could not find dataconnect.yaml in `/Users/autoknerd/Desktop/autodrive-dev/dataconnect`
 {"metadata":{"emulator":{"name":"dataconnect"},"message":"E0314 08:20:09.226458     693 watch.go:40] Failed to load config from \"/Users/autoknerd/Desktop/autodrive-dev/dataconnect\": could not find dataconnect.yaml in `/Users/autoknerd/Desktop/autodrive-dev/dataconnect`\n"}}
[debug] [2026-03-14T12:20:19.225Z] E0314 08:20:19.225690     693 watch.go:116] watchAllDir unable to walk dir `/Users/autoknerd/Desktop/autodrive-dev/dataconnect`: lstat /Users/autoknerd/Desktop/autodrive-dev/dataconnect: no such file or directory
E0314 08:20:19.225734     693 watch.go:40] Failed to load config from "/Users/autoknerd/Desktop/autodrive-dev/dataconnect": could not find dataconnect.yaml in `/Users/autoknerd/Desktop/autodrive-dev/dataconnect`
 {"metadata":{"emulator":{"name":"dataconnect"},"message":"E0314 08:20:19.225690     693 watch.go:116] watchAllDir unable to walk dir `/Users/autoknerd/Desktop/autodrive-dev/dataconnect`: lstat /Users/autoknerd/Desktop/autodrive-dev/dataconnect: no such file or directory\nE0314 08:20:19.225734     693 watch.go:40] Failed to load config from \"/Users/autoknerd/Desktop/autodrive-dev/dataconnect\": could not find dataconnect.yaml in `/Users/autoknerd/Desktop/autodrive-dev/dataconnect`\n"}}
[debug] [2026-03-14T12:20:29.225Z] E0314 08:20:29.225674     693 watch.go:40] Failed to load config from "/Users/autoknerd/Desktop/autodrive-dev/dataconnect": could not find dataconnect.yaml in `/Users/autoknerd/Desktop/autodrive-dev/dataconnect`
 {"metadata":{"emulator":{"name":"dataconnect"},"message":"E0314 08:20:29.225674     693 watch.go:40] Failed to load config from \"/Users/autoknerd/Desktop/autodrive-dev/dataconnect\": could not find dataconnect.yaml in `/Users/autoknerd/Desktop/autodrive-dev/dataconnect`\n"}}
[debug] [2026-03-14T12:20:39.226Z] E0314 08:20:39.226426     693 watch.go:40] Failed to load config from "/Users/autoknerd/Desktop/autodrive-dev/dataconnect": could not find dataconnect.yaml in `/Users/autoknerd/Desktop/autodrive-dev/dataconnect`
 {"metadata":{"emulator":{"name":"dataconnect"},"message":"E0314 08:20:39.226426     693 watch.go:40] Failed to load config from \"/Users/autoknerd/Desktop/autodrive-dev/dataconnect\": could not find dataconnect.yaml in `/Users/autoknerd/Desktop/autodrive-dev/dataconnect`\n"}}
[debug] [2026-03-14T12:20:49.225Z] E0314 08:20:49.225484     693 watch.go:40] Failed to load config from "/Users/autoknerd/Desktop/autodrive-dev/dataconnect": could not find dataconnect.yaml in `/Users/autoknerd/Desktop/autodrive-dev/dataconnect`
 {"metadata":{"emulator":{"name":"dataconnect"},"message":"E0314 08:20:49.225484     693 watch.go:40] Failed to load config from \"/Users/autoknerd/Desktop/autodrive-dev/dataconnect\": could not find dataconnect.yaml in `/Users/autoknerd/Desktop/autodrive-dev/dataconnect`\n"}}
[debug] [2026-03-14T12:20:59.226Z] E0314 08:20:59.226495     693 watch.go:40] Failed to load config from "/Users/autoknerd/Desktop/autodrive-dev/dataconnect": could not find dataconnect.yaml in `/Users/autoknerd/Desktop/autodrive-dev/dataconnect`
 {"metadata":{"emulator":{"name":"dataconnect"},"message":"E0314 08:20:59.226495     693 watch.go:40] Failed to load config from \"/Users/autoknerd/Desktop/autodrive-dev/dataconnect\": could not find dataconnect.yaml in `/Users/autoknerd/Desktop/autodrive-dev/dataconnect`\n"}}
[debug] [2026-03-14T12:21:09.227Z] E0314 08:21:09.226737     693 watch.go:40] Failed to load config from "/Users/autoknerd/Desktop/autodrive-dev/dataconnect": could not find dataconnect.yaml in `/Users/autoknerd/Desktop/autodrive-dev/dataconnect`
 {"metadata":{"emulator":{"name":"dataconnect"},"message":"E0314 08:21:09.226737     693 watch.go:40] Failed to load config from \"/Users/autoknerd/Desktop/autodrive-dev/dataconnect\": could not find dataconnect.yaml in `/Users/autoknerd/Desktop/autodrive-dev/dataconnect`\n"}}
[debug] [2026-03-14T12:21:19.226Z] E0314 08:21:19.225843     693 watch.go:40] Failed to load config from "/Users/autoknerd/Desktop/autodrive-dev/dataconnect": could not find dataconnect.yaml in `/Users/autoknerd/Desktop/autodrive-dev/dataconnect`
 {"metadata":{"emulator":{"name":"dataconnect"},"message":"E0314 08:21:19.225843     693 watch.go:40] Failed to load config from \"/Users/autoknerd/Desktop/autodrive-dev/dataconnect\": could not find dataconnect.yaml in `/Users/autoknerd/Desktop/autodrive-dev/dataconnect`\n"}}
[debug] [2026-03-14T12:21:19.228Z] E0314 08:21:19.228217     693 watch.go:116] watchAllDir unable to walk dir `/Users/autoknerd/Desktop/autodrive-dev/dataconnect`: lstat /Users/autoknerd/Desktop/autodrive-dev/dataconnect: no such file or directory
 {"metadata":{"emulator":{"name":"dataconnect"},"message":"E0314 08:21:19.228217     693 watch.go:116] watchAllDir unable to walk dir `/Users/autoknerd/Desktop/autodrive-dev/dataconnect`: lstat /Users/autoknerd/Desktop/autodrive-dev/dataconnect: no such file or directory\n"}}
[debug] [2026-03-14T12:21:29.226Z] E0314 08:21:29.226508     693 watch.go:40] Failed to load config from "/Users/autoknerd/Desktop/autodrive-dev/dataconnect": could not find dataconnect.yaml in `/Users/autoknerd/Desktop/autodrive-dev/dataconnect`
 {"metadata":{"emulator":{"name":"dataconnect"},"message":"E0314 08:21:29.226508     693 watch.go:40] Failed to load config from \"/Users/autoknerd/Desktop/autodrive-dev/dataconnect\": could not find dataconnect.yaml in `/Users/autoknerd/Desktop/autodrive-dev/dataconnect`\n"}}
[debug] [2026-03-14T12:21:39.226Z] E0314 08:21:39.226405     693 watch.go:40] Failed to load config from "/Users/autoknerd/Desktop/autodrive-dev/dataconnect": could not find dataconnect.yaml in `/Users/autoknerd/Desktop/autodrive-dev/dataconnect`
 {"metadata":{"emulator":{"name":"dataconnect"},"message":"E0314 08:21:39.226405     693 watch.go:40] Failed to load config from \"/Users/autoknerd/Desktop/autodrive-dev/dataconnect\": could not find dataconnect.yaml in `/Users/autoknerd/Desktop/autodrive-dev/dataconnect`\n"}}
[debug] [2026-03-14T12:21:49.224Z] E0314 08:21:49.224309     693 watch.go:40] Failed to load config from "/Users/autoknerd/Desktop/autodrive-dev/dataconnect": could not find dataconnect.yaml in `/Users/autoknerd/Desktop/autodrive-dev/dataconnect`
 {"metadata":{"emulator":{"name":"dataconnect"},"message":"E0314 08:21:49.224309     693 watch.go:40] Failed to load config from \"/Users/autoknerd/Desktop/autodrive-dev/dataconnect\": could not find dataconnect.yaml in `/Users/autoknerd/Desktop/autodrive-dev/dataconnect`\n"}}
[debug] [2026-03-14T12:21:59.223Z] E0314 08:21:59.223805     693 watch.go:40] Failed to load config from "/Users/autoknerd/Desktop/autodrive-dev/dataconnect": could not find dataconnect.yaml in `/Users/autoknerd/Desktop/autodrive-dev/dataconnect`
 {"metadata":{"emulator":{"name":"dataconnect"},"message":"E0314 08:21:59.223805     693 watch.go:40] Failed to load config from \"/Users/autoknerd/Desktop/autodrive-dev/dataconnect\": could not find dataconnect.yaml in `/Users/autoknerd/Desktop/autodrive-dev/dataconnect`\n"}}
[debug] [2026-03-14T12:22:09.223Z] E0314 08:22:09.223057     693 watch.go:40] Failed to load config from "/Users/autoknerd/Desktop/autodrive-dev/dataconnect": could not find dataconnect.yaml in `/Users/autoknerd/Desktop/autodrive-dev/dataconnect`
 {"metadata":{"emulator":{"name":"dataconnect"},"message":"E0314 08:22:09.223057     693 watch.go:40] Failed to load config from \"/Users/autoknerd/Desktop/autodrive-dev/dataconnect\": could not find dataconnect.yaml in `/Users/autoknerd/Desktop/autodrive-dev/dataconnect`\n"}}
[debug] [2026-03-14T12:22:19.223Z] E0314 08:22:19.223384     693 watch.go:116] watchAllDir unable to walk dir `/Users/autoknerd/Desktop/autodrive-dev/dataconnect`: lstat /Users/autoknerd/Desktop/autodrive-dev/dataconnect: no such file or directory
E0314 08:22:19.223417     693 watch.go:40] Failed to load config from "/Users/autoknerd/Desktop/autodrive-dev/dataconnect": could not find dataconnect.yaml in `/Users/autoknerd/Desktop/autodrive-dev/dataconnect`
 {"metadata":{"emulator":{"name":"dataconnect"},"message":"E0314 08:22:19.223384     693 watch.go:116] watchAllDir unable to walk dir `/Users/autoknerd/Desktop/autodrive-dev/dataconnect`: lstat /Users/autoknerd/Desktop/autodrive-dev/dataconnect: no such file or directory\nE0314 08:22:19.223417     693 watch.go:40] Failed to load config from \"/Users/autoknerd/Desktop/autodrive-dev/dataconnect\": could not find dataconnect.yaml in `/Users/autoknerd/Desktop/autodrive-dev/dataconnect`\n"}}
[debug] [2026-03-14T12:22:29.223Z] E0314 08:22:29.223616     693 watch.go:40] Failed to load config from "/Users/autoknerd/Desktop/autodrive-dev/dataconnect": could not find dataconnect.yaml in `/Users/autoknerd/Desktop/autodrive-dev/dataconnect`
 {"metadata":{"emulator":{"name":"dataconnect"},"message":"E0314 08:22:29.223616     693 watch.go:40] Failed to load config from \"/Users/autoknerd/Desktop/autodrive-dev/dataconnect\": could not find dataconnect.yaml in `/Users/autoknerd/Desktop/autodrive-dev/dataconnect`\n"}}
[debug] [2026-03-14T12:22:39.223Z] E0314 08:22:39.223583     693 watch.go:40] Failed to load config from "/Users/autoknerd/Desktop/autodrive-dev/dataconnect": could not find dataconnect.yaml in `/Users/autoknerd/Desktop/autodrive-dev/dataconnect`
 {"metadata":{"emulator":{"name":"dataconnect"},"message":"E0314 08:22:39.223583     693 watch.go:40] Failed to load config from \"/Users/autoknerd/Desktop/autodrive-dev/dataconnect\": could not find dataconnect.yaml in `/Users/autoknerd/Desktop/autodrive-dev/dataconnect`\n"}}
[debug] [2026-03-14T12:22:49.223Z] E0314 08:22:49.222851     693 watch.go:40] Failed to load config from "/Users/autoknerd/Desktop/autodrive-dev/dataconnect": could not find dataconnect.yaml in `/Users/autoknerd/Desktop/autodrive-dev/dataconnect`
 {"metadata":{"emulator":{"name":"dataconnect"},"message":"E0314 08:22:49.222851     693 watch.go:40] Failed to load config from \"/Users/autoknerd/Desktop/autodrive-dev/dataconnect\": could not find dataconnect.yaml in `/Users/autoknerd/Desktop/autodrive-dev/dataconnect`\n"}}
[debug] [2026-03-14T12:22:59.223Z] E0314 08:22:59.223553     693 watch.go:40] Failed to load config from "/Users/autoknerd/Desktop/autodrive-dev/dataconnect": could not find dataconnect.yaml in `/Users/autoknerd/Desktop/autodrive-dev/dataconnect`
 {"metadata":{"emulator":{"name":"dataconnect"},"message":"E0314 08:22:59.223553     693 watch.go:40] Failed to load config from \"/Users/autoknerd/Desktop/autodrive-dev/dataconnect\": could not find dataconnect.yaml in `/Users/autoknerd/Desktop/autodrive-dev/dataconnect`\n"}}
[debug] [2026-03-14T12:23:09.223Z] E0314 08:23:09.223511     693 watch.go:40] Failed to load config from "/Users/autoknerd/Desktop/autodrive-dev/dataconnect": could not find dataconnect.yaml in `/Users/autoknerd/Desktop/autodrive-dev/dataconnect`
 {"metadata":{"emulator":{"name":"dataconnect"},"message":"E0314 08:23:09.223511     693 watch.go:40] Failed to load config from \"/Users/autoknerd/Desktop/autodrive-dev/dataconnect\": could not find dataconnect.yaml in `/Users/autoknerd/Desktop/autodrive-dev/dataconnect`\n"}}
[debug] [2026-03-14T12:23:19.223Z] E0314 08:23:19.223205     693 watch.go:40] Failed to load config from "/Users/autoknerd/Desktop/autodrive-dev/dataconnect": could not find dataconnect.yaml in `/Users/autoknerd/Desktop/autodrive-dev/dataconnect`
E0314 08:23:19.223185     693 watch.go:116] watchAllDir unable to walk dir `/Users/autoknerd/Desktop/autodrive-dev/dataconnect`: lstat /Users/autoknerd/Desktop/autodrive-dev/dataconnect: no such file or directory
 {"metadata":{"emulator":{"name":"dataconnect"},"message":"E0314 08:23:19.223205     693 watch.go:40] Failed to load config from \"/Users/autoknerd/Desktop/autodrive-dev/dataconnect\": could not find dataconnect.yaml in `/Users/autoknerd/Desktop/autodrive-dev/dataconnect`\nE0314 08:23:19.223185     693 watch.go:116] watchAllDir unable to walk dir `/Users/autoknerd/Desktop/autodrive-dev/dataconnect`: lstat /Users/autoknerd/Desktop/autodrive-dev/dataconnect: no such file or directory\n"}}
[debug] [2026-03-14T12:23:29.223Z] E0314 08:23:29.223622     693 watch.go:40] Failed to load config from "/Users/autoknerd/Desktop/autodrive-dev/dataconnect": could not find dataconnect.yaml in `/Users/autoknerd/Desktop/autodrive-dev/dataconnect`
 {"metadata":{"emulator":{"name":"dataconnect"},"message":"E0314 08:23:29.223622     693 watch.go:40] Failed to load config from \"/Users/autoknerd/Desktop/autodrive-dev/dataconnect\": could not find dataconnect.yaml in `/Users/autoknerd/Desktop/autodrive-dev/dataconnect`\n"}}
[debug] [2026-03-14T12:23:39.223Z] E0314 08:23:39.223132     693 watch.go:40] Failed to load config from "/Users/autoknerd/Desktop/autodrive-dev/dataconnect": could not find dataconnect.yaml in `/Users/autoknerd/Desktop/autodrive-dev/dataconnect`
 {"metadata":{"emulator":{"name":"dataconnect"},"message":"E0314 08:23:39.223132     693 watch.go:40] Failed to load config from \"/Users/autoknerd/Desktop/autodrive-dev/dataconnect\": could not find dataconnect.yaml in `/Users/autoknerd/Desktop/autodrive-dev/dataconnect`\n"}}
[debug] [2026-03-14T12:23:49.223Z] E0314 08:23:49.222994     693 watch.go:40] Failed to load config from "/Users/autoknerd/Desktop/autodrive-dev/dataconnect": could not find dataconnect.yaml in `/Users/autoknerd/Desktop/autodrive-dev/dataconnect`
 {"metadata":{"emulator":{"name":"dataconnect"},"message":"E0314 08:23:49.222994     693 watch.go:40] Failed to load config from \"/Users/autoknerd/Desktop/autodrive-dev/dataconnect\": could not find dataconnect.yaml in `/Users/autoknerd/Desktop/autodrive-dev/dataconnect`\n"}}
[debug] [2026-03-14T12:23:59.223Z] E0314 08:23:59.223522     693 watch.go:40] Failed to load config from "/Users/autoknerd/Desktop/autodrive-dev/dataconnect": could not find dataconnect.yaml in `/Users/autoknerd/Desktop/autodrive-dev/dataconnect`
 {"metadata":{"emulator":{"name":"dataconnect"},"message":"E0314 08:23:59.223522     693 watch.go:40] Failed to load config from \"/Users/autoknerd/Desktop/autodrive-dev/dataconnect\": could not find dataconnect.yaml in `/Users/autoknerd/Desktop/autodrive-dev/dataconnect`\n"}}
[debug] [2026-03-14T12:24:09.223Z] E0314 08:24:09.223023     693 watch.go:40] Failed to load config from "/Users/autoknerd/Desktop/autodrive-dev/dataconnect": could not find dataconnect.yaml in `/Users/autoknerd/Desktop/autodrive-dev/dataconnect`
 {"metadata":{"emulator":{"name":"dataconnect"},"message":"E0314 08:24:09.223023     693 watch.go:40] Failed to load config from \"/Users/autoknerd/Desktop/autodrive-dev/dataconnect\": could not find dataconnect.yaml in `/Users/autoknerd/Desktop/autodrive-dev/dataconnect`\n"}}
[debug] [2026-03-14T12:24:19.223Z] E0314 08:24:19.222904     693 watch.go:40] Failed to load config from "/Users/autoknerd/Desktop/autodrive-dev/dataconnect": could not find dataconnect.yaml in `/Users/autoknerd/Desktop/autodrive-dev/dataconnect`
E0314 08:24:19.222889     693 watch.go:116] watchAllDir unable to walk dir `/Users/autoknerd/Desktop/autodrive-dev/dataconnect`: lstat /Users/autoknerd/Desktop/autodrive-dev/dataconnect: no such file or directory
 {"metadata":{"emulator":{"name":"dataconnect"},"message":"E0314 08:24:19.222904     693 watch.go:40] Failed to load config from \"/Users/autoknerd/Desktop/autodrive-dev/dataconnect\": could not find dataconnect.yaml in `/Users/autoknerd/Desktop/autodrive-dev/dataconnect`\nE0314 08:24:19.222889     693 watch.go:116] watchAllDir unable to walk dir `/Users/autoknerd/Desktop/autodrive-dev/dataconnect`: lstat /Users/autoknerd/Desktop/autodrive-dev/dataconnect: no such file or directory\n"}}
[debug] [2026-03-14T12:24:29.223Z] E0314 08:24:29.223331     693 watch.go:40] Failed to load config from "/Users/autoknerd/Desktop/autodrive-dev/dataconnect": could not find dataconnect.yaml in `/Users/autoknerd/Desktop/autodrive-dev/dataconnect`
 {"metadata":{"emulator":{"name":"dataconnect"},"message":"E0314 08:24:29.223331     693 watch.go:40] Failed to load config from \"/Users/autoknerd/Desktop/autodrive-dev/dataconnect\": could not find dataconnect.yaml in `/Users/autoknerd/Desktop/autodrive-dev/dataconnect`\n"}}
[debug] [2026-03-14T12:24:39.223Z] E0314 08:24:39.223725     693 watch.go:40] Failed to load config from "/Users/autoknerd/Desktop/autodrive-dev/dataconnect": could not find dataconnect.yaml in `/Users/autoknerd/Desktop/autodrive-dev/dataconnect`
 {"metadata":{"emulator":{"name":"dataconnect"},"message":"E0314 08:24:39.223725     693 watch.go:40] Failed to load config from \"/Users/autoknerd/Desktop/autodrive-dev/dataconnect\": could not find dataconnect.yaml in `/Users/autoknerd/Desktop/autodrive-dev/dataconnect`\n"}}
[debug] [2026-03-14T12:24:49.223Z] E0314 08:24:49.223321     693 watch.go:40] Failed to load config from "/Users/autoknerd/Desktop/autodrive-dev/dataconnect": could not find dataconnect.yaml in `/Users/autoknerd/Desktop/autodrive-dev/dataconnect`
 {"metadata":{"emulator":{"name":"dataconnect"},"message":"E0314 08:24:49.223321     693 watch.go:40] Failed to load config from \"/Users/autoknerd/Desktop/autodrive-dev/dataconnect\": could not find dataconnect.yaml in `/Users/autoknerd/Desktop/autodrive-dev/dataconnect`\n"}}
[debug] [2026-03-14T12:24:59.223Z] E0314 08:24:59.223650     693 watch.go:40] Failed to load config from "/Users/autoknerd/Desktop/autodrive-dev/dataconnect": could not find dataconnect.yaml in `/Users/autoknerd/Desktop/autodrive-dev/dataconnect`
 {"metadata":{"emulator":{"name":"dataconnect"},"message":"E0314 08:24:59.223650     693 watch.go:40] Failed to load config from \"/Users/autoknerd/Desktop/autodrive-dev/dataconnect\": could not find dataconnect.yaml in `/Users/autoknerd/Desktop/autodrive-dev/dataconnect`\n"}}
[debug] [2026-03-14T12:25:09.223Z] E0314 08:25:09.223695     693 watch.go:40] Failed to load config from "/Users/autoknerd/Desktop/autodrive-dev/dataconnect": could not find dataconnect.yaml in `/Users/autoknerd/Desktop/autodrive-dev/dataconnect`
 {"metadata":{"emulator":{"name":"dataconnect"},"message":"E0314 08:25:09.223695     693 watch.go:40] Failed to load config from \"/Users/autoknerd/Desktop/autodrive-dev/dataconnect\": could not find dataconnect.yaml in `/Users/autoknerd/Desktop/autodrive-dev/dataconnect`\n"}}
[debug] [2026-03-14T12:25:19.224Z] E0314 08:25:19.223640     693 watch.go:116] watchAllDir unable to walk dir `/Users/autoknerd/Desktop/autodrive-dev/dataconnect`: lstat /Users/autoknerd/Desktop/autodrive-dev/dataconnect: no such file or directory
E0314 08:25:19.223929     693 watch.go:40] Failed to load config from "/Users/autoknerd/Desktop/autodrive-dev/dataconnect": could not find dataconnect.yaml in `/Users/autoknerd/Desktop/autodrive-dev/dataconnect`
 {"metadata":{"emulator":{"name":"dataconnect"},"message":"E0314 08:25:19.223640     693 watch.go:116] watchAllDir unable to walk dir `/Users/autoknerd/Desktop/autodrive-dev/dataconnect`: lstat /Users/autoknerd/Desktop/autodrive-dev/dataconnect: no such file or directory\nE0314 08:25:19.223929     693 watch.go:40] Failed to load config from \"/Users/autoknerd/Desktop/autodrive-dev/dataconnect\": could not find dataconnect.yaml in `/Users/autoknerd/Desktop/autodrive-dev/dataconnect`\n"}}
[debug] [2026-03-14T12:25:29.224Z] E0314 08:25:29.223814     693 watch.go:40] Failed to load config from "/Users/autoknerd/Desktop/autodrive-dev/dataconnect": could not find dataconnect.yaml in `/Users/autoknerd/Desktop/autodrive-dev/dataconnect`
 {"metadata":{"emulator":{"name":"dataconnect"},"message":"E0314 08:25:29.223814     693 watch.go:40] Failed to load config from \"/Users/autoknerd/Desktop/autodrive-dev/dataconnect\": could not find dataconnect.yaml in `/Users/autoknerd/Desktop/autodrive-dev/dataconnect`\n"}}
[debug] [2026-03-14T12:25:39.223Z] E0314 08:25:39.223660     693 watch.go:40] Failed to load config from "/Users/autoknerd/Desktop/autodrive-dev/dataconnect": could not find dataconnect.yaml in `/Users/autoknerd/Desktop/autodrive-dev/dataconnect`
 {"metadata":{"emulator":{"name":"dataconnect"},"message":"E0314 08:25:39.223660     693 watch.go:40] Failed to load config from \"/Users/autoknerd/Desktop/autodrive-dev/dataconnect\": could not find dataconnect.yaml in `/Users/autoknerd/Desktop/autodrive-dev/dataconnect`\n"}}
[debug] [2026-03-14T12:25:49.223Z] E0314 08:25:49.223217     693 watch.go:40] Failed to load config from "/Users/autoknerd/Desktop/autodrive-dev/dataconnect": could not find dataconnect.yaml in `/Users/autoknerd/Desktop/autodrive-dev/dataconnect`
 {"metadata":{"emulator":{"name":"dataconnect"},"message":"E0314 08:25:49.223217     693 watch.go:40] Failed to load config from \"/Users/autoknerd/Desktop/autodrive-dev/dataconnect\": could not find dataconnect.yaml in `/Users/autoknerd/Desktop/autodrive-dev/dataconnect`\n"}}
[debug] [2026-03-14T12:25:59.223Z] E0314 08:25:59.223339     693 watch.go:40] Failed to load config from "/Users/autoknerd/Desktop/autodrive-dev/dataconnect": could not find dataconnect.yaml in `/Users/autoknerd/Desktop/autodrive-dev/dataconnect`
 {"metadata":{"emulator":{"name":"dataconnect"},"message":"E0314 08:25:59.223339     693 watch.go:40] Failed to load config from \"/Users/autoknerd/Desktop/autodrive-dev/dataconnect\": could not find dataconnect.yaml in `/Users/autoknerd/Desktop/autodrive-dev/dataconnect`\n"}}
[debug] [2026-03-14T12:26:09.223Z] E0314 08:26:09.223607     693 watch.go:40] Failed to load config from "/Users/autoknerd/Desktop/autodrive-dev/dataconnect": could not find dataconnect.yaml in `/Users/autoknerd/Desktop/autodrive-dev/dataconnect`
 {"metadata":{"emulator":{"name":"dataconnect"},"message":"E0314 08:26:09.223607     693 watch.go:40] Failed to load config from \"/Users/autoknerd/Desktop/autodrive-dev/dataconnect\": could not find dataconnect.yaml in `/Users/autoknerd/Desktop/autodrive-dev/dataconnect`\n"}}
[debug] [2026-03-14T12:26:19.223Z] E0314 08:26:19.222954     693 watch.go:40] Failed to load config from "/Users/autoknerd/Desktop/autodrive-dev/dataconnect": could not find dataconnect.yaml in `/Users/autoknerd/Desktop/autodrive-dev/dataconnect`
E0314 08:26:19.222915     693 watch.go:116] watchAllDir unable to walk dir `/Users/autoknerd/Desktop/autodrive-dev/dataconnect`: lstat /Users/autoknerd/Desktop/autodrive-dev/dataconnect: no such file or directory
 {"metadata":{"emulator":{"name":"dataconnect"},"message":"E0314 08:26:19.222954     693 watch.go:40] Failed to load config from \"/Users/autoknerd/Desktop/autodrive-dev/dataconnect\": could not find dataconnect.yaml in `/Users/autoknerd/Desktop/autodrive-dev/dataconnect`\nE0314 08:26:19.222915     693 watch.go:116] watchAllDir unable to walk dir `/Users/autoknerd/Desktop/autodrive-dev/dataconnect`: lstat /Users/autoknerd/Desktop/autodrive-dev/dataconnect: no such file or directory\n"}}
[debug] [2026-03-14T12:26:29.223Z] E0314 08:26:29.223671     693 watch.go:40] Failed to load config from "/Users/autoknerd/Desktop/autodrive-dev/dataconnect": could not find dataconnect.yaml in `/Users/autoknerd/Desktop/autodrive-dev/dataconnect`
 {"metadata":{"emulator":{"name":"dataconnect"},"message":"E0314 08:26:29.223671     693 watch.go:40] Failed to load config from \"/Users/autoknerd/Desktop/autodrive-dev/dataconnect\": could not find dataconnect.yaml in `/Users/autoknerd/Desktop/autodrive-dev/dataconnect`\n"}}
[debug] [2026-03-14T12:26:39.223Z] E0314 08:26:39.223687     693 watch.go:40] Failed to load config from "/Users/autoknerd/Desktop/autodrive-dev/dataconnect": could not find dataconnect.yaml in `/Users/autoknerd/Desktop/autodrive-dev/dataconnect`
 {"metadata":{"emulator":{"name":"dataconnect"},"message":"E0314 08:26:39.223687     693 watch.go:40] Failed to load config from \"/Users/autoknerd/Desktop/autodrive-dev/dataconnect\": could not find dataconnect.yaml in `/Users/autoknerd/Desktop/autodrive-dev/dataconnect`\n"}}
[debug] [2026-03-14T12:26:49.223Z] E0314 08:26:49.223298     693 watch.go:40] Failed to load config from "/Users/autoknerd/Desktop/autodrive-dev/dataconnect": could not find dataconnect.yaml in `/Users/autoknerd/Desktop/autodrive-dev/dataconnect`
 {"metadata":{"emulator":{"name":"dataconnect"},"message":"E0314 08:26:49.223298     693 watch.go:40] Failed to load config from \"/Users/autoknerd/Desktop/autodrive-dev/dataconnect\": could not find dataconnect.yaml in `/Users/autoknerd/Desktop/autodrive-dev/dataconnect`\n"}}
[debug] [2026-03-14T12:26:59.223Z] E0314 08:26:59.223576     693 watch.go:40] Failed to load config from "/Users/autoknerd/Desktop/autodrive-dev/dataconnect": could not find dataconnect.yaml in `/Users/autoknerd/Desktop/autodrive-dev/dataconnect`
 {"metadata":{"emulator":{"name":"dataconnect"},"message":"E0314 08:26:59.223576     693 watch.go:40] Failed to load config from \"/Users/autoknerd/Desktop/autodrive-dev/dataconnect\": could not find dataconnect.yaml in `/Users/autoknerd/Desktop/autodrive-dev/dataconnect`\n"}}
[debug] [2026-03-14T12:27:09.223Z] E0314 08:27:09.223427     693 watch.go:40] Failed to load config from "/Users/autoknerd/Desktop/autodrive-dev/dataconnect": could not find dataconnect.yaml in `/Users/autoknerd/Desktop/autodrive-dev/dataconnect`
 {"metadata":{"emulator":{"name":"dataconnect"},"message":"E0314 08:27:09.223427     693 watch.go:40] Failed to load config from \"/Users/autoknerd/Desktop/autodrive-dev/dataconnect\": could not find dataconnect.yaml in `/Users/autoknerd/Desktop/autodrive-dev/dataconnect`\n"}}
[debug] [2026-03-14T12:27:19.223Z] E0314 08:27:19.223422     693 watch.go:116] watchAllDir unable to walk dir `/Users/autoknerd/Desktop/autodrive-dev/dataconnect`: lstat /Users/autoknerd/Desktop/autodrive-dev/dataconnect: no such file or directory
E0314 08:27:19.223474     693 watch.go:40] Failed to load config from "/Users/autoknerd/Desktop/autodrive-dev/dataconnect": could not find dataconnect.yaml in `/Users/autoknerd/Desktop/autodrive-dev/dataconnect`
 {"metadata":{"emulator":{"name":"dataconnect"},"message":"E0314 08:27:19.223422     693 watch.go:116] watchAllDir unable to walk dir `/Users/autoknerd/Desktop/autodrive-dev/dataconnect`: lstat /Users/autoknerd/Desktop/autodrive-dev/dataconnect: no such file or directory\nE0314 08:27:19.223474     693 watch.go:40] Failed to load config from \"/Users/autoknerd/Desktop/autodrive-dev/dataconnect\": could not find dataconnect.yaml in `/Users/autoknerd/Desktop/autodrive-dev/dataconnect`\n"}}
[debug] [2026-03-14T12:27:29.227Z] E0314 08:27:29.222919     693 watch.go:40] Failed to load config from "/Users/autoknerd/Desktop/autodrive-dev/dataconnect": could not find dataconnect.yaml in `/Users/autoknerd/Desktop/autodrive-dev/dataconnect`
 {"metadata":{"emulator":{"name":"dataconnect"},"message":"E0314 08:27:29.222919     693 watch.go:40] Failed to load config from \"/Users/autoknerd/Desktop/autodrive-dev/dataconnect\": could not find dataconnect.yaml in `/Users/autoknerd/Desktop/autodrive-dev/dataconnect`\n"}}
[debug] [2026-03-14T12:27:39.224Z] E0314 08:27:39.223787     693 watch.go:40] Failed to load config from "/Users/autoknerd/Desktop/autodrive-dev/dataconnect": could not find dataconnect.yaml in `/Users/autoknerd/Desktop/autodrive-dev/dataconnect`
 {"metadata":{"emulator":{"name":"dataconnect"},"message":"E0314 08:27:39.223787     693 watch.go:40] Failed to load config from \"/Users/autoknerd/Desktop/autodrive-dev/dataconnect\": could not find dataconnect.yaml in `/Users/autoknerd/Desktop/autodrive-dev/dataconnect`\n"}}
[debug] [2026-03-14T12:27:49.223Z] E0314 08:27:49.223305     693 watch.go:40] Failed to load config from "/Users/autoknerd/Desktop/autodrive-dev/dataconnect": could not find dataconnect.yaml in `/Users/autoknerd/Desktop/autodrive-dev/dataconnect`
 {"metadata":{"emulator":{"name":"dataconnect"},"message":"E0314 08:27:49.223305     693 watch.go:40] Failed to load config from \"/Users/autoknerd/Desktop/autodrive-dev/dataconnect\": could not find dataconnect.yaml in `/Users/autoknerd/Desktop/autodrive-dev/dataconnect`\n"}}
[debug] [2026-03-14T12:27:59.223Z] E0314 08:27:59.223665     693 watch.go:40] Failed to load config from "/Users/autoknerd/Desktop/autodrive-dev/dataconnect": could not find dataconnect.yaml in `/Users/autoknerd/Desktop/autodrive-dev/dataconnect`
 {"metadata":{"emulator":{"name":"dataconnect"},"message":"E0314 08:27:59.223665     693 watch.go:40] Failed to load config from \"/Users/autoknerd/Desktop/autodrive-dev/dataconnect\": could not find dataconnect.yaml in `/Users/autoknerd/Desktop/autodrive-dev/dataconnect`\n"}}
[debug] [2026-03-14T12:28:09.223Z] E0314 08:28:09.223678     693 watch.go:40] Failed to load config from "/Users/autoknerd/Desktop/autodrive-dev/dataconnect": could not find dataconnect.yaml in `/Users/autoknerd/Desktop/autodrive-dev/dataconnect`
 {"metadata":{"emulator":{"name":"dataconnect"},"message":"E0314 08:28:09.223678     693 watch.go:40] Failed to load config from \"/Users/autoknerd/Desktop/autodrive-dev/dataconnect\": could not find dataconnect.yaml in `/Users/autoknerd/Desktop/autodrive-dev/dataconnect`\n"}}
[debug] [2026-03-14T12:28:19.223Z] E0314 08:28:19.223281     693 watch.go:40] Failed to load config from "/Users/autoknerd/Desktop/autodrive-dev/dataconnect": could not find dataconnect.yaml in `/Users/autoknerd/Desktop/autodrive-dev/dataconnect`
E0314 08:28:19.223283     693 watch.go:116] watchAllDir unable to walk dir `/Users/autoknerd/Desktop/autodrive-dev/dataconnect`: lstat /Users/autoknerd/Desktop/autodrive-dev/dataconnect: no such file or directory
 {"metadata":{"emulator":{"name":"dataconnect"},"message":"E0314 08:28:19.223281     693 watch.go:40] Failed to load config from \"/Users/autoknerd/Desktop/autodrive-dev/dataconnect\": could not find dataconnect.yaml in `/Users/autoknerd/Desktop/autodrive-dev/dataconnect`\nE0314 08:28:19.223283     693 watch.go:116] watchAllDir unable to walk dir `/Users/autoknerd/Desktop/autodrive-dev/dataconnect`: lstat /Users/autoknerd/Desktop/autodrive-dev/dataconnect: no such file or directory\n"}}
[debug] [2026-03-14T12:28:29.223Z] E0314 08:28:29.223235     693 watch.go:40] Failed to load config from "/Users/autoknerd/Desktop/autodrive-dev/dataconnect": could not find dataconnect.yaml in `/Users/autoknerd/Desktop/autodrive-dev/dataconnect`
 {"metadata":{"emulator":{"name":"dataconnect"},"message":"E0314 08:28:29.223235     693 watch.go:40] Failed to load config from \"/Users/autoknerd/Desktop/autodrive-dev/dataconnect\": could not find dataconnect.yaml in `/Users/autoknerd/Desktop/autodrive-dev/dataconnect`\n"}}
[debug] [2026-03-14T12:28:39.222Z] E0314 08:28:39.222762     693 watch.go:40] Failed to load config from "/Users/autoknerd/Desktop/autodrive-dev/dataconnect": could not find dataconnect.yaml in `/Users/autoknerd/Desktop/autodrive-dev/dataconnect`
 {"metadata":{"emulator":{"name":"dataconnect"},"message":"E0314 08:28:39.222762     693 watch.go:40] Failed to load config from \"/Users/autoknerd/Desktop/autodrive-dev/dataconnect\": could not find dataconnect.yaml in `/Users/autoknerd/Desktop/autodrive-dev/dataconnect`\n"}}
[debug] [2026-03-14T12:28:49.223Z] E0314 08:28:49.223677     693 watch.go:40] Failed to load config from "/Users/autoknerd/Desktop/autodrive-dev/dataconnect": could not find dataconnect.yaml in `/Users/autoknerd/Desktop/autodrive-dev/dataconnect`
 {"metadata":{"emulator":{"name":"dataconnect"},"message":"E0314 08:28:49.223677     693 watch.go:40] Failed to load config from \"/Users/autoknerd/Desktop/autodrive-dev/dataconnect\": could not find dataconnect.yaml in `/Users/autoknerd/Desktop/autodrive-dev/dataconnect`\n"}}
[debug] [2026-03-14T12:28:59.223Z] E0314 08:28:59.223718     693 watch.go:40] Failed to load config from "/Users/autoknerd/Desktop/autodrive-dev/dataconnect": could not find dataconnect.yaml in `/Users/autoknerd/Desktop/autodrive-dev/dataconnect`
 {"metadata":{"emulator":{"name":"dataconnect"},"message":"E0314 08:28:59.223718     693 watch.go:40] Failed to load config from \"/Users/autoknerd/Desktop/autodrive-dev/dataconnect\": could not find dataconnect.yaml in `/Users/autoknerd/Desktop/autodrive-dev/dataconnect`\n"}}
[debug] [2026-03-14T12:29:09.223Z] E0314 08:29:09.223598     693 watch.go:40] Failed to load config from "/Users/autoknerd/Desktop/autodrive-dev/dataconnect": could not find dataconnect.yaml in `/Users/autoknerd/Desktop/autodrive-dev/dataconnect`
 {"metadata":{"emulator":{"name":"dataconnect"},"message":"E0314 08:29:09.223598     693 watch.go:40] Failed to load config from \"/Users/autoknerd/Desktop/autodrive-dev/dataconnect\": could not find dataconnect.yaml in `/Users/autoknerd/Desktop/autodrive-dev/dataconnect`\n"}}
[debug] [2026-03-14T12:29:19.223Z] E0314 08:29:19.222890     693 watch.go:40] Failed to load config from "/Users/autoknerd/Desktop/autodrive-dev/dataconnect": could not find dataconnect.yaml in `/Users/autoknerd/Desktop/autodrive-dev/dataconnect`
E0314 08:29:19.222854     693 watch.go:116] watchAllDir unable to walk dir `/Users/autoknerd/Desktop/autodrive-dev/dataconnect`: lstat /Users/autoknerd/Desktop/autodrive-dev/dataconnect: no such file or directory
 {"metadata":{"emulator":{"name":"dataconnect"},"message":"E0314 08:29:19.222890     693 watch.go:40] Failed to load config from \"/Users/autoknerd/Desktop/autodrive-dev/dataconnect\": could not find dataconnect.yaml in `/Users/autoknerd/Desktop/autodrive-dev/dataconnect`\nE0314 08:29:19.222854     693 watch.go:116] watchAllDir unable to walk dir `/Users/autoknerd/Desktop/autodrive-dev/dataconnect`: lstat /Users/autoknerd/Desktop/autodrive-dev/dataconnect: no such file or directory\n"}}
[debug] [2026-03-14T12:29:29.223Z] E0314 08:29:29.223732     693 watch.go:40] Failed to load config from "/Users/autoknerd/Desktop/autodrive-dev/dataconnect": could not find dataconnect.yaml in `/Users/autoknerd/Desktop/autodrive-dev/dataconnect`
 {"metadata":{"emulator":{"name":"dataconnect"},"message":"E0314 08:29:29.223732     693 watch.go:40] Failed to load config from \"/Users/autoknerd/Desktop/autodrive-dev/dataconnect\": could not find dataconnect.yaml in `/Users/autoknerd/Desktop/autodrive-dev/dataconnect`\n"}}
[debug] [2026-03-14T12:29:39.223Z] E0314 08:29:39.223565     693 watch.go:40] Failed to load config from "/Users/autoknerd/Desktop/autodrive-dev/dataconnect": could not find dataconnect.yaml in `/Users/autoknerd/Desktop/autodrive-dev/dataconnect`
 {"metadata":{"emulator":{"name":"dataconnect"},"message":"E0314 08:29:39.223565     693 watch.go:40] Failed to load config from \"/Users/autoknerd/Desktop/autodrive-dev/dataconnect\": could not find dataconnect.yaml in `/Users/autoknerd/Desktop/autodrive-dev/dataconnect`\n"}}
[debug] [2026-03-14T12:29:49.223Z] E0314 08:29:49.223383     693 watch.go:40] Failed to load config from "/Users/autoknerd/Desktop/autodrive-dev/dataconnect": could not find dataconnect.yaml in `/Users/autoknerd/Desktop/autodrive-dev/dataconnect`
 {"metadata":{"emulator":{"name":"dataconnect"},"message":"E0314 08:29:49.223383     693 watch.go:40] Failed to load config from \"/Users/autoknerd/Desktop/autodrive-dev/dataconnect\": could not find dataconnect.yaml in `/Users/autoknerd/Desktop/autodrive-dev/dataconnect`\n"}}
[debug] [2026-03-14T12:29:59.223Z] E0314 08:29:59.223692     693 watch.go:40] Failed to load config from "/Users/autoknerd/Desktop/autodrive-dev/dataconnect": could not find dataconnect.yaml in `/Users/autoknerd/Desktop/autodrive-dev/dataconnect`
 {"metadata":{"emulator":{"name":"dataconnect"},"message":"E0314 08:29:59.223692     693 watch.go:40] Failed to load config from \"/Users/autoknerd/Desktop/autodrive-dev/dataconnect\": could not find dataconnect.yaml in `/Users/autoknerd/Desktop/autodrive-dev/dataconnect`\n"}}
[debug] [2026-03-14T12:30:09.223Z] E0314 08:30:09.223444     693 watch.go:40] Failed to load config from "/Users/autoknerd/Desktop/autodrive-dev/dataconnect": could not find dataconnect.yaml in `/Users/autoknerd/Desktop/autodrive-dev/dataconnect`
 {"metadata":{"emulator":{"name":"dataconnect"},"message":"E0314 08:30:09.223444     693 watch.go:40] Failed to load config from \"/Users/autoknerd/Desktop/autodrive-dev/dataconnect\": could not find dataconnect.yaml in `/Users/autoknerd/Desktop/autodrive-dev/dataconnect`\n"}}
[debug] [2026-03-14T12:30:19.223Z] E0314 08:30:19.223255     693 watch.go:40] Failed to load config from "/Users/autoknerd/Desktop/autodrive-dev/dataconnect": could not find dataconnect.yaml in `/Users/autoknerd/Desktop/autodrive-dev/dataconnect`
E0314 08:30:19.223249     693 watch.go:116] watchAllDir unable to walk dir `/Users/autoknerd/Desktop/autodrive-dev/dataconnect`: lstat /Users/autoknerd/Desktop/autodrive-dev/dataconnect: no such file or directory
 {"metadata":{"emulator":{"name":"dataconnect"},"message":"E0314 08:30:19.223255     693 watch.go:40] Failed to load config from \"/Users/autoknerd/Desktop/autodrive-dev/dataconnect\": could not find dataconnect.yaml in `/Users/autoknerd/Desktop/autodrive-dev/dataconnect`\nE0314 08:30:19.223249     693 watch.go:116] watchAllDir unable to walk dir `/Users/autoknerd/Desktop/autodrive-dev/dataconnect`: lstat /Users/autoknerd/Desktop/autodrive-dev/dataconnect: no such file or directory\n"}}
[debug] [2026-03-14T12:30:29.223Z] E0314 08:30:29.223664     693 watch.go:40] Failed to load config from "/Users/autoknerd/Desktop/autodrive-dev/dataconnect": could not find dataconnect.yaml in `/Users/autoknerd/Desktop/autodrive-dev/dataconnect`
 {"metadata":{"emulator":{"name":"dataconnect"},"message":"E0314 08:30:29.223664     693 watch.go:40] Failed to load config from \"/Users/autoknerd/Desktop/autodrive-dev/dataconnect\": could not find dataconnect.yaml in `/Users/autoknerd/Desktop/autodrive-dev/dataconnect`\n"}}
[debug] [2026-03-14T12:30:39.223Z] E0314 08:30:39.223086     693 watch.go:40] Failed to load config from "/Users/autoknerd/Desktop/autodrive-dev/dataconnect": could not find dataconnect.yaml in `/Users/autoknerd/Desktop/autodrive-dev/dataconnect`
 {"metadata":{"emulator":{"name":"dataconnect"},"message":"E0314 08:30:39.223086     693 watch.go:40] Failed to load config from \"/Users/autoknerd/Desktop/autodrive-dev/dataconnect\": could not find dataconnect.yaml in `/Users/autoknerd/Desktop/autodrive-dev/dataconnect`\n"}}
[debug] [2026-03-14T12:30:49.223Z] E0314 08:30:49.223405     693 watch.go:40] Failed to load config from "/Users/autoknerd/Desktop/autodrive-dev/dataconnect": could not find dataconnect.yaml in `/Users/autoknerd/Desktop/autodrive-dev/dataconnect`
 {"metadata":{"emulator":{"name":"dataconnect"},"message":"E0314 08:30:49.223405     693 watch.go:40] Failed to load config from \"/Users/autoknerd/Desktop/autodrive-dev/dataconnect\": could not find dataconnect.yaml in `/Users/autoknerd/Desktop/autodrive-dev/dataconnect`\n"}}
[debug] [2026-03-14T12:30:59.223Z] E0314 08:30:59.223587     693 watch.go:40] Failed to load config from "/Users/autoknerd/Desktop/autodrive-dev/dataconnect": could not find dataconnect.yaml in `/Users/autoknerd/Desktop/autodrive-dev/dataconnect`
 {"metadata":{"emulator":{"name":"dataconnect"},"message":"E0314 08:30:59.223587     693 watch.go:40] Failed to load config from \"/Users/autoknerd/Desktop/autodrive-dev/dataconnect\": could not find dataconnect.yaml in `/Users/autoknerd/Desktop/autodrive-dev/dataconnect`\n"}}
[debug] [2026-03-14T12:31:09.223Z] E0314 08:31:09.223233     693 watch.go:40] Failed to load config from "/Users/autoknerd/Desktop/autodrive-dev/dataconnect": could not find dataconnect.yaml in `/Users/autoknerd/Desktop/autodrive-dev/dataconnect`
 {"metadata":{"emulator":{"name":"dataconnect"},"message":"E0314 08:31:09.223233     693 watch.go:40] Failed to load config from \"/Users/autoknerd/Desktop/autodrive-dev/dataconnect\": could not find dataconnect.yaml in `/Users/autoknerd/Desktop/autodrive-dev/dataconnect`\n"}}
[debug] [2026-03-14T12:31:19.223Z] E0314 08:31:19.223278     693 watch.go:40] Failed to load config from "/Users/autoknerd/Desktop/autodrive-dev/dataconnect": could not find dataconnect.yaml in `/Users/autoknerd/Desktop/autodrive-dev/dataconnect`
E0314 08:31:19.223257     693 watch.go:116] watchAllDir unable to walk dir `/Users/autoknerd/Desktop/autodrive-dev/dataconnect`: lstat /Users/autoknerd/Desktop/autodrive-dev/dataconnect: no such file or directory
 {"metadata":{"emulator":{"name":"dataconnect"},"message":"E0314 08:31:19.223278     693 watch.go:40] Failed to load config from \"/Users/autoknerd/Desktop/autodrive-dev/dataconnect\": could not find dataconnect.yaml in `/Users/autoknerd/Desktop/autodrive-dev/dataconnect`\nE0314 08:31:19.223257     693 watch.go:116] watchAllDir unable to walk dir `/Users/autoknerd/Desktop/autodrive-dev/dataconnect`: lstat /Users/autoknerd/Desktop/autodrive-dev/dataconnect: no such file or directory\n"}}
[debug] [2026-03-14T12:31:29.223Z] E0314 08:31:29.223673     693 watch.go:40] Failed to load config from "/Users/autoknerd/Desktop/autodrive-dev/dataconnect": could not find dataconnect.yaml in `/Users/autoknerd/Desktop/autodrive-dev/dataconnect`
 {"metadata":{"emulator":{"name":"dataconnect"},"message":"E0314 08:31:29.223673     693 watch.go:40] Failed to load config from \"/Users/autoknerd/Desktop/autodrive-dev/dataconnect\": could not find dataconnect.yaml in `/Users/autoknerd/Desktop/autodrive-dev/dataconnect`\n"}}
[debug] [2026-03-14T12:31:39.223Z] E0314 08:31:39.223131     693 watch.go:40] Failed to load config from "/Users/autoknerd/Desktop/autodrive-dev/dataconnect": could not find dataconnect.yaml in `/Users/autoknerd/Desktop/autodrive-dev/dataconnect`
 {"metadata":{"emulator":{"name":"dataconnect"},"message":"E0314 08:31:39.223131     693 watch.go:40] Failed to load config from \"/Users/autoknerd/Desktop/autodrive-dev/dataconnect\": could not find dataconnect.yaml in `/Users/autoknerd/Desktop/autodrive-dev/dataconnect`\n"}}
[debug] [2026-03-14T12:31:49.222Z] E0314 08:31:49.222595     693 watch.go:40] Failed to load config from "/Users/autoknerd/Desktop/autodrive-dev/dataconnect": could not find dataconnect.yaml in `/Users/autoknerd/Desktop/autodrive-dev/dataconnect`
 {"metadata":{"emulator":{"name":"dataconnect"},"message":"E0314 08:31:49.222595     693 watch.go:40] Failed to load config from \"/Users/autoknerd/Desktop/autodrive-dev/dataconnect\": could not find dataconnect.yaml in `/Users/autoknerd/Desktop/autodrive-dev/dataconnect`\n"}}
[debug] [2026-03-14T12:31:59.223Z] E0314 08:31:59.223648     693 watch.go:40] Failed to load config from "/Users/autoknerd/Desktop/autodrive-dev/dataconnect": could not find dataconnect.yaml in `/Users/autoknerd/Desktop/autodrive-dev/dataconnect`
 {"metadata":{"emulator":{"name":"dataconnect"},"message":"E0314 08:31:59.223648     693 watch.go:40] Failed to load config from \"/Users/autoknerd/Desktop/autodrive-dev/dataconnect\": could not find dataconnect.yaml in `/Users/autoknerd/Desktop/autodrive-dev/dataconnect`\n"}}
[debug] [2026-03-14T12:32:09.222Z] E0314 08:32:09.222691     693 watch.go:40] Failed to load config from "/Users/autoknerd/Desktop/autodrive-dev/dataconnect": could not find dataconnect.yaml in `/Users/autoknerd/Desktop/autodrive-dev/dataconnect`
 {"metadata":{"emulator":{"name":"dataconnect"},"message":"E0314 08:32:09.222691     693 watch.go:40] Failed to load config from \"/Users/autoknerd/Desktop/autodrive-dev/dataconnect\": could not find dataconnect.yaml in `/Users/autoknerd/Desktop/autodrive-dev/dataconnect`\n"}}
[debug] [2026-03-14T12:32:19.223Z] E0314 08:32:19.223251     693 watch.go:40] Failed to load config from "/Users/autoknerd/Desktop/autodrive-dev/dataconnect": could not find dataconnect.yaml in `/Users/autoknerd/Desktop/autodrive-dev/dataconnect`
 {"metadata":{"emulator":{"name":"dataconnect"},"message":"E0314 08:32:19.223251     693 watch.go:40] Failed to load config from \"/Users/autoknerd/Desktop/autodrive-dev/dataconnect\": could not find dataconnect.yaml in `/Users/autoknerd/Desktop/autodrive-dev/dataconnect`\n"}}
[debug] [2026-03-14T12:32:19.223Z] E0314 08:32:19.223275     693 watch.go:116] watchAllDir unable to walk dir `/Users/autoknerd/Desktop/autodrive-dev/dataconnect`: lstat /Users/autoknerd/Desktop/autodrive-dev/dataconnect: no such file or directory
 {"metadata":{"emulator":{"name":"dataconnect"},"message":"E0314 08:32:19.223275     693 watch.go:116] watchAllDir unable to walk dir `/Users/autoknerd/Desktop/autodrive-dev/dataconnect`: lstat /Users/autoknerd/Desktop/autodrive-dev/dataconnect: no such file or directory\n"}}
[debug] [2026-03-14T12:32:29.223Z] E0314 08:32:29.223724     693 watch.go:40] Failed to load config from "/Users/autoknerd/Desktop/autodrive-dev/dataconnect": could not find dataconnect.yaml in `/Users/autoknerd/Desktop/autodrive-dev/dataconnect`
 {"metadata":{"emulator":{"name":"dataconnect"},"message":"E0314 08:32:29.223724     693 watch.go:40] Failed to load config from \"/Users/autoknerd/Desktop/autodrive-dev/dataconnect\": could not find dataconnect.yaml in `/Users/autoknerd/Desktop/autodrive-dev/dataconnect`\n"}}
[debug] [2026-03-14T12:32:39.223Z] E0314 08:32:39.223238     693 watch.go:40] Failed to load config from "/Users/autoknerd/Desktop/autodrive-dev/dataconnect": could not find dataconnect.yaml in `/Users/autoknerd/Desktop/autodrive-dev/dataconnect`
 {"metadata":{"emulator":{"name":"dataconnect"},"message":"E0314 08:32:39.223238     693 watch.go:40] Failed to load config from \"/Users/autoknerd/Desktop/autodrive-dev/dataconnect\": could not find dataconnect.yaml in `/Users/autoknerd/Desktop/autodrive-dev/dataconnect`\n"}}
[debug] [2026-03-14T12:32:49.223Z] E0314 08:32:49.223289     693 watch.go:40] Failed to load config from "/Users/autoknerd/Desktop/autodrive-dev/dataconnect": could not find dataconnect.yaml in `/Users/autoknerd/Desktop/autodrive-dev/dataconnect`
 {"metadata":{"emulator":{"name":"dataconnect"},"message":"E0314 08:32:49.223289     693 watch.go:40] Failed to load config from \"/Users/autoknerd/Desktop/autodrive-dev/dataconnect\": could not find dataconnect.yaml in `/Users/autoknerd/Desktop/autodrive-dev/dataconnect`\n"}}
[debug] [2026-03-14T12:32:59.223Z] E0314 08:32:59.222775     693 watch.go:40] Failed to load config from "/Users/autoknerd/Desktop/autodrive-dev/dataconnect": could not find dataconnect.yaml in `/Users/autoknerd/Desktop/autodrive-dev/dataconnect`
 {"metadata":{"emulator":{"name":"dataconnect"},"message":"E0314 08:32:59.222775     693 watch.go:40] Failed to load config from \"/Users/autoknerd/Desktop/autodrive-dev/dataconnect\": could not find dataconnect.yaml in `/Users/autoknerd/Desktop/autodrive-dev/dataconnect`\n"}}
[debug] [2026-03-14T12:33:09.223Z] E0314 08:33:09.223307     693 watch.go:40] Failed to load config from "/Users/autoknerd/Desktop/autodrive-dev/dataconnect": could not find dataconnect.yaml in `/Users/autoknerd/Desktop/autodrive-dev/dataconnect`
 {"metadata":{"emulator":{"name":"dataconnect"},"message":"E0314 08:33:09.223307     693 watch.go:40] Failed to load config from \"/Users/autoknerd/Desktop/autodrive-dev/dataconnect\": could not find dataconnect.yaml in `/Users/autoknerd/Desktop/autodrive-dev/dataconnect`\n"}}
[debug] [2026-03-14T12:33:19.223Z] E0314 08:33:19.223357     693 watch.go:116] watchAllDir unable to walk dir `/Users/autoknerd/Desktop/autodrive-dev/dataconnect`: lstat /Users/autoknerd/Desktop/autodrive-dev/dataconnect: no such file or directory
E0314 08:33:19.223397     693 watch.go:40] Failed to load config from "/Users/autoknerd/Desktop/autodrive-dev/dataconnect": could not find dataconnect.yaml in `/Users/autoknerd/Desktop/autodrive-dev/dataconnect`
 {"metadata":{"emulator":{"name":"dataconnect"},"message":"E0314 08:33:19.223357     693 watch.go:116] watchAllDir unable to walk dir `/Users/autoknerd/Desktop/autodrive-dev/dataconnect`: lstat /Users/autoknerd/Desktop/autodrive-dev/dataconnect: no such file or directory\nE0314 08:33:19.223397     693 watch.go:40] Failed to load config from \"/Users/autoknerd/Desktop/autodrive-dev/dataconnect\": could not find dataconnect.yaml in `/Users/autoknerd/Desktop/autodrive-dev/dataconnect`\n"}}
[debug] [2026-03-14T12:33:29.223Z] E0314 08:33:29.223312     693 watch.go:40] Failed to load config from "/Users/autoknerd/Desktop/autodrive-dev/dataconnect": could not find dataconnect.yaml in `/Users/autoknerd/Desktop/autodrive-dev/dataconnect`
 {"metadata":{"emulator":{"name":"dataconnect"},"message":"E0314 08:33:29.223312     693 watch.go:40] Failed to load config from \"/Users/autoknerd/Desktop/autodrive-dev/dataconnect\": could not find dataconnect.yaml in `/Users/autoknerd/Desktop/autodrive-dev/dataconnect`\n"}}
[debug] [2026-03-14T12:33:39.223Z] E0314 08:33:39.223344     693 watch.go:40] Failed to load config from "/Users/autoknerd/Desktop/autodrive-dev/dataconnect": could not find dataconnect.yaml in `/Users/autoknerd/Desktop/autodrive-dev/dataconnect`
 {"metadata":{"emulator":{"name":"dataconnect"},"message":"E0314 08:33:39.223344     693 watch.go:40] Failed to load config from \"/Users/autoknerd/Desktop/autodrive-dev/dataconnect\": could not find dataconnect.yaml in `/Users/autoknerd/Desktop/autodrive-dev/dataconnect`\n"}}
[debug] [2026-03-14T12:33:49.223Z] E0314 08:33:49.223297     693 watch.go:40] Failed to load config from "/Users/autoknerd/Desktop/autodrive-dev/dataconnect": could not find dataconnect.yaml in `/Users/autoknerd/Desktop/autodrive-dev/dataconnect`
 {"metadata":{"emulator":{"name":"dataconnect"},"message":"E0314 08:33:49.223297     693 watch.go:40] Failed to load config from \"/Users/autoknerd/Desktop/autodrive-dev/dataconnect\": could not find dataconnect.yaml in `/Users/autoknerd/Desktop/autodrive-dev/dataconnect`\n"}}
[debug] [2026-03-14T12:33:59.223Z] E0314 08:33:59.223620     693 watch.go:40] Failed to load config from "/Users/autoknerd/Desktop/autodrive-dev/dataconnect": could not find dataconnect.yaml in `/Users/autoknerd/Desktop/autodrive-dev/dataconnect`
 {"metadata":{"emulator":{"name":"dataconnect"},"message":"E0314 08:33:59.223620     693 watch.go:40] Failed to load config from \"/Users/autoknerd/Desktop/autodrive-dev/dataconnect\": could not find dataconnect.yaml in `/Users/autoknerd/Desktop/autodrive-dev/dataconnect`\n"}}
[debug] [2026-03-14T12:34:09.223Z] E0314 08:34:09.223656     693 watch.go:40] Failed to load config from "/Users/autoknerd/Desktop/autodrive-dev/dataconnect": could not find dataconnect.yaml in `/Users/autoknerd/Desktop/autodrive-dev/dataconnect`
 {"metadata":{"emulator":{"name":"dataconnect"},"message":"E0314 08:34:09.223656     693 watch.go:40] Failed to load config from \"/Users/autoknerd/Desktop/autodrive-dev/dataconnect\": could not find dataconnect.yaml in `/Users/autoknerd/Desktop/autodrive-dev/dataconnect`\n"}}
[debug] [2026-03-14T12:34:19.223Z] E0314 08:34:19.223362     693 watch.go:40] Failed to load config from "/Users/autoknerd/Desktop/autodrive-dev/dataconnect": could not find dataconnect.yaml in `/Users/autoknerd/Desktop/autodrive-dev/dataconnect`
E0314 08:34:19.223322     693 watch.go:116] watchAllDir unable to walk dir `/Users/autoknerd/Desktop/autodrive-dev/dataconnect`: lstat /Users/autoknerd/Desktop/autodrive-dev/dataconnect: no such file or directory
 {"metadata":{"emulator":{"name":"dataconnect"},"message":"E0314 08:34:19.223362     693 watch.go:40] Failed to load config from \"/Users/autoknerd/Desktop/autodrive-dev/dataconnect\": could not find dataconnect.yaml in `/Users/autoknerd/Desktop/autodrive-dev/dataconnect`\nE0314 08:34:19.223322     693 watch.go:116] watchAllDir unable to walk dir `/Users/autoknerd/Desktop/autodrive-dev/dataconnect`: lstat /Users/autoknerd/Desktop/autodrive-dev/dataconnect: no such file or directory\n"}}
[debug] [2026-03-14T12:34:29.223Z] E0314 08:34:29.223571     693 watch.go:40] Failed to load config from "/Users/autoknerd/Desktop/autodrive-dev/dataconnect": could not find dataconnect.yaml in `/Users/autoknerd/Desktop/autodrive-dev/dataconnect`
 {"metadata":{"emulator":{"name":"dataconnect"},"message":"E0314 08:34:29.223571     693 watch.go:40] Failed to load config from \"/Users/autoknerd/Desktop/autodrive-dev/dataconnect\": could not find dataconnect.yaml in `/Users/autoknerd/Desktop/autodrive-dev/dataconnect`\n"}}
[debug] [2026-03-14T12:34:39.223Z] E0314 08:34:39.223292     693 watch.go:40] Failed to load config from "/Users/autoknerd/Desktop/autodrive-dev/dataconnect": could not find dataconnect.yaml in `/Users/autoknerd/Desktop/autodrive-dev/dataconnect`
 {"metadata":{"emulator":{"name":"dataconnect"},"message":"E0314 08:34:39.223292     693 watch.go:40] Failed to load config from \"/Users/autoknerd/Desktop/autodrive-dev/dataconnect\": could not find dataconnect.yaml in `/Users/autoknerd/Desktop/autodrive-dev/dataconnect`\n"}}
[debug] [2026-03-14T12:34:49.223Z] E0314 08:34:49.223373     693 watch.go:40] Failed to load config from "/Users/autoknerd/Desktop/autodrive-dev/dataconnect": could not find dataconnect.yaml in `/Users/autoknerd/Desktop/autodrive-dev/dataconnect`
 {"metadata":{"emulator":{"name":"dataconnect"},"message":"E0314 08:34:49.223373     693 watch.go:40] Failed to load config from \"/Users/autoknerd/Desktop/autodrive-dev/dataconnect\": could not find dataconnect.yaml in `/Users/autoknerd/Desktop/autodrive-dev/dataconnect`\n"}}
[debug] [2026-03-14T12:34:59.223Z] E0314 08:34:59.223181     693 watch.go:40] Failed to load config from "/Users/autoknerd/Desktop/autodrive-dev/dataconnect": could not find dataconnect.yaml in `/Users/autoknerd/Desktop/autodrive-dev/dataconnect`
 {"metadata":{"emulator":{"name":"dataconnect"},"message":"E0314 08:34:59.223181     693 watch.go:40] Failed to load config from \"/Users/autoknerd/Desktop/autodrive-dev/dataconnect\": could not find dataconnect.yaml in `/Users/autoknerd/Desktop/autodrive-dev/dataconnect`\n"}}
[debug] [2026-03-14T12:35:09.223Z] E0314 08:35:09.223304     693 watch.go:40] Failed to load config from "/Users/autoknerd/Desktop/autodrive-dev/dataconnect": could not find dataconnect.yaml in `/Users/autoknerd/Desktop/autodrive-dev/dataconnect`
 {"metadata":{"emulator":{"name":"dataconnect"},"message":"E0314 08:35:09.223304     693 watch.go:40] Failed to load config from \"/Users/autoknerd/Desktop/autodrive-dev/dataconnect\": could not find dataconnect.yaml in `/Users/autoknerd/Desktop/autodrive-dev/dataconnect`\n"}}
[debug] [2026-03-14T12:35:19.223Z] E0314 08:35:19.223207     693 watch.go:40] Failed to load config from "/Users/autoknerd/Desktop/autodrive-dev/dataconnect": could not find dataconnect.yaml in `/Users/autoknerd/Desktop/autodrive-dev/dataconnect`
E0314 08:35:19.223197     693 watch.go:116] watchAllDir unable to walk dir `/Users/autoknerd/Desktop/autodrive-dev/dataconnect`: lstat /Users/autoknerd/Desktop/autodrive-dev/dataconnect: no such file or directory
 {"metadata":{"emulator":{"name":"dataconnect"},"message":"E0314 08:35:19.223207     693 watch.go:40] Failed to load config from \"/Users/autoknerd/Desktop/autodrive-dev/dataconnect\": could not find dataconnect.yaml in `/Users/autoknerd/Desktop/autodrive-dev/dataconnect`\nE0314 08:35:19.223197     693 watch.go:116] watchAllDir unable to walk dir `/Users/autoknerd/Desktop/autodrive-dev/dataconnect`: lstat /Users/autoknerd/Desktop/autodrive-dev/dataconnect: no such file or directory\n"}}
[debug] [2026-03-14T12:35:29.223Z] E0314 08:35:29.223260     693 watch.go:40] Failed to load config from "/Users/autoknerd/Desktop/autodrive-dev/dataconnect": could not find dataconnect.yaml in `/Users/autoknerd/Desktop/autodrive-dev/dataconnect`
 {"metadata":{"emulator":{"name":"dataconnect"},"message":"E0314 08:35:29.223260     693 watch.go:40] Failed to load config from \"/Users/autoknerd/Desktop/autodrive-dev/dataconnect\": could not find dataconnect.yaml in `/Users/autoknerd/Desktop/autodrive-dev/dataconnect`\n"}}
[debug] [2026-03-14T12:35:39.223Z] E0314 08:35:39.223178     693 watch.go:40] Failed to load config from "/Users/autoknerd/Desktop/autodrive-dev/dataconnect": could not find dataconnect.yaml in `/Users/autoknerd/Desktop/autodrive-dev/dataconnect`
 {"metadata":{"emulator":{"name":"dataconnect"},"message":"E0314 08:35:39.223178     693 watch.go:40] Failed to load config from \"/Users/autoknerd/Desktop/autodrive-dev/dataconnect\": could not find dataconnect.yaml in `/Users/autoknerd/Desktop/autodrive-dev/dataconnect`\n"}}
[debug] [2026-03-14T12:35:49.223Z] E0314 08:35:49.223382     693 watch.go:40] Failed to load config from "/Users/autoknerd/Desktop/autodrive-dev/dataconnect": could not find dataconnect.yaml in `/Users/autoknerd/Desktop/autodrive-dev/dataconnect`
 {"metadata":{"emulator":{"name":"dataconnect"},"message":"E0314 08:35:49.223382     693 watch.go:40] Failed to load config from \"/Users/autoknerd/Desktop/autodrive-dev/dataconnect\": could not find dataconnect.yaml in `/Users/autoknerd/Desktop/autodrive-dev/dataconnect`\n"}}
[debug] [2026-03-14T12:35:59.224Z] E0314 08:35:59.224446     693 watch.go:40] Failed to load config from "/Users/autoknerd/Desktop/autodrive-dev/dataconnect": could not find dataconnect.yaml in `/Users/autoknerd/Desktop/autodrive-dev/dataconnect`
 {"metadata":{"emulator":{"name":"dataconnect"},"message":"E0314 08:35:59.224446     693 watch.go:40] Failed to load config from \"/Users/autoknerd/Desktop/autodrive-dev/dataconnect\": could not find dataconnect.yaml in `/Users/autoknerd/Desktop/autodrive-dev/dataconnect`\n"}}
[debug] [2026-03-14T12:36:09.223Z] E0314 08:36:09.223587     693 watch.go:40] Failed to load config from "/Users/autoknerd/Desktop/autodrive-dev/dataconnect": could not find dataconnect.yaml in `/Users/autoknerd/Desktop/autodrive-dev/dataconnect`
 {"metadata":{"emulator":{"name":"dataconnect"},"message":"E0314 08:36:09.223587     693 watch.go:40] Failed to load config from \"/Users/autoknerd/Desktop/autodrive-dev/dataconnect\": could not find dataconnect.yaml in `/Users/autoknerd/Desktop/autodrive-dev/dataconnect`\n"}}
[debug] [2026-03-14T12:36:19.223Z] E0314 08:36:19.223228     693 watch.go:40] Failed to load config from "/Users/autoknerd/Desktop/autodrive-dev/dataconnect": could not find dataconnect.yaml in `/Users/autoknerd/Desktop/autodrive-dev/dataconnect`
E0314 08:36:19.223209     693 watch.go:116] watchAllDir unable to walk dir `/Users/autoknerd/Desktop/autodrive-dev/dataconnect`: lstat /Users/autoknerd/Desktop/autodrive-dev/dataconnect: no such file or directory
 {"metadata":{"emulator":{"name":"dataconnect"},"message":"E0314 08:36:19.223228     693 watch.go:40] Failed to load config from \"/Users/autoknerd/Desktop/autodrive-dev/dataconnect\": could not find dataconnect.yaml in `/Users/autoknerd/Desktop/autodrive-dev/dataconnect`\nE0314 08:36:19.223209     693 watch.go:116] watchAllDir unable to walk dir `/Users/autoknerd/Desktop/autodrive-dev/dataconnect`: lstat /Users/autoknerd/Desktop/autodrive-dev/dataconnect: no such file or directory\n"}}
[debug] [2026-03-14T12:36:29.224Z] E0314 08:36:29.224215     693 watch.go:40] Failed to load config from "/Users/autoknerd/Desktop/autodrive-dev/dataconnect": could not find dataconnect.yaml in `/Users/autoknerd/Desktop/autodrive-dev/dataconnect`
 {"metadata":{"emulator":{"name":"dataconnect"},"message":"E0314 08:36:29.224215     693 watch.go:40] Failed to load config from \"/Users/autoknerd/Desktop/autodrive-dev/dataconnect\": could not find dataconnect.yaml in `/Users/autoknerd/Desktop/autodrive-dev/dataconnect`\n"}}
[debug] [2026-03-14T12:36:39.223Z] E0314 08:36:39.223017     693 watch.go:40] Failed to load config from "/Users/autoknerd/Desktop/autodrive-dev/dataconnect": could not find dataconnect.yaml in `/Users/autoknerd/Desktop/autodrive-dev/dataconnect`
 {"metadata":{"emulator":{"name":"dataconnect"},"message":"E0314 08:36:39.223017     693 watch.go:40] Failed to load config from \"/Users/autoknerd/Desktop/autodrive-dev/dataconnect\": could not find dataconnect.yaml in `/Users/autoknerd/Desktop/autodrive-dev/dataconnect`\n"}}
[debug] [2026-03-14T12:36:49.222Z] E0314 08:36:49.222578     693 watch.go:40] Failed to load config from "/Users/autoknerd/Desktop/autodrive-dev/dataconnect": could not find dataconnect.yaml in `/Users/autoknerd/Desktop/autodrive-dev/dataconnect`
 {"metadata":{"emulator":{"name":"dataconnect"},"message":"E0314 08:36:49.222578     693 watch.go:40] Failed to load config from \"/Users/autoknerd/Desktop/autodrive-dev/dataconnect\": could not find dataconnect.yaml in `/Users/autoknerd/Desktop/autodrive-dev/dataconnect`\n"}}
[debug] [2026-03-14T12:36:59.223Z] E0314 08:36:59.223343     693 watch.go:40] Failed to load config from "/Users/autoknerd/Desktop/autodrive-dev/dataconnect": could not find dataconnect.yaml in `/Users/autoknerd/Desktop/autodrive-dev/dataconnect`
 {"metadata":{"emulator":{"name":"dataconnect"},"message":"E0314 08:36:59.223343     693 watch.go:40] Failed to load config from \"/Users/autoknerd/Desktop/autodrive-dev/dataconnect\": could not find dataconnect.yaml in `/Users/autoknerd/Desktop/autodrive-dev/dataconnect`\n"}}
[debug] [2026-03-14T12:37:09.223Z] E0314 08:37:09.223652     693 watch.go:40] Failed to load config from "/Users/autoknerd/Desktop/autodrive-dev/dataconnect": could not find dataconnect.yaml in `/Users/autoknerd/Desktop/autodrive-dev/dataconnect`
 {"metadata":{"emulator":{"name":"dataconnect"},"message":"E0314 08:37:09.223652     693 watch.go:40] Failed to load config from \"/Users/autoknerd/Desktop/autodrive-dev/dataconnect\": could not find dataconnect.yaml in `/Users/autoknerd/Desktop/autodrive-dev/dataconnect`\n"}}
[debug] [2026-03-14T12:37:19.223Z] E0314 08:37:19.222818     693 watch.go:116] watchAllDir unable to walk dir `/Users/autoknerd/Desktop/autodrive-dev/dataconnect`: lstat /Users/autoknerd/Desktop/autodrive-dev/dataconnect: no such file or directory
 {"metadata":{"emulator":{"name":"dataconnect"},"message":"E0314 08:37:19.222818     693 watch.go:116] watchAllDir unable to walk dir `/Users/autoknerd/Desktop/autodrive-dev/dataconnect`: lstat /Users/autoknerd/Desktop/autodrive-dev/dataconnect: no such file or directory\n"}}
[debug] [2026-03-14T12:37:19.224Z] E0314 08:37:19.223067     693 watch.go:40] Failed to load config from "/Users/autoknerd/Desktop/autodrive-dev/dataconnect": could not find dataconnect.yaml in `/Users/autoknerd/Desktop/autodrive-dev/dataconnect`
 {"metadata":{"emulator":{"name":"dataconnect"},"message":"E0314 08:37:19.223067     693 watch.go:40] Failed to load config from \"/Users/autoknerd/Desktop/autodrive-dev/dataconnect\": could not find dataconnect.yaml in `/Users/autoknerd/Desktop/autodrive-dev/dataconnect`\n"}}
